{"stats":{"minecraft:dropped":{"minecraft:bread":5,"alexsmobs:maggot":2,"minecraft:wheat_seeds":4,"minecraft:stone_pickaxe":1,"minecraft:wooden_pickaxe":2},"minecraft:picked_up":{"biomesoplenty:lavender":1,"minecraft:azure_bluet":2,"minecraft:crafting_table":4,"ecologics:walnut":4,"minecraft:feather":2,"minecraft:light_blue_concrete":5,"minecraft:chicken":1,"minecraft:leather":1,"minecraft:wooden_pickaxe":1,"minecraft:string":1,"minecraft:orange_concrete":4,"minecraft:bone":4,"minecraft:chipped_anvil":1,"ecologics:walnut_sapling":5,"minecraft:wheat_seeds":7,"minecraft:candle":1,"minecraft:iron_ingot":29,"minecraft:stone_pickaxe":1,"minecraft:beef":2,"spelunkery:dust":1,"minecraft:poppy":1,"minecraft:oak_planks":5,"immersive_weathering:tallow":7,"minecraft:iron_boots":1,"minecraft:furnace":1,"iceandfire:chared_stone":2,"minecraft:raw_iron":32,"minecraft:stick":4,"ecologics:walnut_log":5,"minecraft:yellow_concrete":6,"minecraft:lime_concrete":5,"minecraft:torch":17,"minecraft:dandelion":1,"minecraft:oak_pressure_plate":1,"minecraft:gravel":3,"minecraft:cherry_log":12,"minecraft:blast_furnace":1,"minecraft:diorite":1,"minecraft:barrel":5,"iceandfire:chared_cobblestone":1,"minecraft:tnt":1,"minecraft:rotten_flesh":1,"minecraft:gray_wool":1,"minecraft:bread":17,"alexsmobs:maggot":2,"supplementaries:ash":9,"minecraft:red_concrete":3,"minecraft:mutton":3,"minecraft:coal":52,"minecraft:white_wool":1,"minecraft:cobblestone":76},"minecraft:killed_by":{"alexsmobs:crocodile":1,"iceandfire:cyclops":1,"minecraft:skeleton":2,"minecraft:creeper":1,"iceandfire:ghost":2},"minecraft:used":{"minecraft:stone_sword":7,"minecraft:orange_concrete":4,"minecraft:red_concrete":3,"minecraft:stone_pickaxe":104,"minecraft:poppy":1,"minecraft:wooden_pickaxe":59,"minecraft:torch":4,"minecraft:light_blue_concrete":5,"minecraft:crafting_table":6,"minecraft:yellow_concrete":6,"betterarcheology:archeology_table":1,"minecraft:azure_bluet":2,"minecraft:diamond_pickaxe":18,"minecraft:bread":6,"minecraft:iron_pickaxe":3,"minecraft:iron_boots":1,"minecraft:gravel":1,"minecraft:stone_axe":91,"minecraft:cobblestone":6,"minecraft:lime_concrete":5,"minecraft:furnace":1,"ecologics:walnut":4,"alexsmobs:animal_dictionary":1,"minecraft:cooked_beef":2,"minecraft:dandelion":1,"minecraft:iron_leggings":1},"minecraft:mined":{"minecraft:light_blue_concrete":4,"minecraft:cherry_log":12,"minecraft:dandelion":1,"minecraft:crafting_table":4,"minecraft:blast_furnace":1,"ecologics:walnut_leaves":1,"minecraft:cobblestone":3,"minecraft:tall_grass":20,"biomesoplenty:sprout":6,"minecraft:red_concrete":2,"minecraft:oak_planks":5,"spelunkery:dust":1,"supplementaries:urn":6,"minecraft:orange_concrete":3,"farmersdelight:wild_onions":1,"minecraft:furnace":1,"minecraft:iron_ore":31,"minecraft:barrel":5,"biomesoplenty:lavender":2,"minecraft:lime_concrete":4,"minecraft:tnt":1,"minecraft:azure_bluet":1,"minecraft:grass":91,"biomesoplenty:clover":7,"minecraft:coal_ore":52,"minecraft:vine":2,"minecraft:gravel":3,"minecraft:yellow_concrete":5,"ecologics:walnut_log":5,"minecraft:stone":67,"minecraft:chipped_anvil":1},"minecraft:crafted":{"minecraft:cooked_beef":2,"minecraft:cherry_planks":6,"minecraft:crafting_table":4,"minecraft:cooked_chicken":1,"minecraft:wooden_pickaxe":2,"minecraft:iron_helmet":1,"ecologics:walnut_planks":5,"minecraft:furnace":1,"minecraft:stone_axe":3,"minecraft:cooked_mutton":3,"minecraft:air":66,"minecraft:iron_chestplate":1,"minecraft:stick":11,"minecraft:iron_pickaxe":1,"minecraft:stone_pickaxe":2,"minecraft:stone_sword":2,"minecraft:iron_leggings":1},"minecraft:killed":{"minecraft:iron_golem":2,"minecraft:sheep":4,"minecraft:chicken":2,"minecraft:cow":6},"minecraft:custom":{"minecraft:interact_with_furnace":7,"minecraft:mob_kills":7,"minecraft:interact_with_cartography_table":1,"minecraft:interact_with_crafting_table":15,"minecraft:open_barrel":14,"minecraft:eat_cake_slice":7,"minecraft:leave_game":2,"minecraft:time_since_death":15384,"minecraft:sleep_in_bed":1,"minecraft:time_since_rest":15415,"minecraft:sprint_one_cm":209384,"minecraft:damage_taken":2883,"minecraft:walk_one_cm":173290,"minecraft:trigger_trapped_chest":4,"minecraft:drop":13,"minecraft:damage_dealt":2026,"minecraft:talked_to_villager":1,"minecraft:damage_dealt_absorbed":80,"minecraft:swim_one_cm":5912,"minecraft:fly_one_cm":484905,"minecraft:open_chest":11,"minecraft:crouch_one_cm":6015,"minecraft:play_time":89176,"minecraft:deaths":8,"minecraft:sneak_time":2377,"minecraft:walk_under_water_one_cm":492,"minecraft:jump":2311,"minecraft:interact_with_blast_furnace":3,"minecraft:walk_on_water_one_cm":3809,"minecraft:total_world_time":89176,"minecraft:fall_one_cm":108212}},"DataVersion":3465}