{"stats":{"minecraft:picked_up":{"minecraft:crafting_table":5,"minecraft:wheat":1,"minecraft:azure_bluet":6,"minecraft:light_blue_concrete":5,"minecraft:chicken":1,"minecraft:wooden_pickaxe":1,"minecraft:wither_rose":1,"minecraft:cornflower":1,"minecraft:string":2,"minecraft:orange_concrete":4,"ecologics:walnut_sapling":5,"minecraft:candle":1,"biomesoplenty:black_sand":1,"minecraft:beef":2,"minecraft:poppy":2,"minecraft:iron_boots":1,"minecraft:furnace":1,"minecraft:stick":4,"minecraft:raw_iron":32,"ecologics:walnut_log":5,"minecraft:torch":17,"minecraft:porkchop":6,"minecraft:cherry_log":12,"minecraft:diorite":1,"minecraft:tnt":1,"minecraft:rotten_flesh":6,"minecraft:hay_block":41,"supplementaries:ash":9,"minecraft:mutton":5,"minecraft:skeleton_skull":2,"minecraft:white_wool":1,"minecraft:cobblestone":76,"biomesoplenty:lavender":1,"ecologics:walnut":4,"minecraft:feather":2,"minecraft:basalt":2,"minecraft:leather":1,"minecraft:oak_log":5,"minecraft:dirt":1,"minecraft:chipped_anvil":1,"minecraft:bone":6,"minecraft:wheat_seeds":11,"spelunkery:dust":1,"minecraft:iron_ingot":34,"minecraft:stone_pickaxe":1,"minecraft:oak_planks":8,"immersive_weathering:tallow":12,"iceandfire:chared_stone":2,"minecraft:yellow_concrete":6,"minecraft:lime_concrete":5,"minecraft:dandelion":2,"minecraft:oak_pressure_plate":1,"minecraft:gravel":3,"minecraft:blast_furnace":1,"minecraft:barrel":5,"iceandfire:chared_cobblestone":1,"minecraft:gray_wool":1,"minecraft:bread":17,"alexsmobs:maggot":2,"minecraft:oak_sapling":3,"minecraft:black_wool":1,"minecraft:red_concrete":3,"minecraft:coal":52},"minecraft:dropped":{"minecraft:bread":5,"minecraft:wheat_seeds":8,"minecraft:cornflower":1,"minecraft:sunflower":1,"minecraft:dandelion":1,"alexsmobs:maggot":2,"minecraft:rotten_flesh":17,"minecraft:azure_bluet":4,"minecraft:poppy":1,"minecraft:hay_block":21,"minecraft:basalt":1,"minecraft:stone_pickaxe":1,"minecraft:wooden_pickaxe":2,"minecraft:black_wool":1},"minecraft:killed_by":{"minecraft:player":1,"iceandfire:cyclops":1,"minecraft:creeper":2,"alexsmobs:bison":1,"alexsmobs:crocodile":1,"minecraft:skeleton":2,"iceandfire:ghost":4},"minecraft:used":{"minecraft:stone_sword":7,"minecraft:orange_concrete":4,"minecraft:red_concrete":3,"minecraft:poppy":1,"minecraft:shield":4,"minecraft:iron_sword":19,"minecraft:stone_hoe":54,"minecraft:torch":4,"minecraft:dirt":1,"betterarcheology:archeology_table":1,"minecraft:azure_bluet":2,"minecraft:iron_axe":23,"minecraft:iron_boots":1,"minecraft:basalt":1,"minecraft:lime_concrete":5,"minecraft:oak_sapling":3,"minecraft:furnace":1,"ecologics:walnut":4,"minecraft:cooked_beef":2,"minecraft:iron_leggings":1,"minecraft:stone_pickaxe":104,"minecraft:oak_planks":3,"minecraft:wooden_pickaxe":59,"minecraft:light_blue_concrete":5,"minecraft:crafting_table":7,"minecraft:yellow_concrete":6,"minecraft:diamond_pickaxe":18,"minecraft:bread":20,"minecraft:iron_pickaxe":4,"minecraft:gravel":1,"minecraft:stone_axe":100,"minecraft:cobblestone":6,"alexsmobs:animal_dictionary":1,"minecraft:dandelion":1},"minecraft:mined":{"minecraft:light_blue_concrete":4,"minecraft:cherry_log":12,"minecraft:jungle_leaves":1,"minecraft:grass_block":1,"spelunkery:dust":1,"minecraft:hay_block":43,"minecraft:orange_concrete":3,"farmersdelight:wild_onions":1,"minecraft:furnace":1,"minecraft:iron_ore":31,"minecraft:barrel":5,"biomesoplenty:lavender":2,"minecraft:azure_bluet":2,"minecraft:vine":4,"ecologics:walnut_log":5,"minecraft:stone":67,"minecraft:basalt":1,"biomesoplenty:black_sand":1,"minecraft:dandelion":2,"minecraft:crafting_table":5,"minecraft:cornflower":1,"minecraft:blast_furnace":1,"ecologics:walnut_leaves":1,"minecraft:cobblestone":3,"minecraft:tall_grass":22,"biomesoplenty:sprout":7,"biomesoplenty:huge_clover_petal":2,"minecraft:red_concrete":2,"minecraft:oak_planks":9,"minecraft:skeleton_skull":2,"supplementaries:urn":6,"minecraft:lime_concrete":4,"minecraft:tnt":1,"minecraft:wither_rose":1,"minecraft:grass":107,"biomesoplenty:clover":30,"minecraft:oak_log":5,"minecraft:coal_ore":52,"minecraft:yellow_concrete":5,"minecraft:gravel":3,"minecraft:cobweb":1,"minecraft:oak_leaves":5,"minecraft:chipped_anvil":1,"minecraft:fern":6},"minecraft:crafted":{"minecraft:cherry_planks":6,"minecraft:oak_planks":5,"ecologics:walnut_planks":5,"minecraft:cooked_chicken":1,"minecraft:furnace":1,"minecraft:cooked_mutton":3,"minecraft:iron_axe":1,"minecraft:stone_pickaxe":2,"minecraft:stone_hoe":1,"minecraft:cooked_beef":2,"minecraft:crafting_table":5,"minecraft:wooden_pickaxe":2,"minecraft:iron_helmet":1,"minecraft:iron_sword":1,"minecraft:stone_axe":3,"minecraft:air":97,"minecraft:iron_chestplate":1,"minecraft:shield":1,"minecraft:stick":13,"minecraft:iron_pickaxe":1,"minecraft:stone_sword":2,"minecraft:iron_leggings":1},"minecraft:killed":{"minecraft:skeleton":2,"minecraft:chicken":2,"minecraft:pig":4,"minecraft:iron_golem":6,"minecraft:sheep":6,"minecraft:zombie":4,"eidolon:zombie_brute":2,"minecraft:cow":6},"minecraft:custom":{"minecraft:mob_kills":16,"minecraft:interact_with_crafting_table":19,"minecraft:open_barrel":14,"minecraft:eat_cake_slice":7,"minecraft:leave_game":3,"minecraft:time_since_death":2520,"minecraft:climb_one_cm":231,"minecraft:sprint_one_cm":327120,"minecraft:walk_one_cm":223017,"minecraft:damage_blocked_by_shield":142,"minecraft:drop":35,"minecraft:damage_dealt_absorbed":80,"minecraft:talked_to_villager":3,"minecraft:play_time":124893,"minecraft:deaths":13,"minecraft:sneak_time":2450,"minecraft:walk_under_water_one_cm":684,"minecraft:jump":3891,"minecraft:interact_with_blast_furnace":3,"minecraft:walk_on_water_one_cm":8397,"minecraft:total_world_time":124893,"minecraft:interact_with_furnace":7,"minecraft:interact_with_cartography_table":1,"minecraft:sleep_in_bed":2,"minecraft:time_since_rest":2689,"minecraft:damage_taken":4688,"minecraft:trigger_trapped_chest":5,"minecraft:damage_dealt":4175,"minecraft:swim_one_cm":12616,"minecraft:fly_one_cm":852965,"minecraft:open_chest":17,"minecraft:crouch_one_cm":6180,"minecraft:fall_one_cm":169331}},"DataVersion":3465}