{"stats":{"minecraft:dropped":{"minecraft:wheat_seeds":1},"minecraft:picked_up":{"minecraft:raw_iron":7,"minecraft:crafting_table":1,"minecraft:light_blue_concrete":5,"minecraft:yellow_concrete":6,"minecraft:torch":8,"minecraft:lime_concrete":5,"minecraft:cherry_log":6,"minecraft:orange_concrete":4,"minecraft:wheat_seeds":2,"supplementaries:ash":4,"minecraft:red_concrete":3,"minecraft:coal":9,"minecraft:cobblestone":27},"minecraft:used":{"minecraft:diamond_pickaxe":18,"minecraft:orange_concrete":4,"minecraft:red_concrete":3,"minecraft:stone_pickaxe":20,"minecraft:wooden_pickaxe":23,"minecraft:stone_axe":3,"minecraft:lime_concrete":5,"minecraft:light_blue_concrete":5,"minecraft:crafting_table":1,"minecraft:yellow_concrete":6,"alexsmobs:animal_dictionary":1},"minecraft:mined":{"supplementaries:urn":2,"minecraft:orange_concrete":3,"farmersdelight:wild_onions":1,"minecraft:light_blue_concrete":4,"minecraft:iron_ore":6,"minecraft:cherry_log":6,"minecraft:lime_concrete":4,"minecraft:crafting_table":1,"minecraft:grass":4,"minecraft:coal_ore":9,"minecraft:yellow_concrete":5,"minecraft:tall_grass":4,"minecraft:stone":25,"minecraft:red_concrete":2},"minecraft:crafted":{"minecraft:cherry_planks":6,"minecraft:crafting_table":1,"minecraft:stick":2,"minecraft:wooden_pickaxe":1,"minecraft:stone_pickaxe":1,"minecraft:stone_sword":1,"minecraft:stone_axe":1,"minecraft:air":34},"minecraft:custom":{"minecraft:time_since_rest":17507,"minecraft:sprint_one_cm":18722,"minecraft:damage_taken":343,"minecraft:walk_one_cm":23333,"minecraft:drop":1,"minecraft:damage_dealt":238,"minecraft:interact_with_crafting_table":2,"minecraft:fly_one_cm":48394,"minecraft:crouch_one_cm":4305,"minecraft:play_time":17507,"minecraft:sneak_time":1630,"minecraft:jump":289,"minecraft:walk_on_water_one_cm":508,"minecraft:leave_game":1,"minecraft:time_since_death":17507,"minecraft:total_world_time":17507,"minecraft:fall_one_cm":11487}},"DataVersion":3465}