{"stats":{"minecraft:picked_up":{"minecraft:orange_concrete":1,"minecraft:light_blue_concrete":1,"minecraft:red_concrete":1,"minecraft:yellow_concrete":1,"minecraft:lime_concrete":1},"minecraft:used":{"minecraft:yellow_concrete":1,"minecraft:lime_concrete":1,"minecraft:light_blue_concrete":1,"minecraft:orange_concrete":1,"minecraft:red_concrete":1},"minecraft:custom":{"minecraft:jump":28,"minecraft:time_since_rest":5776,"minecraft:crouch_one_cm":2612,"minecraft:sprint_one_cm":138,"minecraft:play_time":5776,"minecraft:damage_taken":30,"minecraft:time_since_death":5776,"minecraft:walk_one_cm":4389,"minecraft:sneak_time":942,"minecraft:total_world_time":5776,"minecraft:fly_one_cm":208}},"DataVersion":3465}