{"stats":{"minecraft:dropped":{"alexsmobs:maggot":2,"minecraft:wheat_seeds":2,"minecraft:stone_pickaxe":1,"minecraft:wooden_pickaxe":2},"minecraft:picked_up":{"minecraft:crafting_table":1,"minecraft:light_blue_concrete":5,"minecraft:feather":2,"minecraft:chicken":1,"minecraft:leather":1,"minecraft:wooden_pickaxe":1,"minecraft:orange_concrete":4,"minecraft:bone":4,"minecraft:wheat_seeds":4,"spelunkery:dust":1,"minecraft:beef":2,"minecraft:stone_pickaxe":1,"minecraft:oak_planks":3,"minecraft:stick":2,"minecraft:raw_iron":16,"minecraft:yellow_concrete":6,"minecraft:torch":13,"minecraft:lime_concrete":5,"minecraft:cherry_log":6,"minecraft:diorite":1,"minecraft:rotten_flesh":1,"minecraft:gray_wool":1,"alexsmobs:maggot":2,"supplementaries:ash":9,"minecraft:red_concrete":3,"minecraft:mutton":3,"minecraft:coal":9,"minecraft:white_wool":1,"minecraft:cobblestone":29},"minecraft:killed_by":{"alexsmobs:crocodile":1,"iceandfire:cyclops":1,"minecraft:skeleton":1},"minecraft:used":{"minecraft:stone_sword":7,"minecraft:orange_concrete":4,"minecraft:red_concrete":3,"minecraft:stone_pickaxe":33,"minecraft:wooden_pickaxe":23,"minecraft:light_blue_concrete":5,"minecraft:crafting_table":1,"minecraft:yellow_concrete":6,"minecraft:diamond_pickaxe":18,"minecraft:stone_axe":51,"minecraft:lime_concrete":5,"alexsmobs:animal_dictionary":1},"minecraft:mined":{"minecraft:light_blue_concrete":4,"minecraft:cherry_log":6,"minecraft:crafting_table":1,"minecraft:tall_grass":10,"minecraft:red_concrete":2,"minecraft:oak_planks":3,"spelunkery:dust":1,"supplementaries:urn":5,"minecraft:orange_concrete":3,"farmersdelight:wild_onions":1,"minecraft:iron_ore":15,"minecraft:lime_concrete":4,"minecraft:grass":48,"minecraft:coal_ore":9,"minecraft:yellow_concrete":5,"minecraft:stone":27},"minecraft:crafted":{"minecraft:cherry_planks":6,"minecraft:crafting_table":1,"minecraft:wooden_pickaxe":1,"minecraft:stone_axe":1,"minecraft:air":34,"minecraft:stick":2,"minecraft:stone_pickaxe":1,"minecraft:stone_sword":1},"minecraft:killed":{"minecraft:sheep":4,"minecraft:chicken":2,"minecraft:cow":6},"minecraft:custom":{"minecraft:mob_kills":6,"minecraft:interact_with_crafting_table":2,"minecraft:leave_game":1,"minecraft:time_since_death":3813,"minecraft:time_since_rest":3852,"minecraft:sprint_one_cm":69366,"minecraft:damage_taken":1203,"minecraft:walk_one_cm":40589,"minecraft:drop":6,"minecraft:damage_dealt":773,"minecraft:damage_dealt_absorbed":80,"minecraft:swim_one_cm":4689,"minecraft:fly_one_cm":210135,"minecraft:crouch_one_cm":4925,"minecraft:play_time":29507,"minecraft:deaths":3,"minecraft:sneak_time":1871,"minecraft:walk_under_water_one_cm":464,"minecraft:jump":939,"minecraft:walk_on_water_one_cm":1547,"minecraft:total_world_time":29507,"minecraft:fall_one_cm":42064}},"DataVersion":3465}