{"stats":{"minecraft:dropped":{"alexsmobs:maggot":2,"minecraft:wheat_seeds":2,"minecraft:stone_pickaxe":1,"minecraft:wooden_pickaxe":2},"minecraft:picked_up":{"biomesoplenty:lavender":1,"minecraft:crafting_table":2,"minecraft:light_blue_concrete":5,"minecraft:feather":2,"minecraft:chicken":1,"minecraft:leather":1,"minecraft:wooden_pickaxe":1,"minecraft:orange_concrete":4,"minecraft:bone":4,"minecraft:wheat_seeds":5,"spelunkery:dust":1,"minecraft:beef":2,"minecraft:stone_pickaxe":1,"minecraft:oak_planks":3,"minecraft:furnace":1,"minecraft:stick":2,"minecraft:raw_iron":16,"minecraft:yellow_concrete":6,"minecraft:dandelion":1,"minecraft:torch":13,"minecraft:lime_concrete":5,"minecraft:cherry_log":12,"minecraft:diorite":1,"minecraft:rotten_flesh":1,"minecraft:gray_wool":1,"alexsmobs:maggot":2,"supplementaries:ash":9,"minecraft:red_concrete":3,"minecraft:mutton":3,"minecraft:coal":9,"minecraft:white_wool":1,"minecraft:cobblestone":29},"minecraft:killed_by":{"alexsmobs:crocodile":1,"iceandfire:cyclops":1,"minecraft:skeleton":1,"iceandfire:ghost":2},"minecraft:used":{"minecraft:stone_sword":7,"minecraft:orange_concrete":4,"minecraft:red_concrete":3,"minecraft:stone_pickaxe":35,"minecraft:wooden_pickaxe":23,"minecraft:light_blue_concrete":5,"minecraft:crafting_table":2,"minecraft:yellow_concrete":6,"minecraft:diamond_pickaxe":18,"minecraft:stone_axe":60,"minecraft:lime_concrete":5,"minecraft:furnace":1,"alexsmobs:animal_dictionary":1,"minecraft:cooked_beef":2,"minecraft:dandelion":1},"minecraft:mined":{"minecraft:light_blue_concrete":4,"minecraft:cherry_log":12,"minecraft:dandelion":1,"minecraft:crafting_table":2,"minecraft:tall_grass":15,"biomesoplenty:sprout":6,"minecraft:red_concrete":2,"minecraft:oak_planks":3,"spelunkery:dust":1,"supplementaries:urn":5,"minecraft:orange_concrete":3,"farmersdelight:wild_onions":1,"minecraft:furnace":1,"minecraft:iron_ore":15,"biomesoplenty:lavender":2,"minecraft:lime_concrete":4,"minecraft:grass":55,"minecraft:coal_ore":9,"minecraft:vine":2,"minecraft:yellow_concrete":5,"minecraft:stone":27},"minecraft:crafted":{"minecraft:cooked_beef":2,"minecraft:cherry_planks":6,"minecraft:crafting_table":1,"minecraft:wooden_pickaxe":1,"minecraft:cooked_chicken":1,"minecraft:furnace":1,"minecraft:stone_axe":1,"minecraft:cooked_mutton":3,"minecraft:air":35,"minecraft:stick":2,"minecraft:stone_pickaxe":1,"minecraft:stone_sword":1},"minecraft:killed":{"minecraft:sheep":4,"minecraft:chicken":2,"minecraft:cow":6},"minecraft:custom":{"minecraft:interact_with_furnace":5,"minecraft:mob_kills":6,"minecraft:interact_with_crafting_table":4,"minecraft:leave_game":1,"minecraft:time_since_death":293,"minecraft:time_since_rest":348,"minecraft:sprint_one_cm":91544,"minecraft:damage_taken":1688,"minecraft:walk_one_cm":64406,"minecraft:trigger_trapped_chest":2,"minecraft:drop":6,"minecraft:damage_dealt":949,"minecraft:damage_dealt_absorbed":80,"minecraft:swim_one_cm":5912,"minecraft:fly_one_cm":275287,"minecraft:crouch_one_cm":4932,"minecraft:play_time":41507,"minecraft:deaths":5,"minecraft:sneak_time":1918,"minecraft:walk_under_water_one_cm":492,"minecraft:jump":1273,"minecraft:walk_on_water_one_cm":2048,"minecraft:total_world_time":41507,"minecraft:fall_one_cm":57373}},"DataVersion":3465}