{"stats":{"minecraft:picked_up":{"minecraft:crafting_table":5,"minecraft:azure_bluet":6,"minecraft:light_blue_concrete":5,"minecraft:chicken":1,"minecraft:wooden_pickaxe":1,"minecraft:cornflower":1,"minecraft:string":1,"minecraft:orange_concrete":4,"ecologics:walnut_sapling":5,"minecraft:candle":1,"biomesoplenty:black_sand":1,"minecraft:beef":2,"minecraft:poppy":2,"minecraft:iron_boots":1,"minecraft:furnace":1,"minecraft:stick":4,"minecraft:raw_iron":32,"ecologics:walnut_log":5,"minecraft:torch":17,"minecraft:porkchop":6,"minecraft:cherry_log":12,"minecraft:diorite":1,"minecraft:tnt":1,"minecraft:rotten_flesh":1,"minecraft:hay_block":41,"supplementaries:ash":9,"minecraft:mutton":5,"minecraft:white_wool":1,"minecraft:cobblestone":76,"biomesoplenty:lavender":1,"ecologics:walnut":4,"minecraft:feather":2,"minecraft:leather":1,"minecraft:oak_log":5,"minecraft:chipped_anvil":1,"minecraft:bone":4,"minecraft:wheat_seeds":10,"spelunkery:dust":1,"minecraft:iron_ingot":34,"minecraft:stone_pickaxe":1,"minecraft:oak_planks":8,"immersive_weathering:tallow":12,"iceandfire:chared_stone":2,"minecraft:yellow_concrete":6,"minecraft:lime_concrete":5,"minecraft:dandelion":2,"minecraft:oak_pressure_plate":1,"minecraft:gravel":3,"minecraft:blast_furnace":1,"minecraft:barrel":5,"iceandfire:chared_cobblestone":1,"minecraft:gray_wool":1,"minecraft:bread":17,"alexsmobs:maggot":2,"minecraft:oak_sapling":3,"minecraft:black_wool":1,"minecraft:red_concrete":3,"minecraft:coal":52},"minecraft:dropped":{"minecraft:bread":5,"minecraft:wheat_seeds":7,"minecraft:sunflower":1,"alexsmobs:maggot":2,"minecraft:azure_bluet":4,"minecraft:poppy":1,"minecraft:stone_pickaxe":1,"minecraft:wooden_pickaxe":2,"minecraft:black_wool":1},"minecraft:killed_by":{"iceandfire:cyclops":1,"minecraft:creeper":2,"alexsmobs:crocodile":1,"minecraft:skeleton":2,"iceandfire:ghost":2},"minecraft:used":{"minecraft:stone_sword":7,"minecraft:orange_concrete":4,"minecraft:red_concrete":3,"minecraft:poppy":1,"minecraft:stone_hoe":54,"minecraft:torch":4,"betterarcheology:archeology_table":1,"minecraft:azure_bluet":2,"minecraft:iron_axe":17,"minecraft:iron_boots":1,"minecraft:lime_concrete":5,"minecraft:oak_sapling":3,"minecraft:furnace":1,"ecologics:walnut":4,"minecraft:cooked_beef":2,"minecraft:iron_leggings":1,"minecraft:stone_pickaxe":104,"minecraft:oak_planks":3,"minecraft:wooden_pickaxe":59,"minecraft:light_blue_concrete":5,"minecraft:crafting_table":7,"minecraft:yellow_concrete":6,"minecraft:diamond_pickaxe":18,"minecraft:bread":8,"minecraft:iron_pickaxe":3,"minecraft:gravel":1,"minecraft:stone_axe":100,"minecraft:cobblestone":6,"alexsmobs:animal_dictionary":1,"minecraft:dandelion":1},"minecraft:mined":{"minecraft:light_blue_concrete":4,"minecraft:cherry_log":12,"spelunkery:dust":1,"minecraft:hay_block":43,"minecraft:orange_concrete":3,"farmersdelight:wild_onions":1,"minecraft:furnace":1,"minecraft:iron_ore":31,"minecraft:barrel":5,"biomesoplenty:lavender":2,"minecraft:azure_bluet":2,"minecraft:vine":2,"ecologics:walnut_log":5,"minecraft:stone":67,"biomesoplenty:black_sand":1,"minecraft:dandelion":2,"minecraft:crafting_table":5,"minecraft:cornflower":1,"minecraft:blast_furnace":1,"ecologics:walnut_leaves":1,"minecraft:cobblestone":3,"minecraft:tall_grass":20,"biomesoplenty:sprout":6,"minecraft:red_concrete":2,"minecraft:oak_planks":8,"supplementaries:urn":6,"minecraft:lime_concrete":4,"minecraft:tnt":1,"minecraft:grass":98,"biomesoplenty:clover":29,"minecraft:oak_log":5,"minecraft:coal_ore":52,"minecraft:yellow_concrete":5,"minecraft:gravel":3,"minecraft:oak_leaves":3,"minecraft:chipped_anvil":1},"minecraft:crafted":{"minecraft:cherry_planks":6,"minecraft:oak_planks":5,"ecologics:walnut_planks":5,"minecraft:cooked_chicken":1,"minecraft:furnace":1,"minecraft:cooked_mutton":3,"minecraft:iron_axe":1,"minecraft:stone_pickaxe":2,"minecraft:stone_hoe":1,"minecraft:cooked_beef":2,"minecraft:crafting_table":5,"minecraft:wooden_pickaxe":2,"minecraft:iron_helmet":1,"minecraft:iron_sword":1,"minecraft:stone_axe":3,"minecraft:air":97,"minecraft:iron_chestplate":1,"minecraft:shield":1,"minecraft:stick":13,"minecraft:iron_pickaxe":1,"minecraft:stone_sword":2,"minecraft:iron_leggings":1},"minecraft:killed":{"minecraft:chicken":2,"minecraft:pig":4,"minecraft:iron_golem":4,"minecraft:sheep":6,"minecraft:cow":6},"minecraft:custom":{"minecraft:mob_kills":11,"minecraft:interact_with_crafting_table":17,"minecraft:open_barrel":14,"minecraft:eat_cake_slice":7,"minecraft:leave_game":3,"minecraft:time_since_death":9663,"minecraft:sprint_one_cm":230925,"minecraft:walk_one_cm":186794,"minecraft:drop":18,"minecraft:damage_dealt_absorbed":80,"minecraft:talked_to_villager":3,"minecraft:play_time":100893,"minecraft:deaths":9,"minecraft:sneak_time":2434,"minecraft:walk_under_water_one_cm":492,"minecraft:jump":2663,"minecraft:interact_with_blast_furnace":3,"minecraft:walk_on_water_one_cm":7280,"minecraft:total_world_time":100893,"minecraft:interact_with_furnace":7,"minecraft:interact_with_cartography_table":1,"minecraft:sleep_in_bed":2,"minecraft:time_since_rest":9701,"minecraft:damage_taken":3102,"minecraft:trigger_trapped_chest":4,"minecraft:damage_dealt":3116,"minecraft:swim_one_cm":5912,"minecraft:fly_one_cm":565513,"minecraft:open_chest":12,"minecraft:crouch_one_cm":6135,"minecraft:fall_one_cm":121553}},"DataVersion":3465}