{"stats":{"minecraft:picked_up":{"minecraft:crafting_table":6,"minecraft:wheat":1,"minecraft:azure_bluet":6,"minecraft:light_blue_concrete":5,"minecraft:chicken":1,"minecraft:clay_ball":16,"minecraft:wooden_pickaxe":1,"minecraft:wither_rose":1,"minecraft:cornflower":1,"minecraft:string":2,"minecraft:orange_concrete":4,"ecologics:walnut_sapling":5,"minecraft:candle":1,"biomesoplenty:black_sand":3,"minecraft:beef":2,"minecraft:poppy":2,"minecraft:iron_boots":1,"minecraft:furnace":1,"minecraft:stick":4,"minecraft:raw_iron":32,"ecologics:walnut_log":5,"minecraft:torch":17,"minecraft:porkchop":6,"minecraft:cherry_log":12,"minecraft:diorite":1,"minecraft:tnt":1,"minecraft:rotten_flesh":6,"minecraft:hay_block":41,"supplementaries:ash":9,"minecraft:mutton":5,"minecraft:skeleton_skull":2,"minecraft:white_wool":1,"minecraft:cobblestone":76,"biomesoplenty:lavender":1,"ecologics:walnut":4,"minecraft:feather":2,"minecraft:basalt":2,"minecraft:jungle_log":1,"minecraft:leather":1,"minecraft:oak_log":14,"minecraft:dirt":8,"minecraft:chipped_anvil":1,"minecraft:bone":6,"minecraft:stonecutter":1,"minecraft:wheat_seeds":14,"spelunkery:dust":1,"minecraft:iron_ingot":34,"minecraft:stone_pickaxe":1,"minecraft:oak_planks":8,"immersive_weathering:tallow":12,"iceandfire:chared_stone":2,"minecraft:yellow_concrete":6,"minecraft:lime_concrete":5,"minecraft:dandelion":2,"minecraft:oak_pressure_plate":1,"minecraft:gravel":3,"minecraft:blast_furnace":1,"minecraft:white_bed":1,"minecraft:barrel":5,"iceandfire:chared_cobblestone":1,"minecraft:gray_wool":1,"minecraft:bread":17,"minecraft:terracotta":2,"alexsmobs:maggot":2,"minecraft:oak_sapling":4,"minecraft:black_wool":1,"minecraft:red_concrete":3,"minecraft:coal":52},"minecraft:dropped":{"minecraft:bread":5,"minecraft:wheat_seeds":11,"minecraft:cornflower":1,"minecraft:cherry_planks":1,"minecraft:sunflower":1,"minecraft:dandelion":1,"alexsmobs:maggot":2,"minecraft:rotten_flesh":17,"minecraft:azure_bluet":4,"minecraft:poppy":1,"minecraft:hay_block":21,"minecraft:basalt":1,"minecraft:stone_pickaxe":1,"minecraft:wooden_pickaxe":2,"minecraft:black_wool":1},"minecraft:killed_by":{"minecraft:player":1,"iceandfire:cyclops":1,"minecraft:creeper":2,"alexsmobs:bison":1,"alexsmobs:crocodile":1,"minecraft:skeleton":4,"iceandfire:ghost":6},"minecraft:used":{"minecraft:stone_sword":7,"minecraft:orange_concrete":4,"minecraft:red_concrete":3,"minecraft:poppy":1,"minecraft:shield":17,"minecraft:iron_sword":25,"minecraft:stone_hoe":54,"minecraft:torch":4,"minecraft:dirt":8,"betterarcheology:archeology_table":1,"minecraft:azure_bluet":2,"minecraft:iron_axe":45,"minecraft:iron_boots":1,"minecraft:basalt":1,"minecraft:lime_concrete":5,"minecraft:oak_sapling":3,"minecraft:furnace":3,"ecologics:walnut":4,"minecraft:cooked_beef":2,"minecraft:iron_leggings":1,"biomesoplenty:black_sand":1,"minecraft:stone_pickaxe":104,"minecraft:oak_planks":3,"minecraft:wooden_pickaxe":59,"farmersdelight:onion":3,"minecraft:light_blue_concrete":5,"minecraft:crafting_table":10,"minecraft:yellow_concrete":6,"minecraft:white_bed":1,"minecraft:diamond_pickaxe":18,"minecraft:bread":26,"minecraft:iron_pickaxe":7,"minecraft:gravel":1,"minecraft:stone_axe":100,"minecraft:cobblestone":6,"quark:oak_chest":2,"alexsmobs:animal_dictionary":1,"minecraft:dandelion":1},"minecraft:mined":{"minecraft:white_bed":1,"minecraft:light_blue_concrete":4,"minecraft:cherry_log":12,"minecraft:jungle_leaves":1,"minecraft:grass_block":6,"spelunkery:dust":1,"minecraft:hay_block":43,"minecraft:orange_concrete":3,"farmersdelight:wild_onions":1,"minecraft:furnace":1,"minecraft:iron_ore":31,"minecraft:barrel":5,"biomesoplenty:lavender":2,"minecraft:azure_bluet":2,"minecraft:vine":4,"ecologics:walnut_log":5,"minecraft:stone":67,"minecraft:basalt":1,"biomesoplenty:black_sand":3,"minecraft:dandelion":2,"minecraft:clay":4,"minecraft:crafting_table":6,"minecraft:cornflower":1,"minecraft:blast_furnace":1,"ecologics:walnut_leaves":1,"minecraft:cobblestone":3,"minecraft:tall_grass":22,"biomesoplenty:sprout":12,"biomesoplenty:huge_clover_petal":2,"minecraft:red_concrete":2,"minecraft:oak_planks":9,"minecraft:skeleton_skull":2,"supplementaries:urn":6,"minecraft:lime_concrete":4,"minecraft:tnt":1,"minecraft:wither_rose":1,"minecraft:grass":117,"biomesoplenty:clover":35,"minecraft:oak_log":14,"minecraft:coal_ore":52,"minecraft:dirt":2,"minecraft:yellow_concrete":5,"minecraft:gravel":3,"minecraft:cobweb":1,"minecraft:terracotta":2,"minecraft:stonecutter":1,"minecraft:oak_leaves":8,"minecraft:chipped_anvil":1,"minecraft:fern":18},"minecraft:crafted":{"minecraft:cherry_planks":6,"minecraft:oak_planks":14,"ecologics:walnut_planks":5,"minecraft:cooked_chicken":1,"minecraft:furnace":3,"minecraft:cooked_mutton":3,"minecraft:iron_axe":1,"minecraft:stone_pickaxe":2,"minecraft:stone_hoe":1,"minecraft:wheat":20,"minecraft:cooked_beef":2,"minecraft:crafting_table":6,"minecraft:wooden_pickaxe":2,"minecraft:iron_helmet":1,"minecraft:iron_sword":1,"minecraft:stone_axe":3,"minecraft:bread":67,"minecraft:air":386,"minecraft:jungle_planks":1,"minecraft:iron_chestplate":1,"minecraft:shield":1,"minecraft:stick":13,"quark:oak_chest":2,"minecraft:iron_pickaxe":1,"minecraft:stone_sword":2,"minecraft:iron_leggings":1},"minecraft:killed":{"minecraft:skeleton":2,"minecraft:chicken":2,"minecraft:pig":4,"minecraft:iron_golem":6,"minecraft:sheep":6,"minecraft:zombie":4,"iceandfire:ghost":2,"eidolon:zombie_brute":2,"minecraft:cow":6},"minecraft:custom":{"minecraft:mob_kills":17,"minecraft:interact_with_crafting_table":23,"minecraft:open_barrel":14,"minecraft:eat_cake_slice":7,"minecraft:leave_game":4,"minecraft:time_since_death":16478,"minecraft:climb_one_cm":884,"minecraft:sprint_one_cm":393299,"minecraft:walk_one_cm":255536,"minecraft:damage_blocked_by_shield":427,"minecraft:drop":39,"minecraft:damage_dealt_absorbed":80,"minecraft:talked_to_villager":3,"minecraft:play_time":151164,"minecraft:deaths":17,"minecraft:sneak_time":2541,"minecraft:walk_under_water_one_cm":988,"minecraft:jump":5060,"minecraft:interact_with_blast_furnace":3,"minecraft:walk_on_water_one_cm":9432,"minecraft:total_world_time":151164,"minecraft:interact_with_furnace":7,"minecraft:interact_with_cartography_table":1,"minecraft:sleep_in_bed":2,"minecraft:time_since_rest":16528,"minecraft:damage_taken":5702,"minecraft:trigger_trapped_chest":5,"minecraft:damage_dealt":4477,"minecraft:swim_one_cm":16561,"minecraft:fly_one_cm":1091773,"minecraft:open_chest":22,"minecraft:crouch_one_cm":6593,"minecraft:fall_one_cm":220094}},"DataVersion":3465}