{"stats":{"minecraft:dropped":{"alexsmobs:maggot":2,"minecraft:wheat_seeds":2,"minecraft:stone_pickaxe":1,"minecraft:wooden_pickaxe":2},"minecraft:picked_up":{"biomesoplenty:lavender":1,"minecraft:crafting_table":4,"ecologics:walnut":4,"minecraft:light_blue_concrete":5,"minecraft:feather":2,"minecraft:chicken":1,"minecraft:leather":1,"minecraft:wooden_pickaxe":1,"minecraft:orange_concrete":4,"minecraft:chipped_anvil":1,"minecraft:bone":4,"ecologics:walnut_sapling":5,"minecraft:wheat_seeds":5,"minecraft:candle":1,"spelunkery:dust":1,"minecraft:beef":2,"minecraft:stone_pickaxe":1,"minecraft:oak_planks":5,"minecraft:furnace":1,"minecraft:stick":4,"minecraft:raw_iron":32,"ecologics:walnut_log":5,"minecraft:yellow_concrete":6,"minecraft:dandelion":1,"minecraft:torch":13,"minecraft:lime_concrete":5,"minecraft:gravel":2,"minecraft:cherry_log":12,"minecraft:blast_furnace":1,"minecraft:diorite":1,"minecraft:barrel":5,"minecraft:tnt":1,"minecraft:rotten_flesh":1,"minecraft:gray_wool":1,"alexsmobs:maggot":2,"supplementaries:ash":9,"minecraft:red_concrete":3,"minecraft:mutton":3,"minecraft:coal":52,"minecraft:white_wool":1,"minecraft:cobblestone":73},"minecraft:killed_by":{"alexsmobs:crocodile":1,"iceandfire:cyclops":1,"minecraft:skeleton":2,"iceandfire:ghost":2},"minecraft:used":{"minecraft:stone_sword":7,"minecraft:orange_concrete":4,"minecraft:red_concrete":3,"minecraft:stone_pickaxe":104,"minecraft:wooden_pickaxe":59,"minecraft:light_blue_concrete":5,"minecraft:crafting_table":5,"minecraft:yellow_concrete":6,"minecraft:diamond_pickaxe":18,"minecraft:stone_axe":68,"minecraft:lime_concrete":5,"minecraft:furnace":1,"ecologics:walnut":4,"alexsmobs:animal_dictionary":1,"minecraft:cooked_beef":2,"minecraft:dandelion":1},"minecraft:mined":{"minecraft:light_blue_concrete":4,"minecraft:cherry_log":12,"minecraft:dandelion":1,"minecraft:crafting_table":4,"minecraft:blast_furnace":1,"ecologics:walnut_leaves":1,"minecraft:tall_grass":17,"biomesoplenty:sprout":6,"minecraft:red_concrete":2,"minecraft:oak_planks":5,"spelunkery:dust":1,"supplementaries:urn":5,"minecraft:orange_concrete":3,"farmersdelight:wild_onions":1,"minecraft:furnace":1,"minecraft:iron_ore":31,"minecraft:barrel":5,"biomesoplenty:lavender":2,"minecraft:lime_concrete":4,"minecraft:tnt":1,"minecraft:grass":59,"minecraft:coal_ore":52,"minecraft:vine":2,"minecraft:gravel":2,"minecraft:yellow_concrete":5,"ecologics:walnut_log":5,"minecraft:stone":67,"minecraft:chipped_anvil":1},"minecraft:crafted":{"minecraft:cooked_beef":2,"minecraft:cherry_planks":6,"minecraft:crafting_table":3,"ecologics:walnut_planks":5,"minecraft:wooden_pickaxe":2,"minecraft:cooked_chicken":1,"minecraft:furnace":1,"minecraft:stone_axe":2,"minecraft:cooked_mutton":3,"minecraft:air":62,"minecraft:stick":11,"minecraft:stone_pickaxe":2,"minecraft:stone_sword":2},"minecraft:killed":{"minecraft:sheep":4,"minecraft:chicken":2,"minecraft:cow":6},"minecraft:custom":{"minecraft:interact_with_furnace":5,"minecraft:mob_kills":6,"minecraft:interact_with_crafting_table":7,"minecraft:open_barrel":6,"minecraft:eat_cake_slice":7,"minecraft:leave_game":1,"minecraft:time_since_death":2002,"minecraft:time_since_rest":2020,"minecraft:sprint_one_cm":132956,"minecraft:damage_taken":2083,"minecraft:walk_one_cm":90903,"minecraft:trigger_trapped_chest":4,"minecraft:drop":6,"minecraft:damage_dealt":999,"minecraft:damage_dealt_absorbed":80,"minecraft:swim_one_cm":5912,"minecraft:fly_one_cm":362799,"minecraft:crouch_one_cm":5838,"minecraft:play_time":65507,"minecraft:deaths":6,"minecraft:sneak_time":2223,"minecraft:walk_under_water_one_cm":492,"minecraft:jump":1638,"minecraft:interact_with_blast_furnace":3,"minecraft:walk_on_water_one_cm":2048,"minecraft:total_world_time":65507,"minecraft:fall_one_cm":77305}},"DataVersion":3465}