{"stats":{"minecraft:mined":{"minecraft:tuff":8,"spelunkery:nephrite":7,"quark:cherry_chest":1,"minecraft:farmland":1,"minecraft:mossy_cobblestone":8,"iceandfire:silver_ore":1,"minecraft:light_blue_concrete":10,"minecraft:oak_door":1,"minecraft:cherry_log":144,"minecraft:cobblestone_stairs":3,"sophisticatedbackpacks:gold_backpack":1,"minecraft:cherry_sapling":14,"biomesoplenty:bush":3,"eidolon:silver_ore":1,"minecraft:grass_block":79,"iceandfire:chared_grass":1,"minecraft:orange_concrete":6,"biomesoplenty:tall_lavender":2,"minecraft:redstone_ore":1,"minecraft:furnace":3,"minecraft:iron_ore":71,"biomesoplenty:lavender":33,"minecraft:stripped_spruce_log":1,"minecraft:piglin_wall_head":1,"biomesoplenty:hanging_cobweb":1,"create:asurine":1,"supplementaries:stick":1,"minecraft:dirt_path":5,"minecraft:oak_stairs":21,"biomesoplenty:webbing":6,"quark:limestone":1,"biomesoplenty:barley":12,"minecraft:stone":177,"biomesoplenty:spider_egg":1,"minecraft:cherry_stairs":27,"minecraft:white_wool":40,"immersive_weathering:oak_leaf_pile":6,"eidolon:lead_ore":1,"minecraft:deepslate_redstone_ore":2,"minecraft:oak_slab":1,"minecraft:cherry_planks":58,"quark:oak_chest":1,"minecraft:smoker":1,"biomesoplenty:black_sand":1,"biomesoplenty:hanging_cobweb_strand":1,"minecraft:crafting_table":5,"minecraft:cornflower":1,"minecraft:torch":14,"minecraft:blast_furnace":2,"minecraft:nether_quartz_ore":1,"minecraft:cobblestone":43,"biomesoplenty:huge_clover_petal":9,"minecraft:red_concrete":7,"minecraft:oak_planks":23,"minecraft:sugar_cane":16,"minecraft:damaged_anvil":1,"minecraft:sculk":19,"minecraft:wall_torch":4,"supplementaries:urn":7,"minecraft:white_terracotta":6,"immersive_weathering:cherry_leaf_pile":142,"minecraft:lime_concrete":10,"minecraft:yellow_bed":1,"minecraft:grass":55,"biomesoplenty:clover":34,"minecraft:coal_ore":158,"minecraft:oak_log":13,"minecraft:cherry_leaves":182,"minecraft:gravel":5,"minecraft:yellow_concrete":6,"minecraft:dirt":73,"biomesoplenty:stringy_cobweb":2,"minecraft:zombie_wall_head":1,"minecraft:cobweb":1,"minecraft:gold_ore":1,"minecraft:oak_leaves":4,"minecraft:deepslate":7,"biomesoplenty:reed":1},"minecraft:picked_up":{"sophisticatedbackpacks:gold_backpack":2,"iceandfire:dragon_skull_lightning":2,"minecraft:crafting_table":5,"minecraft:coarse_dirt":20,"minecraft:wheat":63,"minecraft:light_blue_concrete":12,"minecraft:azure_bluet":3,"minecraft:diamond_sword":1,"minecraft:wooden_pickaxe":1,"minecraft:oak_stairs":21,"minecraft:cornflower":2,"minecraft:string":8,"minecraft:orange_concrete":9,"minecraft:iron_leggings":1,"biomesoplenty:tall_lavender":2,"minecraft:white_carpet":1,"minecraft:iron_shovel":1,"minecraft:zombie_head":1,"biomesoplenty:black_sand":1,"minecraft:gold_nugget":1,"minecraft:cobbled_deepslate":10,"delightful:acorn":2,"minecraft:beef":18,"spelunkery:nephrite_chunk":28,"minecraft:poppy":2,"delightful:green_tea_leaf":11,"minecraft:sugar_cane":88,"minecraft:furnace":3,"minecraft:stick":63,"minecraft:raw_iron":71,"minecraft:cherry_stairs":27,"minecraft:oak_door":1,"spelunkery:rough_cinnabar_shard":11,"iceandfire:chared_grass":1,"minecraft:torch":27,"minecraft:porkchop":19,"farmersdelight:tomato_seeds":2,"minecraft:cherry_log":153,"minecraft:arrow":8,"minecraft:rotten_flesh":17,"create:asurine":1,"alexsdelight:raw_bison":4,"minecraft:gold_ingot":2,"minecraft:white_terracotta":6,"supplementaries:ash":12,"minecraft:mutton":2,"minecraft:cobblestone":239,"minecraft:white_wool":183,"biomesoplenty:lavender":57,"immersive_weathering:charred_log":4,"minecraft:cherry_planks":66,"minecraft:cherry_leaves":34,"eidolon:raw_silver":1,"minecraft:leather":10,"minecraft:smoker":2,"alexsmobs:bison_fur":4,"spelunkery:rough_cinnabar":5,"minecraft:flint":2,"minecraft:tuff":8,"minecraft:oak_log":26,"minecraft:golden_boots":2,"minecraft:yellow_bed":1,"minecraft:cobblestone_stairs":3,"quark:limestone":1,"minecraft:dirt":153,"minecraft:piglin_head":1,"minecraft:bone":9,"minecraft:apple":2,"minecraft:wheat_seeds":166,"minecraft:raw_gold":1,"minecraft:iron_ingot":22,"minecraft:stone_pickaxe":1,"minecraft:oak_planks":37,"immersive_weathering:tallow":24,"minecraft:book":3,"minecraft:oak_slab":2,"minecraft:yellow_concrete":9,"minecraft:quartz":1,"minecraft:lime_concrete":13,"minecraft:gravel":3,"cataclysm:desert_eye":1,"minecraft:stripped_spruce_log":1,"minecraft:blast_furnace":2,"spelunkery:white_inkcap_mushroom":1,"minecraft:spectral_arrow":64,"alexsmobs:animal_dictionary":4,"quark:oak_chest":1,"minecraft:spider_eye":4,"minecraft:mossy_cobblestone":13,"alexsmobs:raw_catfish":2,"minecraft:slime_ball":9,"artifacts:crystal_heart":1,"minecraft:crossbow":1,"minecraft:cherry_sapling":70,"minecraft:emerald":7,"minecraft:oak_sapling":9,"minecraft:damaged_anvil":1,"minecraft:red_concrete":10,"minecraft:coal":184,"iceandfire:raw_silver":1,"minecraft:diamond_pickaxe":2},"minecraft:crafted":{"minecraft:cherry_planks":129,"minecraft:oak_planks":28,"minecraft:coal":28,"minecraft:cherry_slab":3,"minecraft:furnace":3,"quark:cherry_chest":1,"minecraft:white_carpet":4,"minecraft:cooked_mutton":1,"minecraft:cherry_trapdoor":4,"minecraft:iron_boots":1,"minecraft:iron_axe":1,"minecraft:cherry_stairs":67,"minecraft:stone_pickaxe":1,"minecraft:cherry_fence":9,"minecraft:oak_fence":3,"minecraft:smoker":1,"minecraft:cooked_beef":12,"spelunkery:stone_pebble":9,"minecraft:cooked_porkchop":19,"minecraft:crafting_table":3,"minecraft:iron_helmet":1,"minecraft:wooden_pickaxe":1,"minecraft:cooked_salmon":12,"minecraft:bucket":1,"minecraft:stone_axe":1,"spelunkery:rough_cinnabar":1,"minecraft:air":978,"spelunkery:coal_lump":28,"minecraft:iron_chestplate":1,"minecraft:charcoal":3,"minecraft:purple_dye":2,"minecraft:shield":2,"minecraft:stick":34,"quark:oak_chest":1,"minecraft:iron_ingot":39,"minecraft:iron_pickaxe":1,"minecraft:cherry_door":1,"minecraft:stone_sword":1,"minecraft:iron_shovel":1,"minecraft:white_bed":1,"minecraft:torch":24,"minecraft:shears":1},"minecraft:custom":{"minecraft:mob_kills":60,"minecraft:interact_with_crafting_table":51,"minecraft:open_barrel":11,"minecraft:damage_dealt_resisted":338,"minecraft:leave_game":4,"minecraft:time_since_death":39767,"minecraft:sprint_one_cm":522119,"minecraft:damage_blocked_by_shield":1643,"minecraft:walk_one_cm":974967,"minecraft:drop":25,"minecraft:damage_dealt_absorbed":79,"minecraft:talked_to_villager":3,"minecraft:play_time":371065,"minecraft:deaths":36,"minecraft:sneak_time":30788,"minecraft:walk_under_water_one_cm":5946,"minecraft:jump":5092,"minecraft:interact_with_blast_furnace":4,"minecraft:walk_on_water_one_cm":14779,"minecraft:total_world_time":371065,"minecraft:interact_with_furnace":44,"minecraft:interact_with_grindstone":3,"minecraft:sleep_in_bed":6,"minecraft:time_since_rest":39795,"minecraft:waystone_activated":2,"minecraft:damage_taken":12220,"minecraft:damage_dealt":9323,"minecraft:player_kills":13,"minecraft:swim_one_cm":13290,"minecraft:fly_one_cm":826520,"minecraft:open_chest":89,"minecraft:crouch_one_cm":113392,"minecraft:interact_with_smoker":3,"minecraft:fall_one_cm":154425},"minecraft:used":{"minecraft:oak_fence":7,"spelunkery:white_inkcap_mushroom":1,"minecraft:cherry_sapling":27,"minecraft:orange_concrete":8,"minecraft:stone_sword":68,"minecraft:iron_shovel":112,"minecraft:red_concrete":8,"minecraft:shield":51,"minecraft:white_terracotta":6,"minecraft:cooked_salmon":12,"minecraft:stick":1,"minecraft:torch":115,"quark:cherry_chest":1,"minecraft:dirt":117,"minecraft:mutton":1,"minecraft:white_carpet":7,"spelunkery:stone_pebble":5,"minecraft:stripped_spruce_log":1,"quark:limestone":1,"minecraft:iron_axe":290,"minecraft:oak_stairs":1,"minecraft:cherry_slab":17,"minecraft:cherry_trapdoor":7,"minecraft:cherry_leaves":30,"minecraft:lime_concrete":11,"supplementaries:ash":9,"minecraft:furnace":5,"minecraft:cooked_beef":12,"minecraft:cherry_fence":14,"minecraft:cherry_log":20,"biomesoplenty:black_sand":1,"sophisticatedbackpacks:gold_backpack":1,"minecraft:wheat_seeds":63,"minecraft:water_bucket":9,"minecraft:oak_planks":19,"minecraft:stone_pickaxe":138,"cataclysm:desert_eye":1,"minecraft:cherry_planks":189,"minecraft:wooden_pickaxe":26,"biomesoplenty:lavender":1,"iceandfire:dragon_skull_lightning":2,"minecraft:white_wool":128,"minecraft:mossy_cobblestone":7,"minecraft:light_blue_concrete":11,"minecraft:crafting_table":8,"minecraft:blast_furnace":1,"minecraft:yellow_concrete":7,"minecraft:crossbow":22,"minecraft:white_bed":1,"minecraft:piglin_head":1,"minecraft:shears":75,"minecraft:smoker":2,"minecraft:diamond_pickaxe":39,"minecraft:cherry_door":1,"minecraft:bread":5,"minecraft:iron_pickaxe":360,"create:asurine":1,"minecraft:gravel":3,"minecraft:stone_axe":96,"minecraft:diamond_sword":96,"minecraft:wooden_sword":6,"minecraft:cobblestone":108,"minecraft:cherry_stairs":162,"minecraft:cooked_porkchop":19,"iceandfire:chared_grass":1,"minecraft:bucket":10,"minecraft:yellow_bed":1,"quark:oak_chest":2,"alexsmobs:animal_dictionary":14},"minecraft:killed_by":{"minecraft:player":24,"minecraft:creeper":1,"eidolon:wraith":1,"minecraft:zombie":2,"artifacts:mimic":1,"iceandfire:fire_dragon":1},"minecraft:killed":{"minecraft:cave_spider":2,"minecraft:zombified_piglin":2,"minecraft:spider":12,"minecraft:slime":26,"minecraft:skeleton":12,"eidolon:wraith":2,"artifacts:mimic":2,"minecraft:pig":14,"minecraft:creeper":4,"minecraft:sheep":4,"alexsmobs:catfish":2,"minecraft:zombie":24,"minecraft:player":4,"minecraft:cow":12},"minecraft:dropped":{"minecraft:golden_boots":1,"minecraft:wheat_seeds":7,"minecraft:yellow_concrete":1,"eidolon:raw_silver":1,"minecraft:purple_dye":4,"alexsmobs:raw_catfish":1,"spelunkery:stone_pebble":4,"minecraft:cornflower":1,"delightful:acorn":1,"minecraft:string":2,"minecraft:red_concrete":1,"minecraft:lime_concrete":1,"minecraft:orange_concrete":1,"minecraft:rotten_flesh":10,"minecraft:smoker":1,"minecraft:light_blue_concrete":1,"supplementaries:ash":4,"minecraft:diamond_pickaxe":1,"minecraft:spider_eye":2,"immersive_weathering:tallow":12,"minecraft:wooden_pickaxe":1,"farmersdelight:tomato_seeds":2},"minecraft:broken":{"minecraft:stone_pickaxe":1,"minecraft:shield":1,"minecraft:iron_pickaxe":1}},"DataVersion":3465}