{"stats":{"minecraft:picked_up":{"minecraft:crafting_table":3,"minecraft:coarse_dirt":10,"immersive_weathering:charred_log":2,"minecraft:light_blue_concrete":12,"minecraft:leather":3,"alexsmobs:bison_fur":2,"minecraft:flint":1,"minecraft:cornflower":1,"minecraft:string":2,"minecraft:dirt":27,"minecraft:orange_concrete":9,"minecraft:wheat_seeds":5,"minecraft:beef":6,"minecraft:sugar_cane":23,"immersive_weathering:tallow":4,"minecraft:furnace":1,"minecraft:raw_iron":2,"minecraft:stick":3,"minecraft:yellow_concrete":9,"iceandfire:chared_grass":1,"minecraft:torch":1,"minecraft:lime_concrete":13,"minecraft:gravel":3,"minecraft:porkchop":5,"cataclysm:desert_eye":1,"minecraft:stripped_spruce_log":1,"minecraft:cherry_log":30,"minecraft:spectral_arrow":64,"minecraft:spider_eye":2,"alexsmobs:animal_dictionary":3,"minecraft:crossbow":1,"alexsdelight:raw_bison":2,"minecraft:cherry_sapling":1,"minecraft:red_concrete":10,"minecraft:mutton":1,"minecraft:coal":57,"minecraft:white_wool":1,"minecraft:cobblestone":27,"minecraft:diamond_pickaxe":2},"minecraft:dropped":{"minecraft:red_concrete":1,"minecraft:wheat_seeds":1,"minecraft:lime_concrete":1,"minecraft:yellow_concrete":1,"minecraft:orange_concrete":1,"minecraft:light_blue_concrete":1,"minecraft:diamond_pickaxe":1},"minecraft:killed_by":{"minecraft:player":22,"eidolon:wraith":1,"iceandfire:fire_dragon":1},"minecraft:used":{"minecraft:stone_sword":30,"minecraft:orange_concrete":8,"minecraft:red_concrete":8,"cataclysm:desert_eye":1,"minecraft:stone_pickaxe":49,"minecraft:wooden_pickaxe":26,"minecraft:stick":1,"minecraft:torch":6,"minecraft:dirt":15,"minecraft:mutton":1,"minecraft:light_blue_concrete":11,"minecraft:crafting_table":4,"minecraft:yellow_concrete":7,"minecraft:crossbow":22,"minecraft:stripped_spruce_log":1,"minecraft:diamond_pickaxe":39,"minecraft:stone_axe":50,"minecraft:wooden_sword":6,"minecraft:lime_concrete":11,"minecraft:cobblestone":9,"supplementaries:ash":1,"minecraft:furnace":2,"minecraft:cooked_porkchop":4,"iceandfire:chared_grass":1,"alexsmobs:animal_dictionary":14,"minecraft:cooked_beef":3},"minecraft:mined":{"minecraft:light_blue_concrete":10,"minecraft:cherry_log":30,"minecraft:cornflower":1,"minecraft:crafting_table":3,"minecraft:grass_block":23,"minecraft:cobblestone":1,"minecraft:red_concrete":7,"minecraft:sugar_cane":7,"minecraft:wall_torch":1,"iceandfire:chared_grass":1,"minecraft:orange_concrete":6,"minecraft:furnace":1,"minecraft:iron_ore":2,"minecraft:stripped_spruce_log":1,"minecraft:lime_concrete":10,"minecraft:grass":18,"supplementaries:stick":1,"minecraft:coal_ore":31,"minecraft:cherry_leaves":30,"minecraft:gravel":5,"minecraft:yellow_concrete":6,"minecraft:dirt":15,"biomesoplenty:barley":5,"minecraft:stone":26},"minecraft:crafted":{"minecraft:cooked_beef":6,"minecraft:cherry_planks":7,"spelunkery:stone_pebble":9,"minecraft:coal":28,"minecraft:cooked_porkchop":5,"minecraft:crafting_table":2,"minecraft:wooden_pickaxe":1,"minecraft:furnace":1,"minecraft:stone_axe":1,"minecraft:air":292,"spelunkery:coal_lump":28,"minecraft:shield":1,"minecraft:stick":8,"minecraft:iron_ingot":1,"minecraft:stone_pickaxe":1,"minecraft:stone_sword":1,"minecraft:torch":3},"minecraft:killed":{"minecraft:pig":4,"minecraft:spider":4,"minecraft:sheep":2,"minecraft:player":4,"minecraft:cow":8},"minecraft:custom":{"minecraft:interact_with_furnace":17,"minecraft:mob_kills":10,"minecraft:interact_with_crafting_table":5,"minecraft:leave_game":1,"minecraft:time_since_death":10253,"minecraft:time_since_rest":10567,"minecraft:sprint_one_cm":120093,"minecraft:damage_taken":7685,"minecraft:walk_one_cm":353805,"minecraft:drop":7,"minecraft:damage_dealt":2234,"minecraft:swim_one_cm":6064,"minecraft:player_kills":13,"minecraft:fly_one_cm":268411,"minecraft:crouch_one_cm":23912,"minecraft:play_time":137699,"minecraft:deaths":29,"minecraft:sneak_time":6151,"minecraft:walk_under_water_one_cm":1309,"minecraft:jump":1798,"minecraft:walk_on_water_one_cm":2802,"minecraft:total_world_time":137699,"minecraft:fall_one_cm":39335}},"DataVersion":3465}