{"stats":{"minecraft:picked_up":{"minecraft:light_blue_concrete":6,"minecraft:yellow_concrete":6,"minecraft:lime_concrete":6,"cataclysm:desert_eye":1,"minecraft:stripped_spruce_log":1,"minecraft:spectral_arrow":64,"minecraft:dirt":6,"alexsmobs:animal_dictionary":2,"minecraft:orange_concrete":3,"minecraft:wheat_seeds":1,"minecraft:crossbow":1,"minecraft:red_concrete":5,"minecraft:diamond_pickaxe":1},"minecraft:dropped":{"minecraft:red_concrete":1,"minecraft:lime_concrete":1,"minecraft:yellow_concrete":1,"minecraft:orange_concrete":1,"minecraft:light_blue_concrete":1},"minecraft:killed_by":{"minecraft:player":22},"minecraft:used":{"minecraft:diamond_pickaxe":14,"minecraft:orange_concrete":2,"minecraft:red_concrete":2,"cataclysm:desert_eye":1,"minecraft:wooden_sword":6,"minecraft:dirt":6,"minecraft:lime_concrete":4,"minecraft:light_blue_concrete":5,"supplementaries:ash":1,"minecraft:yellow_concrete":4,"minecraft:crossbow":22,"alexsmobs:animal_dictionary":14,"minecraft:stripped_spruce_log":1},"minecraft:mined":{"minecraft:orange_concrete":2,"minecraft:light_blue_concrete":4,"minecraft:lime_concrete":3,"minecraft:stripped_spruce_log":1,"minecraft:grass":6,"minecraft:grass_block":17,"minecraft:yellow_concrete":3,"minecraft:red_concrete":2},"minecraft:killed":{"minecraft:player":4},"minecraft:custom":{"minecraft:time_since_rest":9067,"minecraft:sprint_one_cm":25357,"minecraft:damage_taken":6545,"minecraft:walk_one_cm":207640,"minecraft:drop":5,"minecraft:damage_dealt":1051,"minecraft:fly_one_cm":38114,"minecraft:player_kills":13,"minecraft:crouch_one_cm":18051,"minecraft:play_time":77699,"minecraft:deaths":26,"minecraft:sneak_time":4065,"minecraft:jump":746,"minecraft:leave_game":1,"minecraft:time_since_death":9044,"minecraft:total_world_time":77699,"minecraft:fall_one_cm":4543}},"DataVersion":3465}