{"stats":{"minecraft:picked_up":{"minecraft:crafting_table":2,"minecraft:coarse_dirt":10,"minecraft:light_blue_concrete":12,"minecraft:leather":3,"minecraft:flint":1,"minecraft:string":2,"minecraft:dirt":22,"minecraft:orange_concrete":9,"minecraft:wheat_seeds":2,"minecraft:beef":6,"minecraft:sugar_cane":16,"immersive_weathering:tallow":4,"minecraft:furnace":1,"minecraft:raw_iron":2,"minecraft:stick":3,"minecraft:yellow_concrete":9,"minecraft:torch":1,"minecraft:lime_concrete":13,"minecraft:gravel":3,"minecraft:porkchop":5,"cataclysm:desert_eye":1,"minecraft:stripped_spruce_log":1,"minecraft:cherry_log":30,"minecraft:spectral_arrow":64,"minecraft:spider_eye":2,"alexsmobs:animal_dictionary":3,"minecraft:crossbow":1,"minecraft:cherry_sapling":1,"minecraft:red_concrete":10,"minecraft:coal":57,"minecraft:cobblestone":27,"minecraft:diamond_pickaxe":2},"minecraft:dropped":{"minecraft:red_concrete":1,"minecraft:lime_concrete":1,"minecraft:yellow_concrete":1,"minecraft:orange_concrete":1,"minecraft:light_blue_concrete":1,"minecraft:diamond_pickaxe":1},"minecraft:killed_by":{"minecraft:player":22,"eidolon:wraith":1},"minecraft:used":{"minecraft:stone_sword":26,"minecraft:orange_concrete":8,"minecraft:red_concrete":8,"cataclysm:desert_eye":1,"minecraft:stone_pickaxe":39,"minecraft:wooden_pickaxe":26,"minecraft:stick":1,"minecraft:torch":5,"minecraft:dirt":12,"minecraft:light_blue_concrete":11,"minecraft:crafting_table":2,"minecraft:yellow_concrete":7,"minecraft:crossbow":22,"minecraft:stripped_spruce_log":1,"minecraft:diamond_pickaxe":39,"minecraft:stone_axe":49,"minecraft:wooden_sword":6,"minecraft:lime_concrete":11,"minecraft:cobblestone":9,"supplementaries:ash":1,"minecraft:furnace":1,"alexsmobs:animal_dictionary":14,"minecraft:cooked_beef":2},"minecraft:mined":{"minecraft:light_blue_concrete":10,"minecraft:cherry_log":30,"minecraft:crafting_table":2,"minecraft:grass_block":22,"minecraft:cobblestone":1,"minecraft:red_concrete":7,"minecraft:sugar_cane":5,"minecraft:wall_torch":1,"minecraft:orange_concrete":6,"minecraft:furnace":1,"minecraft:iron_ore":2,"minecraft:stripped_spruce_log":1,"minecraft:lime_concrete":10,"minecraft:grass":11,"supplementaries:stick":1,"minecraft:coal_ore":31,"minecraft:cherry_leaves":30,"minecraft:gravel":5,"minecraft:yellow_concrete":6,"minecraft:dirt":11,"minecraft:stone":26},"minecraft:crafted":{"minecraft:cooked_beef":6,"minecraft:cherry_planks":7,"spelunkery:stone_pebble":9,"minecraft:coal":28,"minecraft:cooked_porkchop":5,"minecraft:crafting_table":1,"minecraft:wooden_pickaxe":1,"minecraft:furnace":1,"minecraft:stone_axe":1,"minecraft:air":292,"spelunkery:coal_lump":28,"minecraft:stick":8,"minecraft:stone_pickaxe":1,"minecraft:stone_sword":1,"minecraft:torch":3},"minecraft:killed":{"minecraft:pig":4,"minecraft:spider":4,"minecraft:player":4,"minecraft:cow":8},"minecraft:custom":{"minecraft:interact_with_furnace":3,"minecraft:mob_kills":8,"minecraft:interact_with_crafting_table":3,"minecraft:leave_game":1,"minecraft:time_since_death":10136,"minecraft:time_since_rest":10175,"minecraft:sprint_one_cm":53825,"minecraft:damage_taken":7040,"minecraft:walk_one_cm":296651,"minecraft:drop":6,"minecraft:damage_dealt":1901,"minecraft:swim_one_cm":594,"minecraft:player_kills":13,"minecraft:fly_one_cm":87096,"minecraft:crouch_one_cm":22706,"minecraft:play_time":113699,"minecraft:deaths":27,"minecraft:sneak_time":5702,"minecraft:walk_under_water_one_cm":74,"minecraft:jump":1038,"minecraft:walk_on_water_one_cm":617,"minecraft:total_world_time":113699,"minecraft:fall_one_cm":14540}},"DataVersion":3465}