{"stats":{"minecraft:picked_up":{"alexsmobs:animal_dictionary":1},"minecraft:killed_by":{"minecraft:player":3},"minecraft:used":{"alexsmobs:animal_dictionary":1},"minecraft:custom":{"minecraft:jump":56,"minecraft:time_since_rest":1252,"minecraft:crouch_one_cm":89,"minecraft:damage_dealt":286,"minecraft:damage_taken":490,"minecraft:leave_game":1,"minecraft:play_time":5699,"minecraft:walk_one_cm":6448,"minecraft:time_since_death":1219,"minecraft:deaths":3,"minecraft:sneak_time":67,"minecraft:total_world_time":5699,"minecraft:fly_one_cm":660,"minecraft:player_kills":3}},"DataVersion":3465}