{"stats":{"minecraft:mined":{"minecraft:tuff":8,"minecraft:mossy_cobblestone":8,"spelunkery:nephrite":7,"minecraft:farmland":1,"quark:cherry_chest":1,"iceandfire:silver_ore":1,"minecraft:oak_door":1,"minecraft:light_blue_concrete":10,"minecraft:cobblestone_stairs":3,"minecraft:cherry_log":94,"sophisticatedbackpacks:gold_backpack":1,"minecraft:cherry_sapling":14,"biomesoplenty:bush":3,"eidolon:silver_ore":1,"minecraft:grass_block":73,"iceandfire:chared_grass":1,"minecraft:orange_concrete":6,"minecraft:redstone_ore":1,"biomesoplenty:tall_lavender":2,"minecraft:furnace":3,"minecraft:iron_ore":71,"biomesoplenty:lavender":33,"minecraft:stripped_spruce_log":1,"minecraft:piglin_wall_head":1,"biomesoplenty:hanging_cobweb":1,"create:asurine":1,"supplementaries:stick":1,"minecraft:dirt_path":5,"minecraft:oak_stairs":21,"biomesoplenty:webbing":6,"quark:limestone":1,"biomesoplenty:barley":12,"minecraft:stone":177,"biomesoplenty:spider_egg":1,"minecraft:cherry_stairs":4,"minecraft:white_wool":24,"immersive_weathering:oak_leaf_pile":6,"eidolon:lead_ore":1,"minecraft:deepslate_redstone_ore":2,"minecraft:oak_slab":1,"minecraft:cherry_planks":33,"quark:oak_chest":1,"minecraft:smoker":1,"biomesoplenty:black_sand":1,"biomesoplenty:hanging_cobweb_strand":1,"minecraft:crafting_table":5,"minecraft:cornflower":1,"minecraft:torch":14,"minecraft:blast_furnace":2,"minecraft:nether_quartz_ore":1,"minecraft:cobblestone":39,"biomesoplenty:huge_clover_petal":9,"minecraft:red_concrete":7,"minecraft:oak_planks":10,"minecraft:sugar_cane":16,"minecraft:damaged_anvil":1,"minecraft:sculk":19,"minecraft:wall_torch":4,"supplementaries:urn":7,"minecraft:white_terracotta":6,"immersive_weathering:cherry_leaf_pile":83,"minecraft:yellow_bed":1,"minecraft:lime_concrete":10,"minecraft:grass":53,"biomesoplenty:clover":33,"minecraft:oak_log":13,"minecraft:coal_ore":158,"minecraft:cherry_leaves":143,"minecraft:gravel":5,"minecraft:yellow_concrete":6,"minecraft:dirt":62,"biomesoplenty:stringy_cobweb":2,"minecraft:cobweb":1,"minecraft:gold_ore":1,"minecraft:oak_leaves":4,"minecraft:deepslate":7,"biomesoplenty:reed":1},"minecraft:picked_up":{"sophisticatedbackpacks:gold_backpack":1,"iceandfire:dragon_skull_lightning":2,"minecraft:crafting_table":5,"minecraft:coarse_dirt":20,"minecraft:wheat":63,"minecraft:light_blue_concrete":12,"minecraft:diamond_sword":1,"minecraft:wooden_pickaxe":1,"minecraft:oak_stairs":21,"minecraft:cornflower":2,"minecraft:string":8,"minecraft:orange_concrete":9,"minecraft:iron_leggings":1,"biomesoplenty:tall_lavender":2,"biomesoplenty:black_sand":1,"minecraft:cobbled_deepslate":10,"delightful:acorn":2,"minecraft:beef":12,"spelunkery:nephrite_chunk":28,"minecraft:poppy":2,"delightful:green_tea_leaf":3,"minecraft:sugar_cane":88,"minecraft:furnace":3,"minecraft:raw_iron":71,"minecraft:stick":49,"minecraft:cherry_stairs":4,"minecraft:oak_door":1,"spelunkery:rough_cinnabar_shard":11,"iceandfire:chared_grass":1,"minecraft:torch":27,"minecraft:porkchop":19,"farmersdelight:tomato_seeds":2,"minecraft:cherry_log":102,"minecraft:arrow":8,"minecraft:rotten_flesh":14,"alexsdelight:raw_bison":4,"create:asurine":1,"minecraft:white_terracotta":6,"minecraft:gold_ingot":2,"supplementaries:ash":12,"minecraft:mutton":2,"minecraft:white_wool":71,"minecraft:cobblestone":218,"biomesoplenty:lavender":57,"immersive_weathering:charred_log":4,"minecraft:cherry_planks":34,"eidolon:raw_silver":1,"minecraft:leather":7,"minecraft:smoker":2,"alexsmobs:bison_fur":4,"spelunkery:rough_cinnabar":5,"minecraft:flint":2,"minecraft:tuff":8,"minecraft:oak_log":16,"minecraft:golden_boots":2,"minecraft:yellow_bed":1,"minecraft:cobblestone_stairs":3,"quark:limestone":1,"minecraft:dirt":127,"minecraft:piglin_head":1,"minecraft:bone":9,"minecraft:apple":2,"minecraft:wheat_seeds":166,"minecraft:raw_gold":1,"minecraft:iron_ingot":22,"minecraft:stone_pickaxe":1,"minecraft:oak_planks":10,"immersive_weathering:tallow":24,"minecraft:oak_slab":2,"minecraft:yellow_concrete":9,"minecraft:quartz":1,"minecraft:lime_concrete":13,"minecraft:gravel":3,"cataclysm:desert_eye":1,"minecraft:stripped_spruce_log":1,"minecraft:blast_furnace":2,"minecraft:spectral_arrow":64,"spelunkery:white_inkcap_mushroom":1,"alexsmobs:animal_dictionary":4,"quark:oak_chest":1,"minecraft:spider_eye":4,"minecraft:mossy_cobblestone":13,"alexsmobs:raw_catfish":2,"minecraft:slime_ball":9,"artifacts:crystal_heart":1,"minecraft:crossbow":1,"minecraft:cherry_sapling":48,"minecraft:emerald":7,"minecraft:oak_sapling":9,"minecraft:damaged_anvil":1,"minecraft:red_concrete":10,"minecraft:coal":184,"iceandfire:raw_silver":1,"minecraft:diamond_pickaxe":2},"minecraft:crafted":{"minecraft:cherry_planks":78,"minecraft:oak_planks":2,"minecraft:coal":28,"minecraft:furnace":3,"quark:cherry_chest":1,"minecraft:white_carpet":3,"minecraft:cooked_mutton":1,"minecraft:iron_boots":1,"minecraft:iron_axe":1,"minecraft:cherry_stairs":6,"minecraft:stone_pickaxe":1,"minecraft:smoker":1,"minecraft:cooked_beef":12,"spelunkery:stone_pebble":9,"minecraft:cooked_porkchop":19,"minecraft:crafting_table":3,"minecraft:iron_helmet":1,"minecraft:wooden_pickaxe":1,"minecraft:cooked_salmon":12,"minecraft:bucket":1,"minecraft:stone_axe":1,"spelunkery:rough_cinnabar":1,"minecraft:air":640,"spelunkery:coal_lump":28,"minecraft:iron_chestplate":1,"minecraft:charcoal":3,"minecraft:purple_dye":2,"minecraft:shield":2,"minecraft:stick":26,"quark:oak_chest":1,"minecraft:iron_ingot":39,"minecraft:iron_pickaxe":1,"minecraft:stone_sword":1,"minecraft:iron_shovel":1,"minecraft:white_bed":1,"minecraft:torch":24,"minecraft:shears":1},"minecraft:custom":{"minecraft:mob_kills":55,"minecraft:interact_with_crafting_table":26,"minecraft:open_barrel":11,"minecraft:damage_dealt_resisted":338,"minecraft:leave_game":3,"minecraft:time_since_death":6990,"minecraft:sprint_one_cm":402079,"minecraft:damage_blocked_by_shield":1545,"minecraft:walk_one_cm":803176,"minecraft:drop":25,"minecraft:damage_dealt_absorbed":79,"minecraft:talked_to_villager":3,"minecraft:play_time":306564,"minecraft:deaths":33,"minecraft:sneak_time":21204,"minecraft:walk_under_water_one_cm":5926,"minecraft:jump":4221,"minecraft:interact_with_blast_furnace":4,"minecraft:walk_on_water_one_cm":11970,"minecraft:total_world_time":306564,"minecraft:interact_with_furnace":43,"minecraft:interact_with_grindstone":3,"minecraft:sleep_in_bed":5,"minecraft:time_since_rest":6993,"minecraft:damage_taken":10371,"minecraft:damage_dealt":8307,"minecraft:player_kills":13,"minecraft:swim_one_cm":13290,"minecraft:fly_one_cm":693945,"minecraft:open_chest":75,"minecraft:crouch_one_cm":77555,"minecraft:interact_with_smoker":3,"minecraft:fall_one_cm":121716},"minecraft:used":{"spelunkery:white_inkcap_mushroom":1,"minecraft:cherry_sapling":24,"minecraft:stone_sword":68,"minecraft:orange_concrete":8,"minecraft:iron_shovel":95,"minecraft:red_concrete":8,"minecraft:shield":50,"minecraft:white_terracotta":6,"minecraft:cooked_salmon":5,"minecraft:stick":1,"minecraft:torch":115,"quark:cherry_chest":1,"minecraft:dirt":108,"minecraft:mutton":1,"minecraft:white_carpet":3,"spelunkery:stone_pebble":5,"minecraft:stripped_spruce_log":1,"quark:limestone":1,"minecraft:iron_axe":149,"minecraft:oak_stairs":1,"minecraft:lime_concrete":11,"supplementaries:ash":9,"minecraft:furnace":5,"minecraft:cooked_beef":12,"minecraft:cherry_log":20,"biomesoplenty:black_sand":1,"minecraft:wheat_seeds":63,"minecraft:water_bucket":3,"minecraft:oak_planks":4,"minecraft:stone_pickaxe":138,"cataclysm:desert_eye":1,"minecraft:wooden_pickaxe":26,"minecraft:cherry_planks":158,"biomesoplenty:lavender":1,"iceandfire:dragon_skull_lightning":2,"minecraft:white_wool":54,"minecraft:mossy_cobblestone":4,"minecraft:light_blue_concrete":11,"minecraft:crafting_table":8,"minecraft:blast_furnace":1,"minecraft:yellow_concrete":7,"minecraft:crossbow":22,"minecraft:white_bed":1,"minecraft:shears":24,"minecraft:smoker":2,"minecraft:diamond_pickaxe":39,"minecraft:iron_pickaxe":355,"create:asurine":1,"minecraft:gravel":3,"minecraft:stone_axe":96,"minecraft:diamond_sword":80,"minecraft:wooden_sword":6,"minecraft:cobblestone":97,"minecraft:cherry_stairs":16,"minecraft:cooked_porkchop":15,"iceandfire:chared_grass":1,"minecraft:bucket":4,"minecraft:yellow_bed":1,"quark:oak_chest":2,"alexsmobs:animal_dictionary":14},"minecraft:killed_by":{"minecraft:player":23,"eidolon:wraith":1,"minecraft:zombie":1,"artifacts:mimic":1,"iceandfire:fire_dragon":1},"minecraft:killed":{"minecraft:cave_spider":2,"minecraft:spider":10,"minecraft:slime":26,"minecraft:skeleton":12,"eidolon:wraith":2,"artifacts:mimic":2,"minecraft:pig":14,"minecraft:creeper":2,"minecraft:sheep":4,"alexsmobs:catfish":2,"minecraft:zombie":20,"minecraft:player":4,"minecraft:cow":12},"minecraft:dropped":{"farmersdelight:tomato_seeds":2,"minecraft:golden_boots":1,"minecraft:wheat_seeds":7,"minecraft:yellow_concrete":1,"eidolon:raw_silver":1,"minecraft:purple_dye":4,"alexsmobs:raw_catfish":1,"spelunkery:stone_pebble":4,"minecraft:cornflower":1,"delightful:acorn":1,"minecraft:string":2,"minecraft:red_concrete":1,"minecraft:lime_concrete":1,"minecraft:orange_concrete":1,"minecraft:rotten_flesh":10,"minecraft:smoker":1,"minecraft:light_blue_concrete":1,"supplementaries:ash":4,"minecraft:diamond_pickaxe":1,"minecraft:spider_eye":2,"immersive_weathering:tallow":12,"minecraft:wooden_pickaxe":1},"minecraft:broken":{"minecraft:stone_pickaxe":1,"minecraft:shield":1,"minecraft:iron_pickaxe":1}},"DataVersion":3465}