{"stats":{"minecraft:picked_up":{"alexsmobs:animal_dictionary":1},"minecraft:killed_by":{"minecraft:player":4},"minecraft:used":{"alexsmobs:animal_dictionary":1},"minecraft:mined":{"minecraft:grass":5,"minecraft:grass_block":11},"minecraft:custom":{"minecraft:jump":197,"minecraft:time_since_rest":10140,"minecraft:sprint_one_cm":754,"minecraft:crouch_one_cm":8426,"minecraft:damage_dealt":376,"minecraft:damage_taken":734,"minecraft:leave_game":1,"minecraft:play_time":17699,"minecraft:walk_one_cm":44831,"minecraft:time_since_death":10117,"minecraft:deaths":4,"minecraft:sneak_time":2076,"minecraft:total_world_time":17699,"minecraft:fly_one_cm":2437,"minecraft:player_kills":3}},"DataVersion":3465}