{"stats":{"minecraft:picked_up":{"minecraft:orange_concrete":1,"minecraft:light_blue_concrete":1,"minecraft:yellow_concrete":1,"minecraft:wheat_seeds":1,"minecraft:lime_concrete":1,"minecraft:crossbow":1,"cataclysm:desert_eye":1,"minecraft:red_concrete":1,"minecraft:spectral_arrow":64,"alexsmobs:animal_dictionary":2,"minecraft:dirt":5,"minecraft:diamond_pickaxe":1},"minecraft:killed_by":{"minecraft:player":21},"minecraft:used":{"minecraft:wooden_sword":6,"minecraft:dirt":5,"supplementaries:ash":1,"cataclysm:desert_eye":1,"minecraft:crossbow":22,"alexsmobs:animal_dictionary":14},"minecraft:mined":{"minecraft:grass":6,"minecraft:grass_block":16},"minecraft:killed":{"minecraft:player":4},"minecraft:custom":{"minecraft:time_since_rest":7946,"minecraft:crouch_one_cm":15585,"minecraft:play_time":65699,"minecraft:sprint_one_cm":21298,"minecraft:deaths":25,"minecraft:damage_taken":6373,"minecraft:walk_one_cm":167196,"minecraft:sneak_time":3536,"minecraft:jump":637,"minecraft:damage_dealt":1011,"minecraft:leave_game":1,"minecraft:time_since_death":7899,"minecraft:total_world_time":65699,"minecraft:player_kills":13,"minecraft:fly_one_cm":28399,"minecraft:fall_one_cm":2217}},"DataVersion":3465}