{"stats":{"minecraft:mined":{"iceandfire:silver_ore":1,"quark:cherry_chest":1,"minecraft:light_blue_concrete":10,"minecraft:cherry_log":40,"minecraft:cherry_sapling":13,"biomesoplenty:bush":3,"minecraft:grass_block":25,"iceandfire:chared_grass":1,"minecraft:orange_concrete":6,"biomesoplenty:tall_lavender":2,"minecraft:furnace":3,"minecraft:iron_ore":33,"biomesoplenty:lavender":33,"minecraft:stripped_spruce_log":1,"biomesoplenty:hanging_cobweb":1,"create:asurine":1,"supplementaries:stick":1,"minecraft:oak_stairs":1,"biomesoplenty:webbing":5,"quark:limestone":1,"biomesoplenty:barley":12,"biomesoplenty:spider_egg":1,"minecraft:stone":91,"immersive_weathering:oak_leaf_pile":6,"quark:oak_chest":1,"biomesoplenty:black_sand":1,"minecraft:crafting_table":4,"minecraft:cornflower":1,"minecraft:torch":5,"minecraft:blast_furnace":1,"minecraft:nether_quartz_ore":1,"minecraft:cobblestone":1,"biomesoplenty:huge_clover_petal":5,"minecraft:red_concrete":7,"minecraft:sugar_cane":16,"minecraft:wall_torch":4,"supplementaries:urn":4,"immersive_weathering:cherry_leaf_pile":9,"minecraft:lime_concrete":10,"minecraft:grass":41,"biomesoplenty:clover":9,"minecraft:coal_ore":88,"minecraft:oak_log":4,"minecraft:cherry_leaves":139,"minecraft:gravel":5,"minecraft:yellow_concrete":6,"minecraft:dirt":20,"biomesoplenty:stringy_cobweb":2,"minecraft:cobweb":1,"minecraft:oak_leaves":4,"biomesoplenty:reed":1},"minecraft:picked_up":{"minecraft:crafting_table":4,"minecraft:coarse_dirt":20,"minecraft:light_blue_concrete":12,"minecraft:diamond_sword":1,"minecraft:wooden_pickaxe":1,"minecraft:oak_stairs":1,"minecraft:cornflower":2,"minecraft:string":8,"minecraft:orange_concrete":9,"minecraft:iron_leggings":1,"biomesoplenty:tall_lavender":2,"biomesoplenty:black_sand":1,"minecraft:cobbled_deepslate":3,"delightful:acorn":2,"minecraft:beef":12,"minecraft:sugar_cane":88,"delightful:green_tea_leaf":2,"minecraft:furnace":3,"minecraft:raw_iron":33,"minecraft:stick":21,"minecraft:torch":16,"iceandfire:chared_grass":1,"minecraft:porkchop":19,"farmersdelight:tomato_seeds":2,"minecraft:cherry_log":48,"minecraft:arrow":8,"minecraft:rotten_flesh":7,"create:asurine":1,"alexsdelight:raw_bison":4,"minecraft:gold_ingot":2,"supplementaries:ash":12,"minecraft:mutton":2,"minecraft:white_wool":4,"minecraft:cobblestone":92,"biomesoplenty:lavender":57,"immersive_weathering:charred_log":4,"minecraft:cherry_planks":2,"minecraft:leather":7,"alexsmobs:bison_fur":4,"minecraft:flint":2,"minecraft:oak_log":8,"minecraft:golden_boots":2,"quark:limestone":1,"minecraft:dirt":39,"minecraft:bone":9,"minecraft:apple":2,"minecraft:wheat_seeds":13,"minecraft:iron_ingot":22,"minecraft:stone_pickaxe":1,"immersive_weathering:tallow":24,"minecraft:yellow_concrete":9,"minecraft:quartz":1,"minecraft:lime_concrete":13,"minecraft:gravel":3,"cataclysm:desert_eye":1,"minecraft:stripped_spruce_log":1,"minecraft:blast_furnace":1,"quark:oak_chest":1,"alexsmobs:animal_dictionary":4,"minecraft:spectral_arrow":64,"minecraft:spider_eye":4,"alexsmobs:raw_catfish":2,"minecraft:slime_ball":9,"minecraft:crossbow":1,"minecraft:cherry_sapling":23,"minecraft:emerald":3,"minecraft:oak_sapling":9,"minecraft:red_concrete":10,"minecraft:coal":114,"iceandfire:raw_silver":1,"minecraft:diamond_pickaxe":2},"minecraft:crafted":{"minecraft:cherry_planks":31,"minecraft:coal":28,"minecraft:furnace":3,"quark:cherry_chest":1,"minecraft:cooked_mutton":1,"minecraft:iron_boots":1,"minecraft:stone_pickaxe":1,"minecraft:cooked_beef":12,"spelunkery:stone_pebble":9,"minecraft:cooked_porkchop":19,"minecraft:crafting_table":3,"minecraft:iron_helmet":1,"minecraft:wooden_pickaxe":1,"minecraft:stone_axe":1,"minecraft:air":364,"spelunkery:coal_lump":28,"minecraft:iron_chestplate":1,"minecraft:charcoal":3,"minecraft:purple_dye":2,"minecraft:shield":1,"minecraft:stick":24,"minecraft:iron_ingot":1,"minecraft:iron_pickaxe":1,"minecraft:stone_sword":1,"minecraft:white_bed":1,"minecraft:torch":15},"minecraft:custom":{"minecraft:mob_kills":45,"minecraft:interact_with_crafting_table":14,"minecraft:open_barrel":7,"minecraft:leave_game":2,"minecraft:time_since_death":144,"minecraft:sprint_one_cm":276449,"minecraft:walk_one_cm":583401,"minecraft:damage_blocked_by_shield":1365,"minecraft:drop":20,"minecraft:talked_to_villager":3,"minecraft:play_time":225840,"minecraft:deaths":31,"minecraft:sneak_time":9987,"minecraft:walk_under_water_one_cm":3172,"minecraft:jump":3243,"minecraft:walk_on_water_one_cm":7202,"minecraft:total_world_time":225840,"minecraft:interact_with_furnace":39,"minecraft:sleep_in_bed":4,"minecraft:time_since_rest":170,"minecraft:damage_taken":9078,"minecraft:damage_dealt":6413,"minecraft:fly_one_cm":559880,"minecraft:player_kills":13,"minecraft:swim_one_cm":13171,"minecraft:open_chest":55,"minecraft:crouch_one_cm":40803,"minecraft:fall_one_cm":88173},"minecraft:used":{"minecraft:cherry_sapling":19,"minecraft:stone_sword":68,"minecraft:orange_concrete":8,"minecraft:red_concrete":8,"minecraft:shield":46,"minecraft:stick":1,"minecraft:torch":67,"minecraft:dirt":28,"quark:cherry_chest":1,"minecraft:mutton":1,"spelunkery:stone_pebble":1,"minecraft:stripped_spruce_log":1,"minecraft:oak_stairs":1,"minecraft:lime_concrete":11,"supplementaries:ash":9,"minecraft:furnace":5,"minecraft:cooked_beef":7,"biomesoplenty:black_sand":1,"cataclysm:desert_eye":1,"minecraft:stone_pickaxe":138,"minecraft:wooden_pickaxe":26,"biomesoplenty:lavender":1,"minecraft:light_blue_concrete":11,"minecraft:crafting_table":6,"minecraft:yellow_concrete":7,"minecraft:crossbow":22,"minecraft:white_bed":1,"minecraft:diamond_pickaxe":39,"minecraft:iron_pickaxe":73,"create:asurine":1,"minecraft:gravel":3,"minecraft:stone_axe":95,"minecraft:diamond_sword":39,"minecraft:wooden_sword":6,"minecraft:cobblestone":23,"minecraft:cooked_porkchop":14,"iceandfire:chared_grass":1,"quark:oak_chest":1,"alexsmobs:animal_dictionary":14},"minecraft:killed_by":{"minecraft:player":22,"eidolon:wraith":1,"artifacts:mimic":1,"minecraft:zombie":1,"iceandfire:fire_dragon":1},"minecraft:killed":{"minecraft:cave_spider":2,"minecraft:spider":10,"minecraft:slime":26,"minecraft:skeleton":12,"minecraft:pig":14,"minecraft:sheep":4,"alexsmobs:catfish":2,"minecraft:zombie":6,"minecraft:player":4,"minecraft:cow":12},"minecraft:dropped":{"farmersdelight:tomato_seeds":2,"minecraft:golden_boots":1,"minecraft:wheat_seeds":7,"minecraft:yellow_concrete":1,"minecraft:purple_dye":4,"alexsmobs:raw_catfish":1,"minecraft:cornflower":1,"delightful:acorn":1,"minecraft:string":2,"minecraft:red_concrete":1,"minecraft:lime_concrete":1,"minecraft:orange_concrete":1,"minecraft:rotten_flesh":3,"minecraft:light_blue_concrete":1,"minecraft:diamond_pickaxe":1,"minecraft:spider_eye":2,"immersive_weathering:tallow":12,"minecraft:wooden_pickaxe":1},"minecraft:broken":{"minecraft:stone_pickaxe":1,"minecraft:shield":1}},"DataVersion":3465}