{"stats":{"minecraft:picked_up":{"minecraft:wheat_seeds":1,"cataclysm:desert_eye":1,"alexsmobs:animal_dictionary":2,"minecraft:dirt":5},"minecraft:killed_by":{"minecraft:player":14},"minecraft:used":{"minecraft:dirt":5,"supplementaries:ash":1,"cataclysm:desert_eye":1,"alexsmobs:animal_dictionary":14},"minecraft:mined":{"minecraft:grass":6,"minecraft:grass_block":16},"minecraft:killed":{"minecraft:player":1},"minecraft:custom":{"minecraft:time_since_rest":758,"minecraft:crouch_one_cm":13814,"minecraft:play_time":53699,"minecraft:sprint_one_cm":12930,"minecraft:deaths":17,"minecraft:damage_taken":4195,"minecraft:walk_one_cm":153825,"minecraft:sneak_time":3078,"minecraft:jump":570,"minecraft:damage_dealt":689,"minecraft:leave_game":1,"minecraft:time_since_death":0,"minecraft:total_world_time":53699,"minecraft:player_kills":4,"minecraft:fly_one_cm":19314,"minecraft:fall_one_cm":2217}},"DataVersion":3465}