{"stats":{"minecraft:picked_up":{"minecraft:dirt":5,"alexsmobs:animal_dictionary":1},"minecraft:killed_by":{"minecraft:player":9},"minecraft:used":{"alexsmobs:animal_dictionary":8,"minecraft:dirt":5,"supplementaries:ash":1},"minecraft:mined":{"minecraft:grass":6,"minecraft:grass_block":16},"minecraft:custom":{"minecraft:jump":403,"minecraft:time_since_rest":369,"minecraft:sprint_one_cm":1308,"minecraft:crouch_one_cm":12803,"minecraft:damage_dealt":491,"minecraft:damage_taken":2271,"minecraft:leave_game":1,"minecraft:play_time":41699,"minecraft:walk_one_cm":110739,"minecraft:time_since_death":340,"minecraft:deaths":9,"minecraft:sneak_time":2777,"minecraft:total_world_time":41699,"minecraft:fall_one_cm":964,"minecraft:fly_one_cm":7318,"minecraft:player_kills":3}},"DataVersion":3465}