{"stats":{"minecraft:picked_up":{"minecraft:dirt":5,"alexsmobs:animal_dictionary":1},"minecraft:killed_by":{"minecraft:player":6},"minecraft:used":{"alexsmobs:animal_dictionary":8,"minecraft:dirt":5,"supplementaries:ash":1},"minecraft:mined":{"minecraft:grass":6,"minecraft:grass_block":16},"minecraft:custom":{"minecraft:jump":235,"minecraft:time_since_rest":7643,"minecraft:sprint_one_cm":1058,"minecraft:crouch_one_cm":12803,"minecraft:damage_dealt":406,"minecraft:damage_taken":1594,"minecraft:leave_game":1,"minecraft:play_time":29699,"minecraft:walk_one_cm":75993,"minecraft:time_since_death":7599,"minecraft:deaths":6,"minecraft:sneak_time":2777,"minecraft:total_world_time":29699,"minecraft:fall_one_cm":964,"minecraft:fly_one_cm":4914,"minecraft:player_kills":3}},"DataVersion":3465}