{"stats":{"minecraft:mined":{"spelunkery:nephrite":7,"minecraft:farmland":1,"quark:cherry_chest":1,"minecraft:light_blue_concrete":10,"minecraft:cobblestone_stairs":3,"minecraft:cherry_log":196,"sophisticatedbackpacks:gold_backpack":1,"minecraft:grass_block":79,"minecraft:orange_concrete":6,"biomesoplenty:tall_lavender":2,"minecraft:iron_ore":71,"biomesoplenty:lavender":33,"biomesoplenty:hanging_cobweb":1,"create:asurine":1,"supplementaries:stick":1,"minecraft:dirt_path":5,"minecraft:oak_stairs":21,"biomesoplenty:webbing":6,"quark:limestone":1,"immersive_weathering:oak_leaf_pile":6,"eidolon:lead_ore":1,"minecraft:deepslate_redstone_ore":2,"minecraft:smoker":1,"minecraft:piglin_head":1,"biomesoplenty:hanging_cobweb_strand":1,"minecraft:torch":14,"minecraft:blast_furnace":2,"minecraft:nether_quartz_ore":1,"minecraft:cobblestone":45,"minecraft:sugar_cane":16,"minecraft:oak_planks":33,"minecraft:damaged_anvil":1,"minecraft:wall_torch":4,"minecraft:white_terracotta":6,"minecraft:cherry_fence":1,"minecraft:lime_concrete":10,"minecraft:grass":56,"biomesoplenty:clover":34,"minecraft:oak_log":13,"minecraft:dirt":73,"minecraft:zombie_wall_head":1,"minecraft:oak_leaves":4,"minecraft:deepslate":7,"biomesoplenty:reed":1,"minecraft:tuff":8,"iceandfire:silver_ore":1,"minecraft:mossy_cobblestone":11,"minecraft:oak_door":1,"minecraft:cherry_sapling":17,"biomesoplenty:bush":3,"eidolon:silver_ore":1,"iceandfire:chared_grass":1,"minecraft:redstone_ore":1,"minecraft:furnace":3,"minecraft:stripped_spruce_log":1,"minecraft:piglin_wall_head":1,"biomesoplenty:barley":12,"biomesoplenty:spider_egg":1,"minecraft:stone":177,"minecraft:cherry_stairs":44,"minecraft:white_wool":50,"minecraft:oak_slab":1,"minecraft:cherry_planks":61,"quark:oak_chest":3,"biomesoplenty:black_sand":7,"minecraft:crafting_table":5,"minecraft:cornflower":1,"spelunkery:conk_fungus":1,"biomesoplenty:huge_clover_petal":9,"minecraft:red_concrete":7,"minecraft:sculk":19,"supplementaries:urn":7,"immersive_weathering:cherry_leaf_pile":193,"minecraft:yellow_bed":1,"minecraft:coal_ore":158,"minecraft:cherry_leaves":208,"minecraft:gravel":5,"minecraft:yellow_concrete":6,"biomesoplenty:stringy_cobweb":2,"minecraft:cobweb":1,"minecraft:gold_ore":1},"minecraft:picked_up":{"minecraft:wheat":63,"minecraft:light_blue_concrete":12,"minecraft:diamond_sword":1,"minecraft:oak_stairs":21,"minecraft:string":13,"minecraft:iron_leggings":1,"biomesoplenty:tall_lavender":2,"minecraft:zombie_head":1,"minecraft:gold_nugget":1,"minecraft:cobbled_deepslate":20,"delightful:acorn":2,"delightful:green_tea_leaf":13,"minecraft:furnace":3,"minecraft:stick":98,"spelunkery:rough_cinnabar_shard":13,"minecraft:torch":27,"minecraft:porkchop":19,"minecraft:cherry_log":205,"minecraft:rotten_flesh":19,"alexsdelight:raw_bison":4,"create:asurine":1,"minecraft:white_terracotta":6,"supplementaries:ash":12,"minecraft:cobblestone":322,"biomesoplenty:lavender":57,"minecraft:cherry_planks":69,"eidolon:raw_silver":1,"minecraft:cherry_leaves":57,"minecraft:smoker":2,"alexsmobs:bison_fur":4,"spelunkery:rough_cinnabar":5,"minecraft:flint":2,"minecraft:tuff":8,"minecraft:cherry_fence":1,"minecraft:dirt":153,"minecraft:bone":23,"minecraft:wheat_seeds":166,"minecraft:raw_gold":6,"minecraft:oak_planks":76,"immersive_weathering:tallow":24,"minecraft:stripped_spruce_log":1,"spelunkery:white_inkcap_mushroom":1,"minecraft:spectral_arrow":64,"alexsmobs:animal_dictionary":5,"minecraft:mossy_cobblestone":22,"minecraft:diamond":4,"artifacts:crystal_heart":1,"minecraft:crossbow":1,"minecraft:emerald":14,"minecraft:oak_sapling":9,"iceandfire:raw_silver":2,"minecraft:diamond_pickaxe":2,"iceandfire:dragon_skull_lightning":2,"sophisticatedbackpacks:gold_backpack":2,"minecraft:coarse_dirt":30,"minecraft:crafting_table":5,"minecraft:azure_bluet":3,"minecraft:wooden_pickaxe":1,"spelunkery:conk_fungus":1,"minecraft:cornflower":2,"minecraft:orange_concrete":9,"minecraft:white_carpet":1,"minecraft:iron_shovel":1,"minecraft:glass_pane":2,"biomesoplenty:black_sand":7,"minecraft:beef":18,"spelunkery:nephrite_chunk":56,"minecraft:poppy":2,"minecraft:sugar_cane":88,"minecraft:raw_iron":102,"minecraft:cherry_stairs":45,"minecraft:oak_door":2,"iceandfire:chared_grass":1,"farmersdelight:tomato_seeds":2,"minecraft:arrow":16,"minecraft:gold_ingot":3,"minecraft:mutton":2,"minecraft:white_wool":195,"immersive_weathering:charred_log":4,"minecraft:leather":10,"minecraft:oak_log":36,"minecraft:golden_boots":2,"minecraft:yellow_bed":1,"minecraft:cobblestone_stairs":3,"quark:limestone":1,"minecraft:piglin_head":2,"minecraft:apple":2,"minecraft:iron_ingot":22,"minecraft:stone_pickaxe":1,"minecraft:book":3,"minecraft:oak_slab":2,"minecraft:yellow_concrete":9,"minecraft:quartz":1,"minecraft:lime_concrete":13,"minecraft:gravel":3,"cataclysm:desert_eye":1,"minecraft:blast_furnace":3,"quark:oak_chest":3,"minecraft:spider_eye":4,"alexsmobs:raw_catfish":2,"minecraft:slime_ball":18,"minecraft:cherry_sapling":109,"minecraft:damaged_anvil":2,"minecraft:red_concrete":10,"minecraft:coal":222},"minecraft:crafted":{"minecraft:oak_planks":28,"minecraft:cherry_slab":9,"quark:cherry_chest":1,"minecraft:cooked_mutton":1,"minecraft:glass":6,"minecraft:iron_boots":1,"minecraft:oak_fence":3,"minecraft:cherry_fence":13,"minecraft:smoker":1,"minecraft:cooked_porkchop":19,"minecraft:crafting_table":3,"minecraft:wooden_pickaxe":1,"minecraft:iron_helmet":1,"spelunkery:rough_cinnabar":1,"spelunkery:coal_lump":28,"minecraft:iron_chestplate":1,"minecraft:charcoal":3,"minecraft:purple_dye":2,"minecraft:shield":2,"minecraft:stick":34,"quark:oak_chest":1,"minecraft:iron_pickaxe":1,"minecraft:iron_ingot":39,"minecraft:stone_sword":1,"minecraft:shears":1,"minecraft:cherry_planks":181,"minecraft:coal":28,"minecraft:iron_nugget":30,"minecraft:furnace":3,"minecraft:white_carpet":4,"minecraft:glass_pane":1,"minecraft:cherry_trapdoor":24,"minecraft:lantern":6,"minecraft:iron_axe":2,"minecraft:cherry_stairs":89,"minecraft:stone_pickaxe":1,"minecraft:cooked_beef":18,"spelunkery:stone_pebble":9,"minecraft:cooked_salmon":12,"minecraft:bucket":1,"minecraft:stone_axe":1,"minecraft:air":1283,"minecraft:iron_shovel":1,"minecraft:cherry_door":1,"minecraft:white_bed":1,"minecraft:torch":32},"minecraft:custom":{"minecraft:interact_with_crafting_table":75,"minecraft:open_barrel":11,"minecraft:leave_game":4,"minecraft:time_since_death":75767,"minecraft:sprint_one_cm":570591,"minecraft:damage_blocked_by_shield":1703,"minecraft:drop":37,"minecraft:talked_to_villager":3,"minecraft:play_time":407065,"minecraft:deaths":36,"minecraft:jump":5577,"minecraft:walk_on_water_one_cm":14885,"minecraft:interact_with_furnace":51,"minecraft:sleep_in_bed":6,"minecraft:waystone_activated":2,"minecraft:damage_dealt":10265,"minecraft:player_kills":13,"minecraft:crouch_one_cm":117510,"minecraft:interact_with_smoker":8,"minecraft:mob_kills":64,"minecraft:damage_dealt_resisted":338,"minecraft:walk_one_cm":1082551,"minecraft:damage_dealt_absorbed":79,"minecraft:sneak_time":31930,"minecraft:walk_under_water_one_cm":5946,"minecraft:interact_with_blast_furnace":4,"minecraft:total_world_time":407065,"minecraft:interact_with_grindstone":3,"minecraft:time_since_rest":75795,"minecraft:damage_taken":12700,"minecraft:swim_one_cm":13290,"minecraft:fly_one_cm":908980,"minecraft:open_chest":104,"minecraft:fall_one_cm":168969},"minecraft:used":{"spelunkery:white_inkcap_mushroom":1,"minecraft:cherry_sapling":30,"minecraft:iron_shovel":118,"minecraft:shield":52,"minecraft:white_terracotta":6,"quark:cherry_chest":1,"minecraft:mutton":1,"spelunkery:stone_pebble":5,"minecraft:stripped_spruce_log":1,"quark:limestone":1,"minecraft:lantern":6,"minecraft:cherry_leaves":57,"supplementaries:ash":9,"minecraft:furnace":5,"minecraft:stone_pickaxe":138,"minecraft:oak_planks":25,"minecraft:wooden_pickaxe":26,"biomesoplenty:lavender":1,"minecraft:white_wool":176,"minecraft:light_blue_concrete":11,"minecraft:blast_furnace":1,"minecraft:yellow_concrete":7,"minecraft:crossbow":22,"minecraft:shears":108,"minecraft:bread":5,"minecraft:gravel":3,"create:asurine":1,"minecraft:diamond_sword":115,"minecraft:wooden_sword":6,"minecraft:oak_fence":7,"minecraft:stone_sword":68,"minecraft:orange_concrete":8,"minecraft:red_concrete":8,"minecraft:cooked_salmon":12,"minecraft:stick":1,"minecraft:torch":115,"minecraft:dirt":134,"minecraft:white_carpet":7,"minecraft:iron_axe":344,"minecraft:oak_stairs":1,"minecraft:cherry_slab":22,"minecraft:cherry_trapdoor":34,"minecraft:lime_concrete":11,"minecraft:cooked_beef":17,"minecraft:cherry_fence":27,"minecraft:cherry_log":20,"sophisticatedbackpacks:gold_backpack":1,"biomesoplenty:black_sand":1,"minecraft:wheat_seeds":63,"minecraft:cooked_mutton":1,"minecraft:water_bucket":11,"cataclysm:desert_eye":1,"minecraft:cherry_planks":193,"iceandfire:dragon_skull_lightning":2,"minecraft:mossy_cobblestone":10,"minecraft:crafting_table":8,"minecraft:white_bed":1,"minecraft:piglin_head":1,"minecraft:smoker":2,"minecraft:diamond_pickaxe":39,"minecraft:cherry_door":1,"minecraft:iron_pickaxe":367,"minecraft:stone_axe":131,"minecraft:cobblestone":108,"minecraft:cherry_stairs":220,"minecraft:cooked_porkchop":19,"iceandfire:chared_grass":1,"minecraft:bucket":12,"minecraft:glass_pane":14,"minecraft:yellow_bed":1,"quark:oak_chest":2,"alexsmobs:animal_dictionary":14},"minecraft:killed_by":{"minecraft:creeper":1,"eidolon:wraith":1,"artifacts:mimic":1,"minecraft:zombie":2,"iceandfire:fire_dragon":1,"minecraft:player":24},"minecraft:killed":{"minecraft:cave_spider":2,"minecraft:zombified_piglin":2,"minecraft:spider":14,"minecraft:skeleton":14,"artifacts:mimic":2,"minecraft:pig":14,"minecraft:zombie_villager":2,"minecraft:creeper":4,"minecraft:sheep":4,"minecraft:zombie":26,"minecraft:cow":12,"minecraft:slime":26,"eidolon:wraith":2,"alexsmobs:catfish":2,"minecraft:player":4},"minecraft:dropped":{"iceandfire:raw_silver":1,"minecraft:oak_log":10,"eidolon:raw_silver":1,"spelunkery:stone_pebble":4,"spelunkery:rough_cinnabar_shard":2,"minecraft:cornflower":1,"quark:oak_chest":2,"minecraft:oak_door":1,"alexsmobs:animal_dictionary":1,"minecraft:rotten_flesh":10,"supplementaries:ash":4,"immersive_weathering:tallow":12,"farmersdelight:tomato_seeds":2,"minecraft:golden_boots":1,"minecraft:wheat_seeds":7,"minecraft:mossy_cobblestone":6,"minecraft:yellow_concrete":1,"minecraft:cobblestone":36,"minecraft:purple_dye":4,"minecraft:coal":38,"alexsmobs:raw_catfish":1,"delightful:acorn":1,"minecraft:string":2,"minecraft:red_concrete":1,"minecraft:coarse_dirt":10,"minecraft:lime_concrete":1,"minecraft:raw_iron":31,"minecraft:orange_concrete":1,"minecraft:smoker":1,"minecraft:damaged_anvil":1,"minecraft:light_blue_concrete":1,"minecraft:diamond_pickaxe":1,"minecraft:spider_eye":2,"minecraft:wooden_pickaxe":1},"minecraft:broken":{"minecraft:stone_pickaxe":1,"minecraft:stone_axe":1,"minecraft:shield":1,"minecraft:iron_axe":1,"minecraft:iron_pickaxe":1}},"DataVersion":3465}