{"stats":{"minecraft:dropped":{"minecraft:red_concrete":1,"minecraft:diamond_pickaxe":1,"minecraft:lime_concrete":1,"minecraft:yellow_concrete":1,"minecraft:orange_concrete":1,"minecraft:light_blue_concrete":1},"minecraft:picked_up":{"minecraft:crafting_table":1,"minecraft:stick":3,"minecraft:light_blue_concrete":12,"minecraft:yellow_concrete":9,"minecraft:lime_concrete":13,"cataclysm:desert_eye":1,"minecraft:cherry_log":30,"minecraft:stripped_spruce_log":1,"minecraft:spectral_arrow":64,"minecraft:dirt":15,"alexsmobs:animal_dictionary":3,"minecraft:orange_concrete":9,"minecraft:wheat_seeds":1,"minecraft:crossbow":1,"minecraft:cherry_sapling":1,"minecraft:red_concrete":10,"minecraft:coal":31,"minecraft:cobblestone":25,"minecraft:diamond_pickaxe":2},"minecraft:killed_by":{"minecraft:player":22},"minecraft:used":{"minecraft:diamond_pickaxe":39,"minecraft:orange_concrete":8,"minecraft:red_concrete":8,"cataclysm:desert_eye":1,"minecraft:stone_pickaxe":34,"minecraft:wooden_pickaxe":26,"minecraft:stone_axe":48,"minecraft:stick":1,"minecraft:wooden_sword":6,"minecraft:dirt":10,"minecraft:cobblestone":1,"minecraft:lime_concrete":11,"minecraft:crafting_table":1,"minecraft:light_blue_concrete":11,"supplementaries:ash":1,"minecraft:yellow_concrete":7,"minecraft:crossbow":22,"alexsmobs:animal_dictionary":14,"minecraft:stripped_spruce_log":1},"minecraft:mined":{"minecraft:orange_concrete":6,"minecraft:light_blue_concrete":10,"minecraft:cherry_log":30,"minecraft:lime_concrete":10,"minecraft:stripped_spruce_log":1,"minecraft:crafting_table":1,"minecraft:grass":7,"supplementaries:stick":1,"minecraft:grass_block":21,"minecraft:coal_ore":31,"minecraft:cherry_leaves":30,"minecraft:dirt":5,"minecraft:yellow_concrete":6,"minecraft:stone":25,"minecraft:red_concrete":7},"minecraft:crafted":{"spelunkery:stone_pebble":9,"minecraft:cherry_planks":7,"minecraft:crafting_table":1,"minecraft:stick":8,"minecraft:wooden_pickaxe":1,"minecraft:stone_pickaxe":1,"minecraft:stone_sword":1,"minecraft:furnace":1,"minecraft:stone_axe":1,"minecraft:air":28},"minecraft:killed":{"minecraft:player":4},"minecraft:custom":{"minecraft:time_since_rest":33067,"minecraft:sprint_one_cm":37481,"minecraft:damage_taken":6575,"minecraft:walk_one_cm":276338,"minecraft:drop":6,"minecraft:damage_dealt":1051,"minecraft:interact_with_crafting_table":2,"minecraft:fly_one_cm":58427,"minecraft:player_kills":13,"minecraft:crouch_one_cm":21275,"minecraft:play_time":101699,"minecraft:deaths":26,"minecraft:sneak_time":5205,"minecraft:jump":894,"minecraft:leave_game":1,"minecraft:time_since_death":33044,"minecraft:total_world_time":101699,"minecraft:fall_one_cm":8502}},"DataVersion":3465}