{"stats":{"minecraft:picked_up":{"minecraft:light_blue_concrete":12,"minecraft:yellow_concrete":9,"minecraft:lime_concrete":13,"cataclysm:desert_eye":1,"minecraft:stripped_spruce_log":1,"minecraft:spectral_arrow":64,"minecraft:dirt":7,"alexsmobs:animal_dictionary":3,"minecraft:orange_concrete":9,"minecraft:wheat_seeds":1,"minecraft:crossbow":1,"minecraft:red_concrete":10,"minecraft:diamond_pickaxe":2},"minecraft:dropped":{"minecraft:red_concrete":1,"minecraft:diamond_pickaxe":1,"minecraft:lime_concrete":1,"minecraft:yellow_concrete":1,"minecraft:orange_concrete":1,"minecraft:light_blue_concrete":1},"minecraft:killed_by":{"minecraft:player":22},"minecraft:used":{"minecraft:diamond_pickaxe":39,"minecraft:orange_concrete":8,"minecraft:red_concrete":8,"cataclysm:desert_eye":1,"minecraft:wooden_sword":6,"minecraft:dirt":6,"minecraft:lime_concrete":11,"minecraft:light_blue_concrete":11,"supplementaries:ash":1,"minecraft:yellow_concrete":7,"minecraft:crossbow":22,"alexsmobs:animal_dictionary":14,"minecraft:stripped_spruce_log":1},"minecraft:mined":{"minecraft:orange_concrete":6,"minecraft:light_blue_concrete":10,"minecraft:lime_concrete":10,"minecraft:stripped_spruce_log":1,"minecraft:grass":6,"minecraft:grass_block":18,"minecraft:yellow_concrete":6,"minecraft:red_concrete":7},"minecraft:killed":{"minecraft:player":4},"minecraft:custom":{"minecraft:time_since_rest":21067,"minecraft:sprint_one_cm":25455,"minecraft:damage_taken":6545,"minecraft:walk_one_cm":242423,"minecraft:drop":6,"minecraft:damage_dealt":1051,"minecraft:fly_one_cm":38635,"minecraft:player_kills":13,"minecraft:crouch_one_cm":18944,"minecraft:play_time":89699,"minecraft:deaths":26,"minecraft:sneak_time":4283,"minecraft:jump":785,"minecraft:leave_game":1,"minecraft:time_since_death":21044,"minecraft:total_world_time":89699,"minecraft:fall_one_cm":4752}},"DataVersion":3465}