{"stats":{"minecraft:dropped":{"minecraft:red_concrete":1,"minecraft:wheat_seeds":1,"minecraft:lime_concrete":1,"minecraft:yellow_concrete":1,"minecraft:orange_concrete":1,"minecraft:purple_dye":4,"minecraft:light_blue_concrete":1,"minecraft:diamond_pickaxe":1},"minecraft:picked_up":{"biomesoplenty:lavender":29,"minecraft:crafting_table":3,"minecraft:coarse_dirt":10,"immersive_weathering:charred_log":2,"minecraft:light_blue_concrete":12,"minecraft:leather":7,"alexsmobs:bison_fur":2,"minecraft:flint":1,"minecraft:cornflower":1,"minecraft:string":2,"minecraft:dirt":33,"minecraft:orange_concrete":9,"minecraft:iron_leggings":1,"biomesoplenty:tall_lavender":2,"minecraft:bone":2,"minecraft:wheat_seeds":6,"minecraft:cobbled_deepslate":3,"minecraft:iron_ingot":21,"minecraft:beef":12,"minecraft:sugar_cane":44,"immersive_weathering:tallow":12,"minecraft:furnace":1,"minecraft:raw_iron":2,"minecraft:stick":3,"minecraft:yellow_concrete":9,"iceandfire:chared_grass":1,"minecraft:torch":2,"minecraft:lime_concrete":13,"minecraft:gravel":3,"minecraft:porkchop":19,"cataclysm:desert_eye":1,"minecraft:stripped_spruce_log":1,"minecraft:cherry_log":30,"minecraft:spectral_arrow":64,"minecraft:spider_eye":2,"alexsmobs:animal_dictionary":3,"alexsmobs:raw_catfish":1,"minecraft:crossbow":1,"alexsdelight:raw_bison":2,"minecraft:cherry_sapling":1,"minecraft:gold_ingot":1,"minecraft:red_concrete":10,"minecraft:mutton":2,"minecraft:coal":57,"minecraft:white_wool":2,"minecraft:cobblestone":27,"minecraft:diamond_pickaxe":2},"minecraft:killed_by":{"minecraft:player":22,"eidolon:wraith":1,"iceandfire:fire_dragon":1},"minecraft:used":{"minecraft:stone_sword":42,"minecraft:orange_concrete":8,"minecraft:red_concrete":8,"cataclysm:desert_eye":1,"minecraft:stone_pickaxe":49,"minecraft:shield":1,"minecraft:wooden_pickaxe":26,"biomesoplenty:lavender":1,"minecraft:stick":1,"minecraft:torch":6,"minecraft:dirt":28,"minecraft:mutton":1,"minecraft:light_blue_concrete":11,"minecraft:crafting_table":4,"minecraft:yellow_concrete":7,"minecraft:crossbow":22,"minecraft:stripped_spruce_log":1,"minecraft:diamond_pickaxe":39,"minecraft:gravel":3,"minecraft:stone_axe":71,"minecraft:wooden_sword":6,"minecraft:lime_concrete":11,"minecraft:cobblestone":9,"supplementaries:ash":1,"minecraft:furnace":2,"minecraft:cooked_porkchop":5,"iceandfire:chared_grass":1,"alexsmobs:animal_dictionary":14,"minecraft:cooked_beef":4},"minecraft:mined":{"minecraft:light_blue_concrete":10,"minecraft:cherry_log":30,"minecraft:cornflower":1,"minecraft:crafting_table":3,"biomesoplenty:bush":3,"minecraft:grass_block":24,"minecraft:cobblestone":1,"minecraft:red_concrete":7,"minecraft:sugar_cane":16,"minecraft:wall_torch":2,"iceandfire:chared_grass":1,"minecraft:orange_concrete":6,"biomesoplenty:tall_lavender":2,"minecraft:furnace":1,"minecraft:iron_ore":2,"biomesoplenty:lavender":33,"minecraft:stripped_spruce_log":1,"minecraft:lime_concrete":10,"minecraft:grass":38,"supplementaries:stick":1,"minecraft:coal_ore":31,"minecraft:cherry_leaves":30,"minecraft:gravel":5,"minecraft:yellow_concrete":6,"minecraft:dirt":20,"biomesoplenty:barley":12,"minecraft:stone":26,"biomesoplenty:reed":1},"minecraft:crafted":{"minecraft:cooked_beef":6,"minecraft:cherry_planks":7,"spelunkery:stone_pebble":9,"minecraft:coal":28,"minecraft:cooked_porkchop":5,"minecraft:crafting_table":2,"minecraft:iron_helmet":1,"minecraft:wooden_pickaxe":1,"minecraft:furnace":1,"minecraft:stone_axe":1,"minecraft:air":298,"spelunkery:coal_lump":28,"minecraft:iron_boots":1,"minecraft:iron_chestplate":1,"minecraft:purple_dye":2,"minecraft:shield":1,"minecraft:stick":8,"minecraft:iron_ingot":1,"minecraft:stone_pickaxe":1,"minecraft:stone_sword":1,"minecraft:torch":3},"minecraft:killed":{"minecraft:pig":14,"minecraft:spider":4,"minecraft:skeleton":2,"minecraft:sheep":4,"alexsmobs:catfish":2,"minecraft:player":4,"minecraft:cow":12},"minecraft:custom":{"minecraft:interact_with_furnace":17,"minecraft:mob_kills":20,"minecraft:interact_with_crafting_table":7,"minecraft:leave_game":1,"minecraft:time_since_death":34253,"minecraft:sleep_in_bed":1,"minecraft:time_since_rest":3985,"minecraft:sprint_one_cm":188867,"minecraft:damage_taken":7786,"minecraft:walk_one_cm":380115,"minecraft:damage_blocked_by_shield":75,"minecraft:drop":8,"minecraft:damage_dealt":3313,"minecraft:swim_one_cm":13171,"minecraft:player_kills":13,"minecraft:fly_one_cm":423802,"minecraft:crouch_one_cm":24462,"minecraft:play_time":161699,"minecraft:deaths":29,"minecraft:sneak_time":6311,"minecraft:walk_under_water_one_cm":3172,"minecraft:jump":2436,"minecraft:walk_on_water_one_cm":7202,"minecraft:total_world_time":161699,"minecraft:fall_one_cm":60839}},"DataVersion":3465}