{"stats":{"minecraft:picked_up":{"minecraft:crafting_table":19,"minecraft:iron_chestplate":2,"minecraft:allium":4,"minecraft:light_blue_concrete":9,"minecraft:azure_bluet":2,"minecraft:chicken":3,"quark:music_disc_drips":1,"minecraft:oak_stairs":2,"spelunkery:conk_fungus":4,"minecraft:brick":12,"minecraft:string":4,"minecraft:raw_copper":48,"minecraft:orange_concrete":12,"minecraft:cherry_boat":2,"minecraft:tnt_minecart":1,"minecraft:cobbled_deepslate":22,"delightful:acorn":3,"minecraft:beef":8,"minecraft:poppy":1,"minecraft:light_gray_wool":1,"alexsmobs:raccoon_tail":1,"minecraft:furnace":8,"minecraft:egg":3,"minecraft:dark_oak_sapling":1,"minecraft:raw_iron":37,"minecraft:stick":9,"minecraft:oak_door":1,"spelunkery:rough_cinnabar_shard":32,"minecraft:copper_ingot":2,"minecraft:oak_fence":2,"quark:cherry_chest":2,"minecraft:torch":4,"minecraft:cherry_log":25,"spelunkery:raw_magnetite_nugget":2,"immersive_weathering:oak_bark":1,"minecraft:arrow":5,"minecraft:rotten_flesh":11,"farmersdelight:onion":1,"quark:hollow_cherry_log":1,"minecraft:hay_block":19,"alexsdelight:raw_bison":10,"supplementaries:ash":1,"minecraft:mutton":7,"minecraft:white_wool":4,"minecraft:cobblestone":309,"minecraft:stripped_oak_log":1,"minecraft:pink_petals":14,"spelunkery:inkcap_mushroom":1,"minecraft:andesite":19,"minecraft:leather":9,"minecraft:smoker":4,"alexsmobs:bison_fur":2,"spelunkery:rough_cinnabar":14,"create:raw_zinc":34,"minecraft:oak_log":21,"minecraft:golden_boots":1,"minecraft:dirt":29,"minecraft:bone":4,"minecraft:apple":7,"spelunkery:raw_zinc_nugget":8,"minecraft:wheat_seeds":4,"minecraft:iron_ingot":8,"betterarcheology:archeology_table":1,"ad_astra:launch_pad":1,"minecraft:raw_gold":4,"spelunkery:rough_lazurite":10,"spelunkery:dust":1,"minecraft:cherry_sign":1,"minecraft:stone_hoe":1,"iceandfire:chared_stone":2,"minecraft:yellow_concrete":15,"minecraft:lime_concrete":9,"minecraft:oak_pressure_plate":1,"minecraft:dark_oak_log":2,"minecraft:spider_eye":1,"minecraft:spectral_arrow":64,"alexsmobs:animal_dictionary":2,"iceandfire:chared_cobblestone":1,"alexsmobs:raw_catfish":3,"eidolon:raw_lead":4,"minecraft:slime_ball":4,"minecraft:crossbow":1,"minecraft:cherry_sapling":2,"minecraft:gray_wool":1,"spelunkery:raw_iron_nugget":14,"minecraft:bread":7,"spelunkery:raw_gold_nugget":2,"alexsmobs:maggot":5,"minecraft:oak_sapling":5,"minecraft:red_concrete":13,"minecraft:coal":119,"iceandfire:raw_silver":10,"minecraft:diamond_pickaxe":1},"minecraft:dropped":{"minecraft:iron_ingot":5,"minecraft:golden_boots":1,"minecraft:wheat_seeds":2,"minecraft:yellow_concrete":2,"minecraft:dark_oak_button":8,"minecraft:tnt_minecart":1,"minecraft:pink_petals":14,"minecraft:white_wool":1,"minecraft:bone":1,"minecraft:red_concrete":1,"immersive_weathering:oak_bark":1,"minecraft:lime_concrete":1,"minecraft:orange_concrete":2,"minecraft:rotten_flesh":1,"minecraft:light_blue_concrete":2,"spelunkery:raw_magnetite_nugget":2,"spelunkery:dust":1,"minecraft:poppy":1,"minecraft:iron_chestplate":2,"minecraft:andesite":1,"minecraft:brick":12},"minecraft:killed_by":{"minecraft:player":18,"alexsmobs:bison":2,"minecraft:zombie":1,"alexsmobs:farseer":1},"minecraft:used":{"minecraft:cherry_boat":2,"minecraft:cherry_sapling":2,"minecraft:orange_concrete":10,"minecraft:red_concrete":12,"minecraft:stone_shovel":37,"minecraft:shield":27,"minecraft:iron_sword":39,"minecraft:stone_hoe":21,"minecraft:rotten_flesh":5,"minecraft:iron_chestplate":2,"alexsmobs:medium_catfish_bucket":2,"minecraft:oak_door":1,"minecraft:stick":1,"minecraft:torch":46,"quark:cherry_chest":4,"minecraft:dirt":6,"spelunkery:inkcap_mushroom":1,"minecraft:lime_concrete":8,"minecraft:furnace":8,"minecraft:oak_sapling":2,"minecraft:cherry_log":2,"alexsdelight:cooked_bison":5,"quark:hollow_cherry_log":1,"minecraft:cooked_mutton":2,"alexsmobs:cooked_catfish":3,"minecraft:water_bucket":6,"minecraft:stone_pickaxe":309,"minecraft:wooden_pickaxe":10,"minecraft:white_bed":1,"farmersdelight:onion":1,"minecraft:crossbow":21,"minecraft:crafting_table":20,"minecraft:light_blue_concrete":7,"minecraft:yellow_concrete":13,"minecraft:smoker":4,"minecraft:diamond_pickaxe":45,"minecraft:bread":21,"minecraft:iron_pickaxe":196,"minecraft:cherry_sign":2,"minecraft:stone_axe":152,"minecraft:wooden_sword":8,"minecraft:cobblestone":101,"minecraft:bucket":9,"alexsmobs:animal_dictionary":23,"minecraft:stripped_oak_log":1},"minecraft:broken":{"minecraft:stone_pickaxe":2,"minecraft:stone_axe":1},"minecraft:mined":{"create:zinc_ore":16,"create:deepslate_zinc_ore":1,"iceandfire:silver_ore":5,"quark:cherry_chest":2,"minecraft:dark_oak_leaves":1,"minecraft:oak_door":1,"minecraft:light_blue_concrete":6,"minecraft:cherry_log":25,"minecraft:dark_oak_log":2,"minecraft:grass_block":8,"minecraft:decorated_pot":1,"spelunkery:dust":1,"minecraft:orange_concrete":9,"minecraft:hay_block":19,"minecraft:tall_seagrass":1,"minecraft:furnace":8,"minecraft:iron_ore":33,"biomesoplenty:violet":1,"minecraft:andesite":10,"minecraft:azure_bluet":1,"supplementaries:stick":1,"minecraft:deepslate_iron_ore":4,"minecraft:oak_stairs":2,"minecraft:stripped_oak_log":1,"minecraft:stone":284,"eidolon:lead_ore":2,"minecraft:deepslate_redstone_ore":4,"betterarcheology:archeology_table":1,"minecraft:smoker":4,"minecraft:oak_fence":1,"minecraft:crafting_table":19,"spelunkery:diorite_iron_ore":1,"minecraft:torch":2,"spelunkery:conk_fungus":2,"spelunkery:inkcap_mushroom":1,"minecraft:cobblestone":43,"quark:hollow_cherry_log":1,"minecraft:tall_grass":2,"minecraft:copper_ore":5,"minecraft:deepslate_gold_ore":2,"biomesoplenty:sprout":1,"minecraft:lapis_ore":4,"biomesoplenty:huge_clover_petal":4,"minecraft:red_concrete":11,"minecraft:wall_torch":1,"minecraft:pink_petals":2,"minecraft:coarse_dirt":10,"minecraft:lime_concrete":7,"minecraft:grass":26,"biomesoplenty:clover":12,"minecraft:oak_log":21,"minecraft:coal_ore":45,"minecraft:cherry_leaves":1,"minecraft:gravel":5,"minecraft:yellow_concrete":12,"minecraft:dirt":23,"minecraft:oak_leaves":1,"immersive_weathering:dark_oak_leaf_pile":1,"minecraft:gold_ore":2,"spelunkery:diorite_copper_ore":2,"minecraft:deepslate":31,"minecraft:fern":2},"minecraft:crafted":{"minecraft:cherry_planks":19,"minecraft:smooth_stone":3,"minecraft:oak_planks":16,"minecraft:stone_shovel":1,"minecraft:furnace":3,"minecraft:blast_furnace":1,"minecraft:cherry_boat":1,"minecraft:stone":3,"quark:cherry_chest":3,"minecraft:cooked_mutton":2,"alexsdelight:cooked_bison":5,"minecraft:iron_boots":1,"minecraft:stone_pickaxe":3,"alexsmobs:cooked_catfish":3,"minecraft:dark_oak_planks":2,"minecraft:stone_hoe":1,"minecraft:smoker":1,"minecraft:wheat":19,"sophisticatedbackpacks:backpack":1,"minecraft:crafting_table":1,"minecraft:wooden_pickaxe":1,"minecraft:iron_helmet":1,"minecraft:iron_sword":1,"minecraft:dark_oak_button":8,"minecraft:bucket":1,"minecraft:stone_axe":2,"minecraft:bread":57,"minecraft:air":449,"minecraft:iron_chestplate":1,"minecraft:cherry_sign":1,"minecraft:shield":1,"minecraft:stick":20,"minecraft:iron_ingot":36,"minecraft:iron_pickaxe":1,"minecraft:iron_leggings":1,"minecraft:white_bed":1,"minecraft:torch":32},"minecraft:custom":{"minecraft:mob_kills":43,"minecraft:interact_with_crafting_table":36,"minecraft:bell_ring":45,"minecraft:leave_game":4,"minecraft:time_since_death":19023,"minecraft:climb_one_cm":10367,"minecraft:sprint_one_cm":282701,"minecraft:walk_one_cm":468545,"minecraft:damage_blocked_by_shield":1298,"minecraft:drop":30,"minecraft:talked_to_villager":5,"minecraft:play_time":223303,"minecraft:deaths":32,"minecraft:sneak_time":18281,"minecraft:walk_under_water_one_cm":10282,"minecraft:jump":3744,"minecraft:walk_on_water_one_cm":13393,"minecraft:total_world_time":223303,"minecraft:interact_with_furnace":40,"minecraft:sleep_in_bed":3,"minecraft:time_since_rest":11620,"minecraft:damage_taken":8966,"minecraft:damage_dealt":7529,"minecraft:swim_one_cm":27906,"minecraft:player_kills":8,"minecraft:fly_one_cm":536167,"minecraft:open_chest":38,"minecraft:crouch_one_cm":42685,"minecraft:interact_with_smoker":9,"minecraft:fall_one_cm":81096,"minecraft:horse_one_cm":11},"minecraft:killed":{"alexsmobs:hummingbird":2,"alexsmobs:raccoon":8,"minecraft:spider":2,"minecraft:slime":2,"minecraft:horse":6,"minecraft:skeleton":6,"minecraft:chicken":6,"alexsmobs:bison":4,"eidolon:slimy_slug":4,"minecraft:zombie_villager":2,"minecraft:iron_golem":2,"minecraft:sheep":10,"alexsmobs:catfish":2,"minecraft:zombie":10,"alexsmobs:fly":6,"alexsmobs:crow":2,"minecraft:player":2,"minecraft:cow":8}},"DataVersion":3465}