{"stats":{"minecraft:dropped":{"minecraft:red_concrete":1,"minecraft:lime_concrete":1,"minecraft:yellow_concrete":2,"minecraft:orange_concrete":2,"minecraft:light_blue_concrete":2,"minecraft:iron_chestplate":2,"minecraft:tnt_minecart":1},"minecraft:picked_up":{"minecraft:iron_chestplate":2,"minecraft:pink_petals":7,"minecraft:crafting_table":5,"minecraft:allium":2,"minecraft:light_blue_concrete":9,"minecraft:andesite":1,"minecraft:smoker":1,"minecraft:dirt":7,"minecraft:raw_copper":21,"minecraft:orange_concrete":12,"minecraft:wheat_seeds":1,"minecraft:tnt_minecart":1,"ad_astra:launch_pad":1,"spelunkery:rough_lazurite":5,"spelunkery:dust":1,"minecraft:furnace":2,"minecraft:raw_iron":15,"minecraft:stick":1,"minecraft:yellow_concrete":15,"minecraft:torch":1,"minecraft:lime_concrete":9,"minecraft:cherry_log":25,"minecraft:spectral_arrow":64,"alexsmobs:animal_dictionary":2,"minecraft:slime_ball":1,"minecraft:rotten_flesh":1,"farmersdelight:onion":1,"quark:hollow_cherry_log":1,"minecraft:crossbow":1,"minecraft:cherry_sapling":2,"supplementaries:ash":1,"iceandfire:raw_silver":5,"minecraft:red_concrete":13,"minecraft:mutton":2,"minecraft:diamond_pickaxe":1,"minecraft:coal":56,"minecraft:white_wool":1,"minecraft:cobblestone":57},"minecraft:killed_by":{"minecraft:player":18,"minecraft:zombie":1,"alexsmobs:farseer":1},"minecraft:used":{"minecraft:cooked_mutton":1,"quark:hollow_cherry_log":1,"minecraft:cherry_sapling":2,"minecraft:orange_concrete":10,"minecraft:red_concrete":12,"minecraft:stone_pickaxe":116,"minecraft:wooden_pickaxe":10,"minecraft:iron_chestplate":2,"minecraft:stick":1,"minecraft:torch":18,"farmersdelight:onion":1,"minecraft:light_blue_concrete":7,"minecraft:crafting_table":5,"minecraft:yellow_concrete":13,"minecraft:crossbow":21,"minecraft:smoker":1,"minecraft:diamond_pickaxe":45,"minecraft:stone_axe":33,"minecraft:wooden_sword":8,"minecraft:cobblestone":31,"minecraft:lime_concrete":8,"minecraft:furnace":2,"alexsmobs:animal_dictionary":10,"minecraft:cherry_log":2},"minecraft:mined":{"iceandfire:silver_ore":5,"minecraft:light_blue_concrete":6,"minecraft:smoker":1,"minecraft:cherry_log":25,"minecraft:crafting_table":5,"minecraft:grass_block":6,"minecraft:cobblestone":7,"quark:hollow_cherry_log":1,"minecraft:copper_ore":4,"minecraft:tall_grass":1,"minecraft:lapis_ore":4,"minecraft:red_concrete":11,"spelunkery:dust":1,"minecraft:wall_torch":1,"minecraft:pink_petals":2,"minecraft:orange_concrete":9,"minecraft:furnace":2,"minecraft:iron_ore":15,"minecraft:andesite":1,"minecraft:lime_concrete":7,"minecraft:grass":15,"supplementaries:stick":1,"minecraft:coal_ore":25,"minecraft:cherry_leaves":1,"minecraft:yellow_concrete":12,"minecraft:dirt":3,"minecraft:stone":52,"spelunkery:diorite_copper_ore":2},"minecraft:crafted":{"minecraft:cherry_planks":19,"minecraft:stone_shovel":1,"minecraft:crafting_table":1,"minecraft:wooden_pickaxe":1,"minecraft:furnace":2,"minecraft:bucket":1,"minecraft:stone_axe":1,"minecraft:cooked_mutton":2,"minecraft:air":122,"minecraft:iron_chestplate":1,"minecraft:shield":1,"minecraft:stick":10,"minecraft:iron_ingot":15,"minecraft:stone_pickaxe":1,"minecraft:torch":8,"minecraft:smoker":1},"minecraft:killed":{"alexsmobs:hummingbird":2,"minecraft:slime":2,"minecraft:sheep":2,"minecraft:player":2},"minecraft:custom":{"minecraft:interact_with_furnace":12,"minecraft:mob_kills":3,"minecraft:interact_with_crafting_table":10,"minecraft:leave_game":1,"minecraft:time_since_death":21528,"minecraft:time_since_rest":21552,"minecraft:sprint_one_cm":83980,"minecraft:damage_taken":6987,"minecraft:walk_one_cm":263335,"minecraft:drop":11,"minecraft:damage_dealt":1045,"minecraft:swim_one_cm":89,"minecraft:fly_one_cm":113920,"minecraft:player_kills":8,"minecraft:crouch_one_cm":21997,"minecraft:play_time":105287,"minecraft:deaths":30,"minecraft:sneak_time":7151,"minecraft:walk_under_water_one_cm":174,"minecraft:jump":1375,"minecraft:walk_on_water_one_cm":902,"minecraft:interact_with_smoker":1,"minecraft:total_world_time":105287,"minecraft:fall_one_cm":17612,"minecraft:horse_one_cm":11}},"DataVersion":3465}