{"stats":{"minecraft:picked_up":{"supplementaries:ash":1,"minecraft:rotten_flesh":1,"minecraft:dirt":1},"minecraft:killed_by":{"minecraft:zombie":1,"minecraft:player":4},"minecraft:used":{"alexsmobs:animal_dictionary":4},"minecraft:mined":{"minecraft:grass_block":3,"minecraft:grass":5},"minecraft:custom":{"minecraft:jump":380,"minecraft:time_since_rest":197,"minecraft:crouch_one_cm":3791,"minecraft:damage_dealt":271,"minecraft:deaths":7,"minecraft:sprint_one_cm":13366,"minecraft:play_time":39681,"minecraft:damage_taken":1695,"minecraft:time_since_death":158,"minecraft:walk_one_cm":74488,"minecraft:sneak_time":1131,"minecraft:total_world_time":39681,"minecraft:fall_one_cm":2430,"minecraft:fly_one_cm":15786}},"DataVersion":3465}