{"stats":{"minecraft:dropped":{"minecraft:red_concrete":1,"minecraft:lime_concrete":1,"minecraft:yellow_concrete":2,"minecraft:orange_concrete":2,"minecraft:light_blue_concrete":2,"minecraft:tnt_minecart":1},"minecraft:picked_up":{"minecraft:pink_petals":7,"minecraft:crafting_table":2,"minecraft:allium":2,"minecraft:light_blue_concrete":9,"minecraft:dirt":7,"minecraft:raw_copper":21,"minecraft:orange_concrete":12,"minecraft:wheat_seeds":1,"minecraft:tnt_minecart":1,"ad_astra:launch_pad":1,"minecraft:stick":1,"minecraft:yellow_concrete":15,"minecraft:lime_concrete":9,"minecraft:cherry_log":25,"minecraft:spectral_arrow":64,"alexsmobs:animal_dictionary":2,"minecraft:rotten_flesh":1,"farmersdelight:onion":1,"quark:hollow_cherry_log":1,"minecraft:crossbow":1,"minecraft:cherry_sapling":2,"supplementaries:ash":1,"iceandfire:raw_silver":2,"minecraft:red_concrete":13,"minecraft:mutton":2,"minecraft:diamond_pickaxe":1,"minecraft:coal":8,"minecraft:white_wool":1,"minecraft:cobblestone":24},"minecraft:killed_by":{"minecraft:player":18,"minecraft:zombie":1,"alexsmobs:farseer":1},"minecraft:used":{"quark:hollow_cherry_log":1,"minecraft:cherry_sapling":2,"minecraft:orange_concrete":10,"minecraft:red_concrete":12,"minecraft:stone_pickaxe":38,"minecraft:wooden_pickaxe":10,"minecraft:stick":1,"minecraft:light_blue_concrete":7,"minecraft:crafting_table":2,"minecraft:yellow_concrete":13,"minecraft:crossbow":21,"minecraft:diamond_pickaxe":45,"minecraft:stone_axe":30,"minecraft:wooden_sword":8,"minecraft:lime_concrete":8,"alexsmobs:animal_dictionary":10,"minecraft:cherry_log":2},"minecraft:mined":{"iceandfire:silver_ore":2,"minecraft:light_blue_concrete":6,"minecraft:cherry_log":25,"minecraft:crafting_table":2,"minecraft:grass_block":6,"quark:hollow_cherry_log":1,"minecraft:copper_ore":4,"minecraft:tall_grass":1,"minecraft:red_concrete":11,"minecraft:pink_petals":2,"minecraft:orange_concrete":9,"minecraft:lime_concrete":7,"minecraft:grass":15,"supplementaries:stick":1,"minecraft:coal_ore":8,"minecraft:cherry_leaves":1,"minecraft:yellow_concrete":12,"minecraft:dirt":3,"minecraft:stone":25,"spelunkery:diorite_copper_ore":2},"minecraft:crafted":{"minecraft:cherry_planks":19,"minecraft:stone_shovel":1,"minecraft:crafting_table":1,"minecraft:wooden_pickaxe":1,"minecraft:furnace":2,"minecraft:stone_axe":1,"minecraft:air":88,"minecraft:stick":2,"minecraft:stone_pickaxe":1,"minecraft:smoker":1},"minecraft:custom":{"minecraft:mob_kills":2,"minecraft:interact_with_crafting_table":6,"minecraft:leave_game":1,"minecraft:time_since_death":9528,"minecraft:time_since_rest":9552,"minecraft:sprint_one_cm":62125,"minecraft:damage_taken":6917,"minecraft:walk_one_cm":234254,"minecraft:drop":9,"minecraft:damage_dealt":1035,"minecraft:fly_one_cm":108051,"minecraft:player_kills":8,"minecraft:crouch_one_cm":17098,"minecraft:play_time":93287,"minecraft:deaths":30,"minecraft:sneak_time":5561,"minecraft:jump":1269,"minecraft:total_world_time":93287,"minecraft:fall_one_cm":14529,"minecraft:horse_one_cm":11},"minecraft:killed":{"alexsmobs:hummingbird":2,"minecraft:sheep":2,"minecraft:player":2}},"DataVersion":3465}