{"stats":{"minecraft:picked_up":{"minecraft:dirt":1},"minecraft:killed_by":{"minecraft:player":1},"minecraft:mined":{"minecraft:grass_block":3,"minecraft:grass":5},"minecraft:custom":{"minecraft:jump":116,"minecraft:time_since_rest":13338,"minecraft:crouch_one_cm":2234,"minecraft:damage_dealt":96,"minecraft:deaths":3,"minecraft:sprint_one_cm":4628,"minecraft:play_time":15681,"minecraft:damage_taken":539,"minecraft:time_since_death":13306,"minecraft:walk_one_cm":36143,"minecraft:sneak_time":644,"minecraft:total_world_time":15681,"minecraft:fall_one_cm":1199,"minecraft:fly_one_cm":3573}},"DataVersion":3465}