{"stats":{"minecraft:dropped":{"minecraft:iron_ingot":5,"minecraft:wheat_seeds":2,"minecraft:yellow_concrete":2,"minecraft:tnt_minecart":1,"minecraft:pink_petals":14,"minecraft:white_wool":1,"minecraft:bone":1,"minecraft:red_concrete":1,"minecraft:lime_concrete":1,"minecraft:orange_concrete":2,"minecraft:rotten_flesh":1,"spelunkery:raw_magnetite_nugget":2,"minecraft:light_blue_concrete":2,"spelunkery:dust":1,"minecraft:poppy":1,"minecraft:iron_chestplate":2,"minecraft:andesite":1,"minecraft:brick":12},"minecraft:picked_up":{"minecraft:azure_bluet":1,"minecraft:crafting_table":18,"minecraft:iron_chestplate":2,"minecraft:allium":2,"minecraft:light_blue_concrete":9,"minecraft:oak_stairs":2,"spelunkery:conk_fungus":2,"minecraft:brick":12,"minecraft:raw_copper":24,"minecraft:orange_concrete":12,"minecraft:cherry_boat":2,"minecraft:tnt_minecart":1,"minecraft:cobbled_deepslate":22,"minecraft:poppy":1,"alexsmobs:raccoon_tail":1,"minecraft:furnace":8,"minecraft:stick":3,"minecraft:raw_iron":37,"minecraft:oak_door":1,"spelunkery:rough_cinnabar_shard":16,"minecraft:copper_ingot":1,"minecraft:oak_fence":1,"minecraft:torch":4,"minecraft:cherry_log":25,"spelunkery:raw_magnetite_nugget":2,"minecraft:arrow":1,"minecraft:rotten_flesh":9,"farmersdelight:onion":1,"quark:hollow_cherry_log":1,"minecraft:hay_block":19,"alexsdelight:raw_bison":5,"supplementaries:ash":1,"minecraft:mutton":2,"minecraft:white_wool":1,"minecraft:cobblestone":308,"minecraft:stripped_oak_log":1,"minecraft:pink_petals":14,"spelunkery:inkcap_mushroom":1,"minecraft:andesite":10,"minecraft:smoker":4,"alexsmobs:bison_fur":2,"spelunkery:rough_cinnabar":7,"create:raw_zinc":17,"minecraft:oak_log":6,"minecraft:dirt":29,"minecraft:bone":1,"minecraft:wheat_seeds":2,"betterarcheology:archeology_table":1,"ad_astra:launch_pad":1,"minecraft:raw_gold":4,"spelunkery:raw_zinc_nugget":4,"minecraft:iron_ingot":8,"spelunkery:rough_lazurite":5,"spelunkery:dust":1,"minecraft:yellow_concrete":15,"minecraft:lime_concrete":9,"minecraft:spectral_arrow":64,"alexsmobs:animal_dictionary":2,"alexsmobs:raw_catfish":3,"eidolon:raw_lead":2,"minecraft:slime_ball":1,"minecraft:crossbow":1,"minecraft:cherry_sapling":2,"spelunkery:raw_iron_nugget":7,"minecraft:bread":7,"spelunkery:raw_gold_nugget":1,"alexsmobs:maggot":2,"minecraft:oak_sapling":2,"minecraft:red_concrete":13,"minecraft:coal":119,"iceandfire:raw_silver":5,"minecraft:diamond_pickaxe":1},"minecraft:killed_by":{"minecraft:player":18,"alexsmobs:bison":1,"minecraft:zombie":1,"alexsmobs:farseer":1},"minecraft:used":{"minecraft:cherry_boat":2,"minecraft:cherry_sapling":2,"minecraft:orange_concrete":10,"minecraft:red_concrete":12,"minecraft:stone_shovel":37,"minecraft:shield":17,"minecraft:iron_sword":13,"minecraft:rotten_flesh":5,"minecraft:stone_hoe":21,"minecraft:iron_chestplate":2,"alexsmobs:medium_catfish_bucket":2,"minecraft:oak_door":1,"minecraft:stick":1,"minecraft:torch":46,"quark:cherry_chest":2,"minecraft:dirt":6,"spelunkery:inkcap_mushroom":1,"minecraft:lime_concrete":8,"minecraft:oak_sapling":2,"minecraft:furnace":8,"minecraft:cherry_log":2,"alexsdelight:cooked_bison":5,"quark:hollow_cherry_log":1,"minecraft:cooked_mutton":2,"alexsmobs:cooked_catfish":3,"minecraft:water_bucket":3,"minecraft:stone_pickaxe":308,"minecraft:wooden_pickaxe":10,"farmersdelight:onion":1,"minecraft:crafting_table":18,"minecraft:light_blue_concrete":7,"minecraft:yellow_concrete":13,"minecraft:crossbow":21,"minecraft:smoker":4,"minecraft:diamond_pickaxe":45,"minecraft:bread":11,"minecraft:iron_pickaxe":196,"minecraft:cherry_sign":1,"minecraft:stone_axe":110,"minecraft:wooden_sword":8,"minecraft:cobblestone":95,"minecraft:bucket":6,"alexsmobs:animal_dictionary":20,"minecraft:stripped_oak_log":1},"minecraft:broken":{"minecraft:stone_pickaxe":2,"minecraft:stone_axe":1},"minecraft:mined":{"create:zinc_ore":16,"create:deepslate_zinc_ore":1,"iceandfire:silver_ore":5,"minecraft:oak_door":1,"minecraft:light_blue_concrete":6,"minecraft:cherry_log":25,"minecraft:grass_block":8,"minecraft:decorated_pot":1,"spelunkery:dust":1,"minecraft:hay_block":19,"minecraft:orange_concrete":9,"minecraft:tall_seagrass":1,"minecraft:furnace":8,"minecraft:iron_ore":33,"biomesoplenty:violet":1,"minecraft:andesite":10,"minecraft:azure_bluet":1,"supplementaries:stick":1,"minecraft:deepslate_iron_ore":4,"minecraft:oak_stairs":2,"minecraft:stripped_oak_log":1,"minecraft:stone":284,"eidolon:lead_ore":2,"minecraft:deepslate_redstone_ore":4,"betterarcheology:archeology_table":1,"minecraft:smoker":4,"minecraft:oak_fence":1,"minecraft:crafting_table":18,"spelunkery:diorite_iron_ore":1,"minecraft:torch":2,"minecraft:cobblestone":42,"spelunkery:conk_fungus":2,"minecraft:copper_ore":5,"spelunkery:inkcap_mushroom":1,"minecraft:tall_grass":1,"quark:hollow_cherry_log":1,"biomesoplenty:huge_clover_petal":4,"biomesoplenty:sprout":1,"minecraft:deepslate_gold_ore":2,"minecraft:lapis_ore":4,"minecraft:red_concrete":11,"minecraft:wall_torch":1,"minecraft:pink_petals":2,"minecraft:coarse_dirt":10,"minecraft:lime_concrete":7,"minecraft:grass":24,"biomesoplenty:clover":6,"minecraft:oak_log":6,"minecraft:coal_ore":45,"minecraft:cherry_leaves":1,"minecraft:gravel":5,"minecraft:yellow_concrete":12,"minecraft:dirt":23,"minecraft:gold_ore":2,"spelunkery:diorite_copper_ore":2,"minecraft:deepslate":31,"minecraft:fern":2},"minecraft:crafted":{"minecraft:cherry_planks":19,"minecraft:smooth_stone":3,"minecraft:oak_planks":6,"minecraft:stone_shovel":1,"minecraft:furnace":3,"minecraft:blast_furnace":1,"minecraft:cherry_boat":1,"minecraft:stone":3,"quark:cherry_chest":2,"minecraft:cooked_mutton":2,"alexsdelight:cooked_bison":5,"minecraft:iron_boots":1,"minecraft:stone_pickaxe":3,"alexsmobs:cooked_catfish":3,"minecraft:stone_hoe":1,"minecraft:smoker":1,"minecraft:wheat":19,"minecraft:crafting_table":1,"minecraft:wooden_pickaxe":1,"minecraft:iron_helmet":1,"minecraft:iron_sword":1,"minecraft:bucket":1,"minecraft:stone_axe":2,"minecraft:bread":57,"minecraft:air":391,"minecraft:iron_chestplate":1,"minecraft:cherry_sign":1,"minecraft:shield":1,"minecraft:stick":20,"minecraft:iron_ingot":36,"minecraft:iron_pickaxe":1,"minecraft:iron_leggings":1,"minecraft:torch":32},"minecraft:custom":{"minecraft:mob_kills":19,"minecraft:interact_with_crafting_table":31,"minecraft:bell_ring":45,"minecraft:leave_game":3,"minecraft:time_since_death":6910,"minecraft:sprint_one_cm":227647,"minecraft:walk_one_cm":436483,"minecraft:damage_blocked_by_shield":758,"minecraft:drop":27,"minecraft:talked_to_villager":5,"minecraft:play_time":197019,"minecraft:deaths":31,"minecraft:sneak_time":17706,"minecraft:walk_under_water_one_cm":10156,"minecraft:jump":3027,"minecraft:walk_on_water_one_cm":11016,"minecraft:total_world_time":197019,"minecraft:interact_with_furnace":40,"minecraft:sleep_in_bed":2,"minecraft:time_since_rest":6942,"minecraft:damage_taken":8311,"minecraft:damage_dealt":4714,"minecraft:player_kills":8,"minecraft:swim_one_cm":27198,"minecraft:fly_one_cm":399493,"minecraft:open_chest":23,"minecraft:crouch_one_cm":41523,"minecraft:interact_with_smoker":9,"minecraft:fall_one_cm":57627,"minecraft:horse_one_cm":11},"minecraft:killed":{"alexsmobs:hummingbird":2,"alexsmobs:raccoon":8,"minecraft:slime":2,"minecraft:skeleton":2,"alexsmobs:bison":2,"minecraft:zombie_villager":2,"minecraft:iron_golem":2,"minecraft:sheep":2,"alexsmobs:catfish":2,"minecraft:zombie":8,"alexsmobs:fly":4,"alexsmobs:crow":2,"minecraft:player":2}},"DataVersion":3465}