{"stats":{"minecraft:picked_up":{"minecraft:iron_chestplate":2,"minecraft:crafting_table":24,"minecraft:allium":4,"minecraft:light_blue_concrete":9,"minecraft:azure_bluet":2,"minecraft:chicken":3,"quark:music_disc_drips":1,"minecraft:oak_stairs":2,"spelunkery:conk_fungus":4,"minecraft:brick":12,"alexsmobs:gazelle_horn":3,"minecraft:string":6,"minecraft:raw_copper":48,"minecraft:orange_concrete":12,"minecraft:cherry_boat":2,"minecraft:tnt_minecart":1,"minecraft:cobbled_deepslate":48,"delightful:acorn":3,"minecraft:beef":8,"minecraft:poppy":1,"minecraft:light_gray_wool":1,"alexsmobs:raccoon_tail":1,"minecraft:melon_slice":39,"minecraft:egg":5,"minecraft:furnace":8,"minecraft:stick":9,"minecraft:dark_oak_sapling":1,"minecraft:raw_iron":58,"minecraft:oak_door":3,"spelunkery:rough_cinnabar_shard":32,"minecraft:copper_ingot":2,"minecraft:oak_fence":2,"minecraft:torch":33,"quark:cherry_chest":2,"minecraft:cherry_log":25,"minecraft:carrot":63,"spelunkery:raw_magnetite_nugget":5,"immersive_weathering:oak_bark":1,"minecraft:arrow":9,"minecraft:rotten_flesh":17,"farmersdelight:onion":1,"quark:hollow_cherry_log":1,"supplementaries:antique_ink":3,"minecraft:hay_block":19,"alexsdelight:raw_bison":15,"alexsmobs:emu_egg":1,"supplementaries:ash":18,"minecraft:mutton":13,"minecraft:cobblestone":583,"minecraft:white_wool":4,"minecraft:stripped_oak_log":1,"minecraft:pink_petals":14,"spelunkery:inkcap_mushroom":1,"eidolon:raw_silver":1,"minecraft:andesite":19,"minecraft:leather":9,"minecraft:smoker":4,"alexsmobs:bison_fur":2,"spelunkery:rough_cinnabar":14,"create:raw_zinc":37,"minecraft:oak_log":21,"spelunkery:phosphor_fungus":1,"minecraft:golden_boots":1,"minecraft:dirt":47,"minecraft:name_tag":1,"minecraft:bone":10,"minecraft:apple":7,"spelunkery:raw_zinc_nugget":8,"minecraft:stone_pickaxe":1,"ad_astra:launch_pad":1,"minecraft:wheat_seeds":5,"betterarcheology:archeology_table":1,"spelunkery:dust":1,"minecraft:raw_gold":5,"minecraft:iron_ingot":8,"spelunkery:rough_lazurite":10,"minecraft:cherry_sign":1,"minecraft:stone_hoe":1,"iceandfire:chared_stone":2,"minecraft:yellow_concrete":15,"minecraft:lime_concrete":9,"minecraft:oak_pressure_plate":1,"minecraft:dark_oak_log":2,"minecraft:spectral_arrow":64,"alexsmobs:animal_dictionary":2,"minecraft:spider_eye":2,"iceandfire:chared_cobblestone":1,"alexsmobs:raw_catfish":3,"eidolon:raw_lead":6,"minecraft:slime_ball":4,"minecraft:crossbow":1,"minecraft:cherry_sapling":2,"minecraft:gray_wool":1,"spelunkery:raw_iron_nugget":34,"minecraft:bread":7,"minecraft:oak_sapling":5,"spelunkery:raw_gold_nugget":3,"alexsmobs:maggot":12,"minecraft:red_concrete":13,"minecraft:coal":167,"iceandfire:raw_silver":14,"minecraft:diamond_pickaxe":1},"minecraft:mined":{"create:zinc_ore":20,"create:deepslate_zinc_ore":1,"eidolon:deep_silver_ore":1,"iceandfire:silver_ore":9,"quark:cherry_chest":2,"minecraft:dark_oak_leaves":1,"minecraft:oak_door":3,"minecraft:light_blue_concrete":6,"minecraft:cherry_log":25,"minecraft:dark_oak_log":2,"minecraft:grass_block":11,"minecraft:decorated_pot":1,"spelunkery:dust":1,"minecraft:orange_concrete":9,"minecraft:hay_block":19,"minecraft:tall_seagrass":1,"minecraft:carrots":20,"minecraft:furnace":8,"minecraft:iron_ore":44,"biomesoplenty:violet":1,"minecraft:andesite":10,"minecraft:azure_bluet":1,"supplementaries:stick":1,"minecraft:deepslate_iron_ore":14,"minecraft:oak_stairs":2,"minecraft:stripped_oak_log":1,"minecraft:stone":717,"eidolon:lead_ore":4,"minecraft:deepslate_redstone_ore":4,"betterarcheology:archeology_table":1,"minecraft:smoker":4,"minecraft:oak_fence":1,"minecraft:crafting_table":24,"spelunkery:diorite_iron_ore":1,"minecraft:torch":5,"minecraft:melon":8,"spelunkery:conk_fungus":2,"spelunkery:inkcap_mushroom":1,"quark:hollow_cherry_log":1,"minecraft:copper_ore":5,"minecraft:tall_grass":2,"minecraft:cobblestone":71,"minecraft:red_concrete":11,"minecraft:deepslate_gold_ore":3,"biomesoplenty:sprout":3,"minecraft:lapis_ore":4,"biomesoplenty:huge_clover_petal":4,"minecraft:sculk":1,"minecraft:wall_torch":3,"minecraft:pink_petals":2,"supplementaries:urn":6,"minecraft:coarse_dirt":10,"minecraft:lime_concrete":7,"minecraft:grass":37,"biomesoplenty:clover":12,"minecraft:oak_log":21,"minecraft:coal_ore":93,"minecraft:cherry_leaves":1,"minecraft:gravel":5,"minecraft:yellow_concrete":12,"minecraft:dirt":37,"biomesoplenty:stringy_cobweb":1,"immersive_weathering:dark_oak_leaf_pile":1,"minecraft:gold_ore":2,"spelunkery:diorite_copper_ore":2,"minecraft:oak_leaves":1,"minecraft:deepslate":58,"minecraft:fern":2},"minecraft:crafted":{"minecraft:cherry_planks":19,"minecraft:smooth_stone":3,"minecraft:oak_planks":21,"minecraft:raw_iron":2,"minecraft:stone_shovel":1,"minecraft:furnace":3,"minecraft:blast_furnace":1,"minecraft:cherry_boat":1,"minecraft:stone":3,"quark:cherry_chest":3,"minecraft:cooked_mutton":13,"alexsdelight:cooked_bison":15,"minecraft:iron_boots":1,"minecraft:stone_pickaxe":7,"alexsmobs:cooked_catfish":3,"minecraft:dark_oak_planks":2,"minecraft:stone_hoe":1,"sophisticatedbackpacks:iron_backpack":1,"minecraft:smoker":1,"minecraft:wheat":19,"minecraft:cooked_beef":8,"sophisticatedbackpacks:backpack":1,"minecraft:crafting_table":2,"minecraft:wooden_pickaxe":1,"minecraft:iron_helmet":1,"minecraft:iron_sword":1,"minecraft:bucket":1,"minecraft:dark_oak_button":8,"minecraft:stone_axe":2,"minecraft:bread":57,"minecraft:air":530,"minecraft:iron_chestplate":1,"minecraft:cherry_sign":1,"minecraft:shield":2,"minecraft:stick":34,"minecraft:iron_ingot":58,"minecraft:iron_pickaxe":1,"minecraft:iron_leggings":1,"minecraft:white_bed":1,"minecraft:torch":64},"minecraft:custom":{"minecraft:mob_kills":71,"minecraft:interact_with_crafting_table":43,"minecraft:bell_ring":45,"minecraft:leave_game":7,"minecraft:time_since_death":19130,"minecraft:climb_one_cm":26485,"minecraft:sprint_one_cm":540657,"minecraft:walk_one_cm":608699,"minecraft:damage_blocked_by_shield":3098,"minecraft:drop":37,"minecraft:talked_to_villager":5,"minecraft:play_time":329608,"minecraft:deaths":33,"minecraft:sneak_time":31676,"minecraft:walk_under_water_one_cm":13700,"minecraft:jump":6460,"minecraft:interact_with_blast_furnace":10,"minecraft:walk_on_water_one_cm":20918,"minecraft:total_world_time":329608,"minecraft:interact_with_furnace":40,"minecraft:sleep_in_bed":5,"minecraft:time_since_rest":19157,"minecraft:damage_taken":11012,"minecraft:damage_dealt":11106,"minecraft:player_kills":8,"minecraft:swim_one_cm":36867,"minecraft:fly_one_cm":1036292,"minecraft:open_chest":61,"minecraft:crouch_one_cm":69900,"minecraft:interact_with_smoker":18,"minecraft:fall_one_cm":170421,"minecraft:horse_one_cm":11},"minecraft:used":{"minecraft:cherry_boat":2,"minecraft:cherry_sapling":2,"minecraft:orange_concrete":10,"minecraft:red_concrete":12,"minecraft:stone_shovel":54,"minecraft:shield":64,"minecraft:iron_sword":110,"minecraft:stone_hoe":22,"minecraft:rotten_flesh":5,"minecraft:iron_chestplate":2,"alexsmobs:medium_catfish_bucket":2,"minecraft:oak_door":3,"minecraft:stick":1,"minecraft:torch":116,"quark:cherry_chest":4,"minecraft:dirt":9,"minecraft:carrot":38,"spelunkery:inkcap_mushroom":1,"minecraft:lime_concrete":8,"minecraft:furnace":8,"minecraft:oak_sapling":2,"minecraft:cooked_beef":2,"minecraft:cherry_log":2,"alexsdelight:cooked_bison":6,"quark:hollow_cherry_log":1,"minecraft:cooked_mutton":2,"alexsmobs:cooked_catfish":3,"minecraft:water_bucket":14,"minecraft:stone_pickaxe":875,"minecraft:wooden_pickaxe":10,"minecraft:blast_furnace":1,"farmersdelight:onion":1,"minecraft:crossbow":21,"minecraft:crafting_table":25,"minecraft:yellow_concrete":13,"minecraft:light_blue_concrete":7,"minecraft:white_bed":1,"minecraft:smoker":5,"minecraft:diamond_pickaxe":45,"minecraft:bread":66,"minecraft:iron_pickaxe":207,"minecraft:cherry_sign":2,"minecraft:stone_axe":173,"minecraft:wooden_sword":8,"minecraft:cobblestone":232,"minecraft:bucket":17,"alexsmobs:animal_dictionary":40,"minecraft:stripped_oak_log":1},"minecraft:killed_by":{"minecraft:player":18,"alexsmobs:bison":2,"minecraft:zombie":1,"minecraft:skeleton":1,"alexsmobs:farseer":1},"minecraft:killed":{"alexsmobs:hummingbird":2,"alexsmobs:raccoon":8,"minecraft:spider":6,"minecraft:slime":2,"minecraft:horse":6,"minecraft:skeleton":14,"alexsmobs:leafcutter_ant":2,"minecraft:chicken":6,"alexsmobs:bison":6,"eidolon:slimy_slug":4,"minecraft:zombie_villager":2,"minecraft:iron_golem":2,"alexsmobs:rhinoceros":2,"minecraft:sheep":10,"alexsmobs:catfish":2,"minecraft:zombie":14,"alexsmobs:gazelle":16,"alexsmobs:fly":16,"alexsmobs:crow":2,"minecraft:player":2,"minecraft:cow":8},"minecraft:dropped":{"minecraft:iron_ingot":5,"minecraft:golden_boots":1,"minecraft:wheat_seeds":2,"minecraft:yellow_concrete":2,"minecraft:cobblestone":21,"minecraft:dark_oak_button":8,"minecraft:tnt_minecart":1,"spelunkery:phosphor_fungus":1,"minecraft:pink_petals":14,"minecraft:white_wool":1,"minecraft:bone":1,"minecraft:red_concrete":1,"immersive_weathering:oak_bark":1,"minecraft:lime_concrete":1,"minecraft:orange_concrete":2,"minecraft:rotten_flesh":1,"minecraft:light_blue_concrete":2,"spelunkery:raw_magnetite_nugget":5,"spelunkery:dust":1,"minecraft:poppy":1,"minecraft:iron_chestplate":2,"minecraft:andesite":1,"minecraft:stone_pickaxe":1,"minecraft:brick":12},"minecraft:broken":{"minecraft:stone_pickaxe":6,"minecraft:shield":1,"minecraft:stone_axe":1}},"DataVersion":3465}