{"stats":{"minecraft:picked_up":{"minecraft:light_blue_concrete":5,"minecraft:yellow_concrete":6,"minecraft:lime_concrete":3,"minecraft:spectral_arrow":64,"minecraft:dirt":1,"alexsmobs:animal_dictionary":1,"minecraft:orange_concrete":5,"minecraft:rotten_flesh":1,"ad_astra:launch_pad":1,"minecraft:crossbow":1,"supplementaries:ash":1,"minecraft:red_concrete":6,"minecraft:diamond_pickaxe":1},"minecraft:dropped":{"minecraft:red_concrete":1,"minecraft:lime_concrete":1,"minecraft:yellow_concrete":2,"minecraft:orange_concrete":2,"minecraft:light_blue_concrete":2},"minecraft:killed_by":{"minecraft:player":18,"minecraft:zombie":1,"alexsmobs:farseer":1},"minecraft:used":{"minecraft:diamond_pickaxe":12,"minecraft:orange_concrete":3,"minecraft:red_concrete":5,"minecraft:wooden_sword":8,"minecraft:lime_concrete":2,"minecraft:light_blue_concrete":3,"minecraft:yellow_concrete":4,"minecraft:crossbow":21,"alexsmobs:animal_dictionary":8},"minecraft:mined":{"minecraft:orange_concrete":2,"minecraft:light_blue_concrete":2,"minecraft:lime_concrete":1,"minecraft:grass":5,"minecraft:grass_block":3,"minecraft:yellow_concrete":3,"minecraft:red_concrete":4},"minecraft:killed":{"minecraft:player":2},"minecraft:custom":{"minecraft:time_since_rest":11742,"minecraft:sprint_one_cm":41169,"minecraft:damage_taken":6768,"minecraft:walk_one_cm":155220,"minecraft:drop":8,"minecraft:damage_dealt":898,"minecraft:fly_one_cm":55704,"minecraft:player_kills":8,"minecraft:crouch_one_cm":13787,"minecraft:play_time":69287,"minecraft:deaths":29,"minecraft:sneak_time":4449,"minecraft:jump":837,"minecraft:leave_game":1,"minecraft:time_since_death":11708,"minecraft:total_world_time":69287,"minecraft:fall_one_cm":5782,"minecraft:horse_one_cm":11}},"DataVersion":3465}