{"stats":{"minecraft:picked_up":{"minecraft:crafting_table":15,"minecraft:iron_chestplate":2,"minecraft:allium":2,"minecraft:light_blue_concrete":9,"spelunkery:conk_fungus":2,"minecraft:brick":12,"minecraft:orange_concrete":12,"minecraft:raw_copper":24,"minecraft:cherry_boat":2,"minecraft:tnt_minecart":1,"minecraft:cobbled_deepslate":22,"minecraft:poppy":1,"alexsmobs:raccoon_tail":1,"minecraft:furnace":5,"minecraft:stick":1,"minecraft:raw_iron":37,"minecraft:oak_door":1,"spelunkery:rough_cinnabar_shard":16,"minecraft:oak_fence":1,"minecraft:torch":4,"minecraft:cherry_log":25,"spelunkery:raw_magnetite_nugget":2,"minecraft:rotten_flesh":5,"farmersdelight:onion":1,"quark:hollow_cherry_log":1,"minecraft:hay_block":19,"alexsdelight:raw_bison":5,"supplementaries:ash":1,"minecraft:mutton":2,"minecraft:white_wool":1,"minecraft:cobblestone":291,"minecraft:stripped_oak_log":1,"minecraft:pink_petals":14,"spelunkery:inkcap_mushroom":1,"minecraft:andesite":10,"minecraft:smoker":3,"alexsmobs:bison_fur":2,"spelunkery:rough_cinnabar":7,"create:raw_zinc":17,"minecraft:dirt":29,"minecraft:iron_ingot":5,"minecraft:wheat_seeds":2,"betterarcheology:archeology_table":1,"ad_astra:launch_pad":1,"minecraft:raw_gold":4,"spelunkery:raw_zinc_nugget":4,"spelunkery:rough_lazurite":5,"spelunkery:dust":1,"minecraft:yellow_concrete":15,"minecraft:lime_concrete":9,"minecraft:spectral_arrow":64,"alexsmobs:animal_dictionary":2,"alexsmobs:raw_catfish":3,"eidolon:raw_lead":2,"minecraft:slime_ball":1,"minecraft:crossbow":1,"minecraft:cherry_sapling":2,"spelunkery:raw_iron_nugget":7,"minecraft:bread":7,"spelunkery:raw_gold_nugget":1,"alexsmobs:maggot":2,"minecraft:red_concrete":13,"minecraft:coal":100,"iceandfire:raw_silver":5,"minecraft:diamond_pickaxe":1},"minecraft:dropped":{"minecraft:iron_ingot":5,"minecraft:wheat_seeds":2,"minecraft:yellow_concrete":2,"minecraft:tnt_minecart":1,"minecraft:pink_petals":14,"minecraft:white_wool":1,"minecraft:bone":1,"minecraft:red_concrete":1,"minecraft:lime_concrete":1,"minecraft:orange_concrete":2,"spelunkery:raw_magnetite_nugget":2,"minecraft:light_blue_concrete":2,"spelunkery:dust":1,"minecraft:poppy":1,"minecraft:iron_chestplate":2,"minecraft:andesite":1,"minecraft:brick":12},"minecraft:killed_by":{"minecraft:player":18,"minecraft:zombie":1,"alexsmobs:farseer":1},"minecraft:used":{"minecraft:cherry_boat":2,"minecraft:cherry_sapling":2,"minecraft:orange_concrete":10,"minecraft:red_concrete":12,"minecraft:stone_shovel":37,"minecraft:shield":4,"minecraft:stone_hoe":21,"minecraft:rotten_flesh":4,"alexsmobs:medium_catfish_bucket":2,"minecraft:iron_chestplate":2,"minecraft:oak_door":1,"minecraft:stick":1,"minecraft:torch":45,"quark:cherry_chest":2,"minecraft:dirt":6,"spelunkery:inkcap_mushroom":1,"minecraft:lime_concrete":8,"minecraft:furnace":5,"minecraft:cherry_log":2,"quark:hollow_cherry_log":1,"minecraft:cooked_mutton":2,"minecraft:water_bucket":1,"alexsmobs:cooked_catfish":3,"minecraft:stone_pickaxe":273,"minecraft:wooden_pickaxe":10,"farmersdelight:onion":1,"minecraft:light_blue_concrete":7,"minecraft:crafting_table":15,"minecraft:yellow_concrete":13,"minecraft:crossbow":21,"minecraft:smoker":3,"minecraft:diamond_pickaxe":45,"minecraft:bread":10,"minecraft:iron_pickaxe":196,"minecraft:cherry_sign":1,"minecraft:stone_axe":74,"minecraft:wooden_sword":8,"minecraft:cobblestone":78,"minecraft:bucket":4,"alexsmobs:animal_dictionary":20,"minecraft:stripped_oak_log":1},"minecraft:broken":{"minecraft:stone_pickaxe":2},"minecraft:mined":{"create:zinc_ore":16,"create:deepslate_zinc_ore":1,"iceandfire:silver_ore":5,"minecraft:oak_door":1,"minecraft:light_blue_concrete":6,"minecraft:cherry_log":25,"minecraft:grass_block":8,"minecraft:decorated_pot":1,"spelunkery:dust":1,"minecraft:hay_block":19,"minecraft:orange_concrete":9,"minecraft:tall_seagrass":1,"minecraft:furnace":5,"minecraft:iron_ore":33,"biomesoplenty:violet":1,"minecraft:andesite":10,"supplementaries:stick":1,"minecraft:deepslate_iron_ore":4,"minecraft:stripped_oak_log":1,"minecraft:stone":280,"eidolon:lead_ore":2,"minecraft:deepslate_redstone_ore":4,"betterarcheology:archeology_table":1,"minecraft:smoker":3,"minecraft:oak_fence":1,"minecraft:crafting_table":15,"spelunkery:diorite_iron_ore":1,"minecraft:torch":2,"spelunkery:conk_fungus":2,"minecraft:cobblestone":29,"spelunkery:inkcap_mushroom":1,"minecraft:copper_ore":5,"quark:hollow_cherry_log":1,"minecraft:tall_grass":1,"minecraft:deepslate_gold_ore":2,"minecraft:lapis_ore":4,"minecraft:red_concrete":11,"minecraft:wall_torch":1,"minecraft:pink_petals":2,"minecraft:coarse_dirt":10,"minecraft:lime_concrete":7,"minecraft:grass":23,"biomesoplenty:clover":3,"minecraft:coal_ore":32,"minecraft:cherry_leaves":1,"minecraft:gravel":5,"minecraft:yellow_concrete":12,"minecraft:dirt":23,"minecraft:gold_ore":2,"spelunkery:diorite_copper_ore":2,"minecraft:deepslate":31,"minecraft:fern":2},"minecraft:crafted":{"minecraft:cherry_planks":19,"minecraft:stone_shovel":1,"minecraft:furnace":2,"minecraft:cherry_boat":1,"quark:cherry_chest":2,"minecraft:cooked_mutton":2,"minecraft:iron_boots":1,"minecraft:stone_pickaxe":3,"alexsmobs:cooked_catfish":3,"minecraft:stone_hoe":1,"minecraft:wheat":19,"minecraft:smoker":1,"minecraft:crafting_table":1,"minecraft:wooden_pickaxe":1,"minecraft:iron_helmet":1,"minecraft:bucket":1,"minecraft:stone_axe":1,"minecraft:bread":57,"minecraft:air":365,"minecraft:iron_chestplate":1,"minecraft:cherry_sign":1,"minecraft:shield":1,"minecraft:stick":20,"minecraft:iron_pickaxe":1,"minecraft:iron_ingot":31,"minecraft:iron_leggings":1,"minecraft:torch":32},"minecraft:custom":{"minecraft:mob_kills":13,"minecraft:interact_with_crafting_table":26,"minecraft:bell_ring":40,"minecraft:leave_game":3,"minecraft:time_since_death":88440,"minecraft:sprint_one_cm":188958,"minecraft:walk_one_cm":385515,"minecraft:damage_blocked_by_shield":263,"minecraft:drop":26,"minecraft:talked_to_villager":5,"minecraft:play_time":172199,"minecraft:deaths":30,"minecraft:sneak_time":16672,"minecraft:walk_under_water_one_cm":9928,"minecraft:jump":2593,"minecraft:walk_on_water_one_cm":9726,"minecraft:total_world_time":172199,"minecraft:interact_with_furnace":29,"minecraft:sleep_in_bed":2,"minecraft:time_since_rest":13589,"minecraft:damage_taken":7401,"minecraft:damage_dealt":2393,"minecraft:swim_one_cm":26211,"minecraft:fly_one_cm":317974,"minecraft:player_kills":8,"minecraft:open_chest":17,"minecraft:crouch_one_cm":40161,"minecraft:interact_with_smoker":6,"minecraft:fall_one_cm":44338,"minecraft:horse_one_cm":11},"minecraft:killed":{"alexsmobs:hummingbird":2,"alexsmobs:raccoon":8,"minecraft:slime":2,"alexsmobs:bison":2,"minecraft:sheep":2,"alexsmobs:catfish":2,"minecraft:zombie":4,"alexsmobs:fly":4,"minecraft:player":2}},"DataVersion":3465}