{"stats":{"minecraft:dropped":{"minecraft:red_concrete":1,"minecraft:lime_concrete":1,"minecraft:yellow_concrete":2,"minecraft:orange_concrete":2,"minecraft:light_blue_concrete":2,"minecraft:iron_chestplate":2,"minecraft:tnt_minecart":1},"minecraft:picked_up":{"minecraft:iron_chestplate":2,"minecraft:pink_petals":7,"minecraft:crafting_table":8,"minecraft:allium":2,"minecraft:light_blue_concrete":9,"minecraft:andesite":1,"minecraft:smoker":1,"create:raw_zinc":17,"minecraft:dirt":7,"minecraft:raw_copper":24,"minecraft:orange_concrete":12,"minecraft:cobbled_deepslate":5,"spelunkery:raw_zinc_nugget":4,"minecraft:wheat_seeds":1,"minecraft:tnt_minecart":1,"ad_astra:launch_pad":1,"minecraft:raw_gold":4,"spelunkery:rough_lazurite":5,"spelunkery:dust":1,"minecraft:furnace":4,"minecraft:raw_iron":30,"minecraft:stick":1,"minecraft:yellow_concrete":15,"minecraft:torch":2,"minecraft:lime_concrete":9,"minecraft:cherry_log":25,"minecraft:spectral_arrow":64,"alexsmobs:animal_dictionary":2,"eidolon:raw_lead":2,"minecraft:slime_ball":1,"minecraft:rotten_flesh":1,"farmersdelight:onion":1,"quark:hollow_cherry_log":1,"spelunkery:raw_iron_nugget":3,"spelunkery:raw_gold_nugget":1,"minecraft:crossbow":1,"spelunkery:inkcap_mushroom":1,"minecraft:cherry_sapling":2,"supplementaries:ash":1,"iceandfire:raw_silver":5,"minecraft:red_concrete":13,"minecraft:mutton":2,"minecraft:diamond_pickaxe":1,"minecraft:coal":82,"minecraft:white_wool":1,"minecraft:cobblestone":90},"minecraft:killed_by":{"minecraft:player":18,"minecraft:zombie":1,"alexsmobs:farseer":1},"minecraft:used":{"minecraft:cooked_mutton":2,"quark:hollow_cherry_log":1,"minecraft:cherry_sapling":2,"minecraft:orange_concrete":10,"minecraft:red_concrete":12,"minecraft:stone_pickaxe":161,"minecraft:wooden_pickaxe":10,"minecraft:iron_chestplate":2,"minecraft:stick":1,"minecraft:torch":34,"farmersdelight:onion":1,"minecraft:dirt":6,"minecraft:light_blue_concrete":7,"minecraft:crafting_table":8,"minecraft:yellow_concrete":13,"minecraft:crossbow":21,"spelunkery:inkcap_mushroom":1,"minecraft:smoker":1,"minecraft:diamond_pickaxe":45,"minecraft:iron_pickaxe":58,"minecraft:stone_axe":36,"minecraft:wooden_sword":8,"minecraft:cobblestone":55,"minecraft:lime_concrete":8,"minecraft:furnace":4,"minecraft:bucket":1,"alexsmobs:animal_dictionary":10,"minecraft:cherry_log":2},"minecraft:mined":{"iceandfire:silver_ore":5,"minecraft:light_blue_concrete":6,"minecraft:smoker":1,"minecraft:cherry_log":25,"spelunkery:diorite_iron_ore":1,"minecraft:crafting_table":8,"minecraft:torch":1,"minecraft:grass_block":6,"minecraft:deepslate_gold_ore":2,"spelunkery:inkcap_mushroom":1,"minecraft:cobblestone":17,"quark:hollow_cherry_log":1,"minecraft:copper_ore":5,"minecraft:tall_grass":1,"minecraft:lapis_ore":4,"minecraft:red_concrete":11,"spelunkery:dust":1,"minecraft:wall_torch":1,"minecraft:pink_petals":2,"minecraft:orange_concrete":9,"minecraft:furnace":4,"minecraft:iron_ore":28,"minecraft:andesite":1,"minecraft:lime_concrete":7,"minecraft:grass":15,"minecraft:deepslate_iron_ore":1,"supplementaries:stick":1,"minecraft:coal_ore":26,"minecraft:cherry_leaves":1,"minecraft:yellow_concrete":12,"minecraft:dirt":3,"minecraft:deepslate":25,"create:deepslate_zinc_ore":1,"eidolon:lead_ore":2,"minecraft:gold_ore":2,"minecraft:stone":78,"create:zinc_ore":16,"spelunkery:diorite_copper_ore":2},"minecraft:broken":{"minecraft:stone_pickaxe":1},"minecraft:crafted":{"minecraft:cherry_planks":19,"minecraft:stone_shovel":1,"minecraft:crafting_table":1,"minecraft:wooden_pickaxe":1,"minecraft:iron_helmet":1,"minecraft:furnace":2,"minecraft:bucket":1,"minecraft:stone_axe":1,"minecraft:cooked_mutton":2,"minecraft:air":132,"minecraft:iron_chestplate":1,"minecraft:shield":1,"minecraft:stick":16,"minecraft:iron_pickaxe":1,"minecraft:iron_ingot":29,"minecraft:stone_pickaxe":2,"minecraft:iron_leggings":1,"minecraft:torch":32,"minecraft:smoker":1},"minecraft:killed":{"alexsmobs:hummingbird":2,"minecraft:slime":2,"minecraft:sheep":2,"minecraft:player":2},"minecraft:custom":{"minecraft:interact_with_furnace":27,"minecraft:mob_kills":3,"minecraft:interact_with_crafting_table":16,"minecraft:leave_game":1,"minecraft:time_since_death":33528,"minecraft:time_since_rest":33552,"minecraft:sprint_one_cm":97871,"minecraft:damage_taken":7047,"minecraft:walk_one_cm":282851,"minecraft:drop":11,"minecraft:damage_dealt":1045,"minecraft:swim_one_cm":7896,"minecraft:fly_one_cm":124472,"minecraft:player_kills":8,"minecraft:crouch_one_cm":29207,"minecraft:play_time":117287,"minecraft:deaths":30,"minecraft:sneak_time":10653,"minecraft:walk_under_water_one_cm":2461,"minecraft:jump":1472,"minecraft:walk_on_water_one_cm":3158,"minecraft:interact_with_smoker":1,"minecraft:total_world_time":117287,"minecraft:fall_one_cm":18568,"minecraft:horse_one_cm":11}},"DataVersion":3465}