{"stats":{"minecraft:mined":{"minecraft:large_amethyst_bud":1,"create:deepslate_zinc_ore":29,"minecraft:farmland":1,"immersive_weathering:earthen_clay":1,"quark:cherry_chest":2,"minecraft:light_blue_concrete":6,"minecraft:cherry_log":25,"spelunkery:rough_emerald_block":1,"minecraft:grass_block":60,"spelunkery:dust":1,"minecraft:orange_concrete":9,"minecraft:tall_seagrass":3,"minecraft:iron_ore":86,"minecraft:cobbled_deepslate":1,"biomesoplenty:violet":2,"minecraft:deepslate_lapis_ore":5,"minecraft:azure_bluet":1,"supplementaries:stick":1,"minecraft:dirt_path":3,"minecraft:oak_stairs":2,"biomesoplenty:webbing":4,"eidolon:lead_ore":4,"minecraft:deepslate_redstone_ore":44,"minecraft:smoker":5,"minecraft:amethyst_cluster":6,"biomesoplenty:black_sandstone":4,"minecraft:torch":5,"minecraft:blast_furnace":2,"spelunkery:calcite_redstone_ore":8,"minecraft:calcite":7,"minecraft:melon":8,"spelunkery:inkcap_mushroom":1,"iceandfire:fire_lily":1,"minecraft:cobblestone":156,"minecraft:sugar_cane":12,"minecraft:wall_torch":12,"minecraft:amethyst_block":3,"minecraft:pink_petals":2,"minecraft:seagrass":2,"eidolon:deep_lead_ore":4,"minecraft:wheat":38,"minecraft:lime_concrete":7,"minecraft:grass":61,"biomesoplenty:clover":14,"minecraft:oak_log":21,"delightful:mini_melon":1,"minecraft:sand":7,"minecraft:dirt":70,"minecraft:smooth_basalt":2,"minecraft:oak_leaves":1,"immersive_weathering:dark_oak_leaf_pile":1,"minecraft:deepslate":762,"create:zinc_ore":20,"eidolon:deep_silver_ore":1,"iceandfire:silver_ore":11,"minecraft:dark_oak_leaves":1,"minecraft:deepslate_diamond_ore":35,"minecraft:oak_door":5,"minecraft:dark_oak_log":2,"biomesoplenty:bush":1,"minecraft:allium":3,"minecraft:decorated_pot":1,"farmersdelight:tomatoes":2,"minecraft:hay_block":19,"minecraft:oak_trapdoor":2,"minecraft:furnace":10,"minecraft:carrots":22,"supplementaries:flax":9,"minecraft:andesite":10,"supplementaries:gunpowder":1,"minecraft:potatoes":91,"minecraft:cobblestone_slab":1,"minecraft:deepslate_iron_ore":33,"biomesoplenty:mahogany_leaves":3,"minecraft:stripped_oak_log":1,"biomesoplenty:barley":8,"minecraft:stone":1330,"betterarcheology:archeology_table":1,"biomesoplenty:black_sand":3,"minecraft:oak_fence":1,"spelunkery:diorite_iron_ore":1,"minecraft:crafting_table":24,"minecraft:cornflower":1,"minecraft:emerald_ore":2,"minecraft:rose_bush":1,"spelunkery:conk_fungus":2,"spelunkery:mushgloom":1,"minecraft:copper_ore":32,"minecraft:tall_grass":7,"quark:hollow_cherry_log":1,"minecraft:deepslate_gold_ore":19,"biomesoplenty:sprout":3,"minecraft:lapis_ore":4,"biomesoplenty:huge_clover_petal":8,"minecraft:red_concrete":11,"minecraft:sculk":1,"supplementaries:urn":11,"minecraft:coarse_dirt":10,"biomesoplenty:mahogany_log":29,"minecraft:birch_leaves":12,"minecraft:coal_ore":209,"minecraft:cherry_leaves":1,"minecraft:gravel":5,"minecraft:yellow_concrete":12,"biomesoplenty:stringy_cobweb":1,"minecraft:gold_ore":2,"spelunkery:diorite_copper_ore":2,"minecraft:fern":2},"minecraft:picked_up":{"minecraft:seagrass":4,"minecraft:iron_chestplate":2,"minecraft:wheat":40,"minecraft:light_blue_concrete":9,"minecraft:lead":1,"quark:music_disc_drips":1,"minecraft:oak_stairs":2,"biomesoplenty:violet":4,"friendsandfoes:buttercup":1,"minecraft:amethyst_block":3,"alexsmobs:gazelle_horn":3,"minecraft:string":13,"minecraft:raw_copper":153,"minecraft:cherry_boat":5,"alexsmobs:emu_feather":1,"minecraft:tnt_minecart":1,"minecraft:gold_nugget":19,"minecraft:cobbled_deepslate":753,"delightful:acorn":3,"minecraft:cobblestone_slab":1,"minecraft:calcite":7,"alexsmobs:raccoon_tail":4,"eidolon:raven_feather":1,"minecraft:melon_slice":39,"minecraft:furnace":10,"minecraft:stick":10,"farmersdelight:rotten_tomato":1,"spelunkery:rough_cinnabar_shard":234,"minecraft:oak_fence":2,"quark:cherry_chest":2,"minecraft:torch":80,"minecraft:cherry_log":25,"supplementaries:flax":13,"eidolon:tattered_cloth":3,"immersive_weathering:oak_bark":1,"minecraft:rotten_flesh":43,"biomesoplenty:mahogany_sapling":2,"farmersdelight:onion":4,"quark:hollow_cherry_log":1,"supplementaries:antique_ink":3,"alexsdelight:raw_bison":15,"alexsmobs:emu_egg":2,"supplementaries:ash":18,"minecraft:cobblestone":1178,"minecraft:pink_petals":14,"spelunkery:inkcap_mushroom":1,"eidolon:raw_silver":1,"minecraft:water_bucket":1,"minecraft:andesite":19,"minecraft:smoker":5,"minecraft:potato":333,"alexsmobs:bear_fur":3,"alexsmobs:bison_fur":2,"spelunkery:rough_cinnabar":86,"create:raw_zinc":65,"supplementaries:flax_seeds":28,"farmersdelight:tomato":1,"minecraft:dirt":154,"minecraft:name_tag":1,"minecraft:bone":14,"minecraft:bow":1,"delightful:mini_melon":1,"minecraft:wheat_seeds":109,"betterarcheology:archeology_table":1,"ad_astra:launch_pad":1,"minecraft:raw_gold":21,"spelunkery:raw_zinc_nugget":82,"spelunkery:dust":1,"minecraft:stone_hoe":1,"spelunkery:rough_diamond_shard":24,"minecraft:oak_pressure_plate":1,"minecraft:poisonous_potato":3,"minecraft:sand":7,"minecraft:spectral_arrow":64,"minecraft:dark_oak_log":2,"alexsmobs:animal_dictionary":2,"iceandfire:chared_cobblestone":1,"eidolon:raw_lead":10,"spelunkery:rough_lazurite_shard":23,"minecraft:crossbow":1,"minecraft:bread":7,"spelunkery:raw_gold_nugget":44,"alexsmobs:maggot":23,"sophisticatedbackpacks:gold_backpack":1,"minecraft:oak_sapling":5,"iceandfire:raw_silver":16,"minecraft:diamond_pickaxe":1,"minecraft:crafting_table":24,"minecraft:allium":7,"minecraft:azure_bluet":2,"minecraft:chicken":3,"spelunkery:rough_emerald":2,"iceandfire:fire_lily":1,"spelunkery:conk_fungus":4,"minecraft:brick":12,"minecraft:cornflower":1,"minecraft:oak_trapdoor":2,"minecraft:moss_carpet":1,"minecraft:orange_concrete":12,"biomesoplenty:black_sand":24,"minecraft:beef":34,"minecraft:iron_nugget":19,"minecraft:poppy":1,"minecraft:light_gray_wool":1,"minecraft:sugar_cane":12,"minecraft:egg":9,"minecraft:dark_oak_sapling":1,"minecraft:raw_iron":118,"minecraft:oak_door":7,"minecraft:copper_ingot":2,"farmersdelight:tomato_seeds":2,"spelunkery:raw_magnetite_nugget":5,"minecraft:carrot":73,"minecraft:arrow":14,"minecraft:hay_block":19,"miners_delight:bat_wing":1,"spelunkery:rough_emerald_block":1,"minecraft:mutton":15,"minecraft:white_wool":4,"eidolon:wraith_heart":1,"minecraft:stripped_oak_log":1,"minecraft:salmon":1,"minecraft:leather":18,"minecraft:oak_log":21,"spelunkery:phosphor_fungus":1,"minecraft:golden_boots":1,"minecraft:gunpowder":2,"minecraft:apple":7,"minecraft:iron_ingot":8,"spelunkery:rough_lazurite":16,"minecraft:stone_pickaxe":1,"minecraft:cherry_sign":1,"minecraft:iron_sword":1,"iceandfire:chared_stone":2,"minecraft:smooth_basalt":2,"spelunkery:mushgloom":1,"minecraft:yellow_concrete":15,"minecraft:lime_concrete":9,"minecraft:amethyst_shard":24,"minecraft:blast_furnace":2,"minecraft:spider_eye":4,"alexsmobs:raw_catfish":3,"biomesoplenty:mahogany_log":29,"minecraft:slime_ball":5,"immersive_weathering:earthen_clay":1,"spelunkery:rough_diamond":35,"minecraft:cherry_sapling":2,"minecraft:gray_wool":1,"spelunkery:raw_iron_nugget":83,"minecraft:red_concrete":13,"minecraft:coal":373},"minecraft:crafted":{"minecraft:smooth_stone":3,"minecraft:oak_planks":21,"minecraft:lightning_rod":1,"minecraft:cherry_boat":1,"minecraft:stone":3,"minecraft:diamond_shovel":1,"sophisticatedbackpacks:crafting_upgrade":1,"quark:cherry_chest":3,"create_sa:zinc_pickaxe":2,"minecraft:cooked_mutton":13,"minecraft:diamond_helmet":1,"minecraft:diamond_leggings":1,"minecraft:iron_boots":1,"alexsmobs:cooked_catfish":3,"minecraft:stone_hoe":1,"minecraft:smoker":1,"sophisticatedbackpacks:backpack":1,"minecraft:diamond_axe":1,"minecraft:crafting_table":2,"minecraft:iron_helmet":1,"minecraft:wooden_pickaxe":1,"minecraft:baked_potato":165,"minecraft:copper_ingot":24,"create:sand_paper":6,"sophisticatedbackpacks:upgrade_base":1,"minecraft:string":5,"minecraft:cherry_sign":1,"minecraft:iron_chestplate":1,"minecraft:paper":4,"minecraft:diamond_pickaxe":1,"minecraft:shield":2,"minecraft:stick":38,"quark:oak_chest":5,"minecraft:iron_ingot":97,"minecraft:iron_pickaxe":4,"minecraft:gold_ingot":20,"minecraft:cherry_planks":19,"minecraft:raw_iron":6,"minecraft:stone_shovel":1,"biomesoplenty:mahogany_planks":16,"minecraft:furnace":3,"minecraft:blast_furnace":1,"minecraft:bone_meal":4,"minecraft:oak_trapdoor":1,"alexsdelight:cooked_bison":15,"minecraft:stone_pickaxe":7,"minecraft:diamond_boots":1,"minecraft:dark_oak_planks":2,"sophisticatedbackpacks:iron_backpack":1,"minecraft:wheat":19,"minecraft:cooked_beef":8,"minecraft:coal_block":2,"minecraft:diamond_sword":1,"minecraft:iron_sword":2,"sophisticatedbackpacks:gold_backpack":1,"minecraft:bucket":1,"minecraft:dark_oak_button":8,"minecraft:stone_axe":2,"minecraft:bread":63,"minecraft:air":646,"minecraft:raw_gold":3,"minecraft:iron_leggings":1,"minecraft:white_bed":1,"minecraft:torch":156,"create:zinc_ingot":6,"minecraft:diamond_chestplate":1},"minecraft:custom":{"minecraft:animals_bred":2,"minecraft:interact_with_crafting_table":70,"minecraft:bell_ring":45,"minecraft:leave_game":8,"minecraft:time_since_death":57836,"minecraft:sprint_one_cm":985057,"minecraft:damage_blocked_by_shield":6458,"minecraft:drop":81,"minecraft:talked_to_villager":5,"minecraft:play_time":686174,"minecraft:deaths":35,"minecraft:jump":12219,"minecraft:walk_on_water_one_cm":46453,"minecraft:interact_with_furnace":45,"minecraft:sleep_in_bed":12,"minecraft:waystone_activated":1,"minecraft:damage_dealt":21346,"minecraft:player_kills":8,"minecraft:crouch_one_cm":131550,"minecraft:interact_with_smoker":36,"minecraft:horse_one_cm":11,"minecraft:interact_with_anvil":1,"minecraft:mob_kills":140,"minecraft:climb_one_cm":68533,"minecraft:walk_one_cm":1134832,"minecraft:sneak_time":60268,"minecraft:walk_under_water_one_cm":46237,"minecraft:interact_with_blast_furnace":26,"minecraft:total_world_time":686174,"minecraft:time_since_rest":57871,"minecraft:damage_taken":14860,"minecraft:swim_one_cm":106066,"minecraft:fly_one_cm":2073809,"minecraft:open_chest":159,"minecraft:fall_one_cm":363077},"minecraft:used":{"minecraft:cherry_sapling":2,"minecraft:shield":132,"minecraft:iron_sword":227,"minecraft:rotten_flesh":5,"alexsmobs:medium_catfish_bucket":2,"minecraft:iron_chestplate":2,"quark:cherry_chest":4,"minecraft:carrot":44,"spelunkery:inkcap_mushroom":1,"minecraft:lava_bucket":1,"farmersdelight:tomato":1,"minecraft:oak_sapling":2,"minecraft:furnace":10,"minecraft:potato":96,"quark:hollow_cherry_log":1,"minecraft:stone_pickaxe":1318,"minecraft:wooden_pickaxe":10,"minecraft:sugar_cane":6,"minecraft:diamond_axe":47,"minecraft:sand":1,"minecraft:light_blue_concrete":7,"minecraft:blast_furnace":3,"minecraft:yellow_concrete":13,"minecraft:crossbow":21,"create_sa:zinc_pickaxe":503,"minecraft:lightning_rod":1,"alexsmobs:terrapin_bucket":12,"minecraft:bread":66,"minecraft:cherry_sign":2,"supplementaries:flax_seeds":27,"minecraft:diamond_sword":16,"minecraft:wooden_sword":8,"iceandfire:fire_lily":1,"minecraft:bone_meal":12,"minecraft:cherry_boat":5,"minecraft:oak_trapdoor":2,"minecraft:orange_concrete":10,"minecraft:red_concrete":12,"minecraft:stone_shovel":131,"minecraft:stone_hoe":64,"minecraft:oak_door":7,"minecraft:stick":1,"minecraft:torch":249,"minecraft:dirt":39,"minecraft:salmon_bucket":1,"minecraft:gunpowder":1,"minecraft:lime_concrete":8,"minecraft:cooked_beef":8,"farmersdelight:tomato_seeds":2,"minecraft:cobbled_deepslate":22,"minecraft:cherry_log":2,"alexsdelight:cooked_bison":15,"minecraft:wheat_seeds":38,"minecraft:cooked_mutton":13,"alexsmobs:cooked_catfish":3,"minecraft:water_bucket":74,"minecraft:baked_potato":52,"minecraft:cobblestone_slab":3,"biomesoplenty:mahogany_log":4,"farmersdelight:onion":1,"minecraft:crafting_table":25,"minecraft:white_bed":1,"minecraft:smoker":6,"delightful:mini_melon":1,"minecraft:diamond_pickaxe":94,"minecraft:diamond_shovel":22,"minecraft:iron_pickaxe":1001,"minecraft:stone_axe":215,"minecraft:cobblestone":456,"minecraft:bucket":91,"quark:oak_chest":4,"alexsmobs:animal_dictionary":76,"minecraft:stripped_oak_log":1},"minecraft:killed_by":{"minecraft:zombie":1,"alexsmobs:farseer":1,"minecraft:player":19,"alexsmobs:bison":2,"minecraft:skeleton":1,"iceandfire:ghost":1},"minecraft:killed":{"alexsmobs:hummingbird":2,"minecraft:spider":20,"eidolon:raven":2,"minecraft:skeleton":20,"alexsmobs:leafcutter_ant":2,"minecraft:chicken":6,"eidolon:slimy_slug":8,"alexsmobs:grizzly_bear":4,"minecraft:zombie_villager":2,"minecraft:salmon":2,"minecraft:iron_golem":2,"minecraft:creeper":2,"minecraft:sheep":10,"minecraft:zombie":42,"alexsmobs:terrapin":2,"eidolon:zombie_brute":2,"alexsmobs:fly":30,"minecraft:cow":32,"alexsmobs:raccoon":20,"minecraft:slime":2,"minecraft:horse":6,"eidolon:wraith":6,"alexsmobs:blue_jay":2,"alexsmobs:bison":6,"alexsmobs:rhinoceros":2,"alexsmobs:catfish":2,"iceandfire:ghost":2,"alexsmobs:gazelle":24,"alexsmobs:crow":2,"minecraft:player":2},"minecraft:dropped":{"sophisticatedbackpacks:iron_backpack":2,"minecraft:iron_sword":1,"minecraft:baked_potato":5,"biomesoplenty:black_sand":12,"minecraft:dark_oak_button":8,"sophisticatedbackpacks:gold_backpack":1,"minecraft:dirt":82,"minecraft:cornflower":1,"minecraft:mutton":1,"minecraft:tnt_minecart":1,"farmersdelight:onion":3,"minecraft:white_wool":1,"immersive_weathering:earthen_clay":1,"minecraft:bone":1,"immersive_weathering:oak_bark":1,"minecraft:cobbled_deepslate":2,"minecraft:wheat":2,"minecraft:rotten_flesh":1,"minecraft:salmon":1,"spelunkery:dust":1,"minecraft:poppy":1,"supplementaries:flax_seeds":1,"minecraft:egg":6,"minecraft:iron_ingot":5,"minecraft:water_bucket":1,"minecraft:golden_boots":1,"minecraft:bread":4,"minecraft:wheat_seeds":9,"minecraft:yellow_concrete":2,"minecraft:poisonous_potato":3,"minecraft:cobblestone":22,"minecraft:torch":6,"spelunkery:phosphor_fungus":1,"minecraft:pink_petals":14,"minecraft:red_concrete":1,"farmersdelight:rotten_tomato":1,"minecraft:moss_carpet":1,"minecraft:lime_concrete":1,"minecraft:orange_concrete":2,"spelunkery:raw_magnetite_nugget":5,"minecraft:light_blue_concrete":2,"minecraft:iron_chestplate":2,"minecraft:andesite":1,"minecraft:stone_pickaxe":1,"minecraft:brick":12},"minecraft:broken":{"minecraft:stone_pickaxe":10,"minecraft:stone_axe":2,"create_sa:zinc_pickaxe":2,"minecraft:stone_shovel":1,"minecraft:shield":2,"minecraft:iron_pickaxe":4,"create:sand_paper":5}},"DataVersion":3465}