{"stats":{"minecraft:picked_up":{"supplementaries:ash":1,"minecraft:rotten_flesh":1,"minecraft:dirt":1},"minecraft:killed_by":{"minecraft:zombie":1,"minecraft:player":3},"minecraft:used":{"alexsmobs:animal_dictionary":4},"minecraft:mined":{"minecraft:grass_block":3,"minecraft:grass":5},"minecraft:custom":{"minecraft:jump":223,"minecraft:time_since_rest":7643,"minecraft:crouch_one_cm":3600,"minecraft:damage_dealt":142,"minecraft:deaths":6,"minecraft:sprint_one_cm":10343,"minecraft:play_time":27681,"minecraft:damage_taken":1494,"minecraft:time_since_death":7603,"minecraft:walk_one_cm":60133,"minecraft:sneak_time":948,"minecraft:total_world_time":27681,"minecraft:fall_one_cm":2163,"minecraft:fly_one_cm":11367}},"DataVersion":3465}