{"stats":{"minecraft:picked_up":{"minecraft:light_blue_concrete":9,"minecraft:yellow_concrete":15,"minecraft:lime_concrete":9,"minecraft:spectral_arrow":64,"minecraft:dirt":1,"alexsmobs:animal_dictionary":2,"minecraft:orange_concrete":12,"minecraft:rotten_flesh":1,"ad_astra:launch_pad":1,"minecraft:crossbow":1,"supplementaries:ash":1,"minecraft:red_concrete":13,"minecraft:diamond_pickaxe":1},"minecraft:dropped":{"minecraft:red_concrete":1,"minecraft:lime_concrete":1,"minecraft:yellow_concrete":2,"minecraft:orange_concrete":2,"minecraft:light_blue_concrete":2},"minecraft:killed_by":{"minecraft:player":18,"minecraft:zombie":1,"alexsmobs:farseer":1},"minecraft:used":{"minecraft:diamond_pickaxe":45,"minecraft:orange_concrete":10,"minecraft:red_concrete":12,"minecraft:wooden_sword":8,"minecraft:lime_concrete":8,"minecraft:light_blue_concrete":7,"minecraft:yellow_concrete":13,"minecraft:crossbow":21,"alexsmobs:animal_dictionary":9},"minecraft:mined":{"minecraft:orange_concrete":9,"minecraft:light_blue_concrete":6,"minecraft:lime_concrete":7,"minecraft:grass":10,"minecraft:grass_block":3,"minecraft:yellow_concrete":12,"minecraft:red_concrete":11},"minecraft:killed":{"alexsmobs:hummingbird":2,"minecraft:player":2},"minecraft:custom":{"minecraft:time_since_rest":23742,"minecraft:sprint_one_cm":44568,"minecraft:damage_taken":6778,"minecraft:walk_one_cm":200938,"minecraft:mob_kills":1,"minecraft:drop":8,"minecraft:damage_dealt":937,"minecraft:fly_one_cm":57678,"minecraft:player_kills":8,"minecraft:crouch_one_cm":14691,"minecraft:play_time":81287,"minecraft:deaths":29,"minecraft:sneak_time":4670,"minecraft:jump":989,"minecraft:leave_game":1,"minecraft:time_since_death":23708,"minecraft:total_world_time":81287,"minecraft:fall_one_cm":6827,"minecraft:horse_one_cm":11}},"DataVersion":3465}