{"stats":{"minecraft:picked_up":{"minecraft:rotten_flesh":1,"ad_astra:launch_pad":1,"minecraft:crossbow":1,"supplementaries:ash":1,"minecraft:spectral_arrow":64,"alexsmobs:animal_dictionary":1,"minecraft:dirt":1},"minecraft:killed_by":{"minecraft:zombie":1,"minecraft:player":18},"minecraft:used":{"minecraft:wooden_sword":8,"minecraft:crossbow":21,"alexsmobs:animal_dictionary":8},"minecraft:mined":{"minecraft:grass":5,"minecraft:grass_block":3},"minecraft:killed":{"minecraft:player":2},"minecraft:custom":{"minecraft:time_since_rest":1327,"minecraft:crouch_one_cm":11436,"minecraft:play_time":57287,"minecraft:sprint_one_cm":37848,"minecraft:deaths":28,"minecraft:damage_taken":6477,"minecraft:walk_one_cm":122326,"minecraft:sneak_time":3546,"minecraft:jump":697,"minecraft:damage_dealt":898,"minecraft:leave_game":1,"minecraft:time_since_death":1298,"minecraft:total_world_time":57287,"minecraft:player_kills":8,"minecraft:fall_one_cm":4462,"minecraft:fly_one_cm":46406,"minecraft:horse_one_cm":11}},"DataVersion":3465}