{"stats":{"minecraft:picked_up":{"minecraft:rotten_flesh":1,"ad_astra:launch_pad":1,"supplementaries:ash":1,"alexsmobs:animal_dictionary":1,"minecraft:dirt":1},"minecraft:killed_by":{"minecraft:zombie":1,"minecraft:player":8},"minecraft:used":{"alexsmobs:animal_dictionary":8},"minecraft:mined":{"minecraft:grass":5,"minecraft:grass_block":3},"minecraft:killed":{"minecraft:player":1},"minecraft:custom":{"minecraft:time_since_rest":10,"minecraft:crouch_one_cm":6660,"minecraft:play_time":51681,"minecraft:sprint_one_cm":29138,"minecraft:walk_one_cm":110332,"minecraft:damage_taken":3661,"minecraft:deaths":17,"minecraft:sneak_time":2202,"minecraft:jump":628,"minecraft:damage_dealt":556,"minecraft:time_since_death":0,"minecraft:total_world_time":51681,"minecraft:fall_one_cm":4195,"minecraft:fly_one_cm":38550,"minecraft:player_kills":2,"minecraft:horse_one_cm":11}},"DataVersion":3465}