{"stats":{"minecraft:dropped":{"minecraft:red_concrete":1,"minecraft:lime_concrete":1,"minecraft:yellow_concrete":2,"minecraft:orange_concrete":2,"minecraft:light_blue_concrete":2,"spelunkery:dust":1,"minecraft:iron_chestplate":2,"minecraft:andesite":1,"minecraft:tnt_minecart":1,"minecraft:pink_petals":7},"minecraft:picked_up":{"minecraft:iron_chestplate":2,"minecraft:pink_petals":14,"minecraft:crafting_table":9,"minecraft:allium":2,"minecraft:light_blue_concrete":9,"minecraft:andesite":10,"minecraft:smoker":2,"spelunkery:rough_cinnabar":7,"create:raw_zinc":17,"minecraft:dirt":27,"minecraft:raw_copper":24,"minecraft:orange_concrete":12,"minecraft:cobbled_deepslate":22,"spelunkery:raw_zinc_nugget":4,"minecraft:wheat_seeds":1,"minecraft:tnt_minecart":1,"ad_astra:launch_pad":1,"minecraft:raw_gold":4,"spelunkery:rough_lazurite":5,"spelunkery:dust":1,"minecraft:furnace":5,"minecraft:raw_iron":37,"minecraft:stick":1,"spelunkery:rough_cinnabar_shard":16,"minecraft:yellow_concrete":15,"minecraft:torch":3,"minecraft:lime_concrete":9,"minecraft:cherry_log":25,"spelunkery:raw_magnetite_nugget":1,"minecraft:spectral_arrow":64,"alexsmobs:animal_dictionary":2,"alexsmobs:raw_catfish":1,"eidolon:raw_lead":2,"minecraft:slime_ball":1,"minecraft:rotten_flesh":1,"farmersdelight:onion":1,"quark:hollow_cherry_log":1,"spelunkery:raw_iron_nugget":7,"spelunkery:raw_gold_nugget":1,"minecraft:crossbow":1,"spelunkery:inkcap_mushroom":1,"minecraft:cherry_sapling":2,"supplementaries:ash":1,"iceandfire:raw_silver":5,"minecraft:red_concrete":13,"minecraft:mutton":2,"minecraft:diamond_pickaxe":1,"minecraft:coal":91,"minecraft:white_wool":1,"minecraft:cobblestone":280},"minecraft:killed_by":{"minecraft:player":18,"minecraft:zombie":1,"alexsmobs:farseer":1},"minecraft:used":{"minecraft:cooked_mutton":2,"quark:hollow_cherry_log":1,"minecraft:cherry_sapling":2,"minecraft:orange_concrete":10,"minecraft:red_concrete":12,"minecraft:stone_shovel":37,"minecraft:stone_pickaxe":263,"minecraft:wooden_pickaxe":10,"minecraft:iron_chestplate":2,"minecraft:stick":1,"minecraft:torch":45,"farmersdelight:onion":1,"minecraft:dirt":6,"minecraft:light_blue_concrete":7,"minecraft:crafting_table":9,"minecraft:yellow_concrete":13,"minecraft:crossbow":21,"spelunkery:inkcap_mushroom":1,"minecraft:smoker":2,"minecraft:diamond_pickaxe":45,"minecraft:iron_pickaxe":188,"minecraft:stone_axe":37,"minecraft:wooden_sword":8,"minecraft:cobblestone":62,"minecraft:lime_concrete":8,"alexsmobs:cooked_catfish":1,"minecraft:furnace":5,"minecraft:bucket":1,"alexsmobs:animal_dictionary":12,"minecraft:cherry_log":2},"minecraft:mined":{"iceandfire:silver_ore":5,"minecraft:light_blue_concrete":6,"minecraft:smoker":2,"minecraft:cherry_log":25,"spelunkery:diorite_iron_ore":1,"minecraft:crafting_table":9,"minecraft:torch":2,"minecraft:grass_block":8,"minecraft:deepslate_gold_ore":2,"spelunkery:inkcap_mushroom":1,"minecraft:cobblestone":18,"quark:hollow_cherry_log":1,"minecraft:copper_ore":5,"minecraft:tall_grass":1,"minecraft:lapis_ore":4,"minecraft:red_concrete":11,"spelunkery:dust":1,"minecraft:wall_torch":1,"minecraft:pink_petals":2,"minecraft:orange_concrete":9,"minecraft:coarse_dirt":10,"minecraft:furnace":5,"minecraft:iron_ore":33,"minecraft:andesite":10,"minecraft:lime_concrete":7,"minecraft:gravel":5,"minecraft:grass":15,"minecraft:deepslate_iron_ore":4,"supplementaries:stick":1,"minecraft:coal_ore":26,"minecraft:cherry_leaves":1,"minecraft:yellow_concrete":12,"minecraft:dirt":23,"minecraft:deepslate_redstone_ore":4,"minecraft:deepslate":31,"create:deepslate_zinc_ore":1,"eidolon:lead_ore":2,"minecraft:gold_ore":2,"minecraft:stone":280,"create:zinc_ore":16,"spelunkery:diorite_copper_ore":2},"minecraft:broken":{"minecraft:stone_pickaxe":2},"minecraft:crafted":{"minecraft:cherry_planks":19,"minecraft:stone_shovel":1,"minecraft:crafting_table":1,"minecraft:wooden_pickaxe":1,"minecraft:iron_helmet":1,"minecraft:furnace":2,"minecraft:bucket":1,"minecraft:stone_axe":1,"minecraft:cooked_mutton":2,"minecraft:air":133,"minecraft:iron_boots":1,"minecraft:iron_chestplate":1,"minecraft:shield":1,"minecraft:stick":16,"minecraft:iron_pickaxe":1,"minecraft:iron_ingot":31,"minecraft:stone_pickaxe":2,"minecraft:iron_leggings":1,"alexsmobs:cooked_catfish":1,"minecraft:torch":32,"minecraft:smoker":1},"minecraft:killed":{"alexsmobs:hummingbird":2,"minecraft:slime":2,"minecraft:sheep":2,"minecraft:player":2},"minecraft:custom":{"minecraft:interact_with_furnace":29,"minecraft:mob_kills":3,"minecraft:interact_with_crafting_table":17,"minecraft:leave_game":1,"minecraft:time_since_death":45528,"minecraft:time_since_rest":45552,"minecraft:sprint_one_cm":101832,"minecraft:damage_taken":7067,"minecraft:walk_one_cm":290699,"minecraft:drop":14,"minecraft:damage_dealt":1049,"minecraft:swim_one_cm":13812,"minecraft:fly_one_cm":126579,"minecraft:player_kills":8,"minecraft:crouch_one_cm":38187,"minecraft:play_time":129287,"minecraft:deaths":30,"minecraft:sneak_time":15772,"minecraft:walk_under_water_one_cm":6988,"minecraft:jump":1653,"minecraft:walk_on_water_one_cm":5986,"minecraft:interact_with_smoker":3,"minecraft:total_world_time":129287,"minecraft:fall_one_cm":18986,"minecraft:horse_one_cm":11}},"DataVersion":3465}