{"stats":{"minecraft:mined":{"minecraft:large_amethyst_bud":1,"create:deepslate_zinc_ore":29,"quark:cherry_chest":2,"minecraft:light_blue_concrete":6,"minecraft:cherry_log":25,"minecraft:grass_block":22,"spelunkery:dust":1,"minecraft:orange_concrete":9,"minecraft:tall_seagrass":1,"minecraft:iron_ore":50,"biomesoplenty:violet":2,"minecraft:deepslate_lapis_ore":1,"minecraft:azure_bluet":1,"supplementaries:stick":1,"minecraft:oak_stairs":2,"biomesoplenty:webbing":1,"eidolon:lead_ore":4,"minecraft:deepslate_redstone_ore":44,"minecraft:smoker":5,"minecraft:amethyst_cluster":6,"minecraft:torch":5,"spelunkery:calcite_redstone_ore":8,"minecraft:blast_furnace":1,"minecraft:calcite":7,"minecraft:melon":8,"spelunkery:inkcap_mushroom":1,"minecraft:cobblestone":122,"minecraft:wall_torch":9,"minecraft:amethyst_block":3,"minecraft:pink_petals":2,"eidolon:deep_lead_ore":4,"minecraft:lime_concrete":7,"minecraft:grass":44,"biomesoplenty:clover":12,"minecraft:oak_log":21,"delightful:mini_melon":1,"minecraft:dirt":42,"minecraft:smooth_basalt":2,"minecraft:oak_leaves":1,"immersive_weathering:dark_oak_leaf_pile":1,"minecraft:deepslate":545,"create:zinc_ore":20,"eidolon:deep_silver_ore":1,"iceandfire:silver_ore":11,"minecraft:dark_oak_leaves":1,"minecraft:deepslate_diamond_ore":29,"minecraft:oak_door":4,"minecraft:dark_oak_log":2,"minecraft:allium":3,"minecraft:decorated_pot":1,"minecraft:hay_block":19,"minecraft:oak_trapdoor":2,"minecraft:furnace":8,"minecraft:carrots":20,"minecraft:andesite":10,"minecraft:potatoes":43,"minecraft:deepslate_iron_ore":23,"biomesoplenty:mahogany_leaves":3,"minecraft:stripped_oak_log":1,"minecraft:stone":835,"betterarcheology:archeology_table":1,"minecraft:oak_fence":1,"spelunkery:diorite_iron_ore":1,"minecraft:crafting_table":24,"spelunkery:conk_fungus":2,"spelunkery:mushgloom":1,"minecraft:tall_grass":2,"minecraft:copper_ore":21,"quark:hollow_cherry_log":1,"biomesoplenty:huge_clover_petal":8,"biomesoplenty:sprout":3,"minecraft:lapis_ore":4,"minecraft:deepslate_gold_ore":19,"minecraft:red_concrete":11,"minecraft:sculk":1,"supplementaries:urn":11,"minecraft:coarse_dirt":10,"biomesoplenty:mahogany_log":29,"minecraft:coal_ore":93,"minecraft:cherry_leaves":1,"minecraft:yellow_concrete":12,"minecraft:gravel":5,"biomesoplenty:stringy_cobweb":1,"minecraft:gold_ore":2,"spelunkery:diorite_copper_ore":2,"minecraft:fern":2},"minecraft:picked_up":{"minecraft:iron_chestplate":2,"minecraft:light_blue_concrete":9,"quark:music_disc_drips":1,"minecraft:oak_stairs":2,"biomesoplenty:violet":4,"minecraft:amethyst_block":3,"alexsmobs:gazelle_horn":3,"minecraft:string":12,"minecraft:raw_copper":116,"minecraft:cherry_boat":5,"alexsmobs:emu_feather":1,"minecraft:tnt_minecart":1,"minecraft:gold_nugget":19,"minecraft:cobbled_deepslate":532,"delightful:acorn":3,"minecraft:calcite":7,"alexsmobs:raccoon_tail":1,"minecraft:melon_slice":39,"minecraft:furnace":8,"minecraft:stick":10,"spelunkery:rough_cinnabar_shard":234,"minecraft:oak_fence":2,"quark:cherry_chest":2,"minecraft:torch":40,"minecraft:cherry_log":25,"eidolon:tattered_cloth":3,"immersive_weathering:oak_bark":1,"minecraft:rotten_flesh":25,"farmersdelight:onion":1,"biomesoplenty:mahogany_sapling":2,"quark:hollow_cherry_log":1,"supplementaries:antique_ink":3,"alexsdelight:raw_bison":15,"alexsmobs:emu_egg":2,"supplementaries:ash":18,"minecraft:cobblestone":751,"minecraft:pink_petals":14,"spelunkery:inkcap_mushroom":1,"eidolon:raw_silver":1,"minecraft:andesite":19,"minecraft:smoker":5,"minecraft:potato":150,"alexsmobs:bison_fur":2,"spelunkery:rough_cinnabar":86,"create:raw_zinc":65,"supplementaries:flax_seeds":2,"minecraft:dirt":62,"minecraft:name_tag":1,"minecraft:bone":10,"minecraft:bow":1,"delightful:mini_melon":1,"minecraft:wheat_seeds":7,"betterarcheology:archeology_table":1,"ad_astra:launch_pad":1,"minecraft:raw_gold":21,"spelunkery:raw_zinc_nugget":82,"spelunkery:dust":1,"minecraft:stone_hoe":1,"spelunkery:rough_diamond_shard":21,"minecraft:oak_pressure_plate":1,"minecraft:spectral_arrow":64,"minecraft:dark_oak_log":2,"alexsmobs:animal_dictionary":2,"iceandfire:chared_cobblestone":1,"eidolon:raw_lead":10,"spelunkery:rough_lazurite_shard":6,"minecraft:crossbow":1,"minecraft:bread":7,"spelunkery:raw_gold_nugget":44,"alexsmobs:maggot":14,"minecraft:oak_sapling":5,"iceandfire:raw_silver":16,"minecraft:diamond_pickaxe":1,"minecraft:crafting_table":24,"minecraft:allium":7,"minecraft:azure_bluet":2,"minecraft:chicken":3,"spelunkery:conk_fungus":4,"minecraft:brick":12,"minecraft:oak_trapdoor":2,"minecraft:orange_concrete":12,"minecraft:beef":8,"minecraft:iron_nugget":19,"minecraft:poppy":1,"minecraft:light_gray_wool":1,"minecraft:egg":7,"minecraft:dark_oak_sapling":1,"minecraft:raw_iron":73,"minecraft:oak_door":4,"minecraft:copper_ingot":2,"spelunkery:raw_magnetite_nugget":5,"minecraft:carrot":64,"minecraft:arrow":12,"minecraft:hay_block":19,"miners_delight:bat_wing":1,"minecraft:mutton":13,"minecraft:white_wool":4,"eidolon:wraith_heart":1,"minecraft:stripped_oak_log":1,"minecraft:leather":9,"minecraft:oak_log":21,"spelunkery:phosphor_fungus":1,"minecraft:golden_boots":1,"minecraft:apple":7,"minecraft:iron_ingot":8,"spelunkery:rough_lazurite":12,"minecraft:stone_pickaxe":1,"minecraft:cherry_sign":1,"iceandfire:chared_stone":2,"minecraft:smooth_basalt":2,"spelunkery:mushgloom":1,"minecraft:yellow_concrete":15,"minecraft:lime_concrete":9,"minecraft:amethyst_shard":24,"minecraft:blast_furnace":1,"minecraft:spider_eye":4,"alexsmobs:raw_catfish":3,"biomesoplenty:mahogany_log":29,"minecraft:slime_ball":4,"spelunkery:rough_diamond":29,"minecraft:cherry_sapling":2,"spelunkery:raw_iron_nugget":56,"minecraft:gray_wool":1,"minecraft:red_concrete":13,"minecraft:coal":215},"minecraft:crafted":{"minecraft:smooth_stone":3,"minecraft:oak_planks":21,"minecraft:lightning_rod":1,"minecraft:cherry_boat":1,"minecraft:stone":3,"sophisticatedbackpacks:crafting_upgrade":1,"quark:cherry_chest":3,"minecraft:cooked_mutton":13,"minecraft:iron_boots":1,"alexsmobs:cooked_catfish":3,"minecraft:stone_hoe":1,"minecraft:smoker":1,"sophisticatedbackpacks:backpack":1,"minecraft:crafting_table":2,"minecraft:wooden_pickaxe":1,"minecraft:baked_potato":64,"minecraft:iron_helmet":1,"minecraft:copper_ingot":24,"sophisticatedbackpacks:upgrade_base":1,"minecraft:iron_chestplate":1,"minecraft:cherry_sign":1,"minecraft:shield":2,"minecraft:stick":34,"quark:oak_chest":3,"minecraft:iron_ingot":60,"minecraft:iron_pickaxe":3,"minecraft:cherry_planks":19,"minecraft:raw_iron":2,"minecraft:stone_shovel":1,"biomesoplenty:mahogany_planks":16,"minecraft:furnace":3,"minecraft:blast_furnace":1,"minecraft:oak_trapdoor":1,"alexsdelight:cooked_bison":15,"minecraft:stone_pickaxe":7,"minecraft:dark_oak_planks":2,"minecraft:wheat":19,"sophisticatedbackpacks:iron_backpack":1,"minecraft:cooked_beef":8,"minecraft:coal_block":1,"minecraft:iron_sword":1,"minecraft:bucket":1,"minecraft:dark_oak_button":8,"minecraft:stone_axe":2,"minecraft:bread":57,"minecraft:air":599,"minecraft:iron_leggings":1,"minecraft:white_bed":1,"minecraft:torch":140},"minecraft:custom":{"minecraft:interact_with_crafting_table":51,"minecraft:bell_ring":45,"minecraft:leave_game":7,"minecraft:time_since_death":133130,"minecraft:sprint_one_cm":617788,"minecraft:damage_blocked_by_shield":4313,"minecraft:drop":42,"minecraft:talked_to_villager":5,"minecraft:play_time":443608,"minecraft:deaths":33,"minecraft:jump":7537,"minecraft:walk_on_water_one_cm":28627,"minecraft:interact_with_furnace":40,"minecraft:sleep_in_bed":7,"minecraft:damage_dealt":14430,"minecraft:player_kills":8,"minecraft:crouch_one_cm":93355,"minecraft:interact_with_smoker":29,"minecraft:horse_one_cm":11,"minecraft:mob_kills":88,"minecraft:interact_with_anvil":1,"minecraft:climb_one_cm":35133,"minecraft:walk_one_cm":764238,"minecraft:sneak_time":42676,"minecraft:walk_under_water_one_cm":18131,"minecraft:interact_with_blast_furnace":18,"minecraft:total_world_time":443608,"minecraft:time_since_rest":95035,"minecraft:damage_taken":11662,"minecraft:swim_one_cm":39798,"minecraft:fly_one_cm":1210608,"minecraft:open_chest":79,"minecraft:fall_one_cm":207503},"minecraft:used":{"minecraft:cherry_sapling":2,"minecraft:shield":94,"minecraft:iron_sword":167,"minecraft:rotten_flesh":5,"alexsmobs:medium_catfish_bucket":2,"minecraft:iron_chestplate":2,"quark:cherry_chest":4,"minecraft:carrot":38,"spelunkery:inkcap_mushroom":1,"minecraft:oak_sapling":2,"minecraft:furnace":8,"minecraft:potato":48,"quark:hollow_cherry_log":1,"minecraft:stone_pickaxe":1318,"minecraft:wooden_pickaxe":10,"minecraft:light_blue_concrete":7,"minecraft:blast_furnace":2,"minecraft:yellow_concrete":13,"minecraft:crossbow":21,"minecraft:lightning_rod":1,"minecraft:bread":66,"minecraft:cherry_sign":2,"minecraft:wooden_sword":8,"minecraft:oak_trapdoor":2,"minecraft:cherry_boat":5,"minecraft:orange_concrete":10,"minecraft:red_concrete":12,"minecraft:stone_shovel":70,"minecraft:stone_hoe":22,"minecraft:oak_door":4,"minecraft:stick":1,"minecraft:torch":197,"minecraft:dirt":15,"minecraft:lime_concrete":8,"minecraft:cooked_beef":8,"minecraft:cobbled_deepslate":1,"minecraft:cherry_log":2,"alexsdelight:cooked_bison":12,"minecraft:cooked_mutton":2,"minecraft:water_bucket":30,"alexsmobs:cooked_catfish":3,"biomesoplenty:mahogany_log":4,"farmersdelight:onion":1,"minecraft:crafting_table":25,"minecraft:white_bed":1,"minecraft:smoker":6,"delightful:mini_melon":1,"minecraft:diamond_pickaxe":45,"minecraft:iron_pickaxe":607,"minecraft:stone_axe":210,"minecraft:cobblestone":349,"minecraft:bucket":33,"quark:oak_chest":2,"alexsmobs:animal_dictionary":43,"minecraft:stripped_oak_log":1},"minecraft:killed_by":{"minecraft:zombie":1,"alexsmobs:farseer":1,"minecraft:player":18,"alexsmobs:bison":2,"minecraft:skeleton":1},"minecraft:killed":{"alexsmobs:hummingbird":2,"minecraft:spider":16,"minecraft:skeleton":16,"alexsmobs:leafcutter_ant":2,"minecraft:chicken":6,"eidolon:slimy_slug":4,"minecraft:zombie_villager":2,"minecraft:iron_golem":2,"minecraft:sheep":10,"minecraft:zombie":26,"alexsmobs:fly":18,"minecraft:cow":8,"alexsmobs:raccoon":8,"minecraft:slime":2,"minecraft:horse":6,"eidolon:wraith":6,"alexsmobs:bison":6,"alexsmobs:rhinoceros":2,"alexsmobs:catfish":2,"alexsmobs:gazelle":16,"alexsmobs:crow":2,"minecraft:player":2},"minecraft:dropped":{"minecraft:dark_oak_button":8,"minecraft:tnt_minecart":1,"minecraft:white_wool":1,"minecraft:bone":1,"immersive_weathering:oak_bark":1,"minecraft:rotten_flesh":1,"spelunkery:dust":1,"minecraft:poppy":1,"minecraft:egg":5,"minecraft:golden_boots":1,"minecraft:iron_ingot":5,"minecraft:wheat_seeds":2,"minecraft:yellow_concrete":2,"minecraft:cobblestone":21,"spelunkery:phosphor_fungus":1,"minecraft:pink_petals":14,"minecraft:red_concrete":1,"minecraft:lime_concrete":1,"minecraft:orange_concrete":2,"spelunkery:raw_magnetite_nugget":5,"minecraft:light_blue_concrete":2,"minecraft:iron_chestplate":2,"minecraft:andesite":1,"minecraft:stone_pickaxe":1,"minecraft:brick":12},"minecraft:broken":{"minecraft:stone_pickaxe":10,"minecraft:stone_axe":1,"minecraft:shield":2,"minecraft:iron_pickaxe":2}},"DataVersion":3465}