{"stats":{"minecraft:picked_up":{"minecraft:wheat":1,"minecraft:crafting_table":5,"minecraft:azure_bluet":5,"minecraft:light_blue_concrete":1,"spelunkery:rough_emerald":2,"minecraft:wooden_pickaxe":1,"minecraft:oak_stairs":1,"biomesoplenty:violet":1,"minecraft:enchanted_book":1,"minecraft:brewing_stand":1,"minecraft:lapis_block":1,"minecraft:string":7,"minecraft:raw_copper":18,"minecraft:orange_concrete":1,"minecraft:oak_sign":1,"biomesoplenty:black_sand":2,"minecraft:tnt_minecart":2,"minecraft:gold_nugget":1092,"minecraft:iron_nugget":16,"minecraft:poppy":2,"minecraft:chest":2,"minecraft:sugar_cane":18,"minecraft:furnace":5,"minecraft:stick":6,"minecraft:raw_iron":108,"iceandfire:dragonbone":15,"minecraft:composter":17,"minecraft:copper_ingot":1,"minecraft:torch":13,"quark:blossom_log":10,"minecraft:porkchop":8,"minecraft:cherry_log":4,"minecraft:trident":1,"quark:blossom_planks":3,"eidolon:tattered_cloth":2,"iceandfire:dragon_skull_ice":1,"minecraft:stone_sword":2,"minecraft:arrow":11,"minecraft:rotten_flesh":68,"farmersdelight:onion":1,"minecraft:hay_block":35,"supplementaries:antique_ink":4,"create:asurine":1,"supplementaries:ash":69,"minecraft:obsidian":4,"minecraft:bone_block":19,"minecraft:mutton":6,"minecraft:white_wool":3,"minecraft:cobblestone":77,"minecraft:enchanting_table":1,"minecraft:pink_petals":1,"spelunkery:inkcap_mushroom":1,"eidolon:raw_silver":22,"minecraft:leather":10,"supplementaries:flax_seeds":4,"minecraft:potato":7,"minecraft:flint":1,"spelunkery:phosphor_fungus":1,"create:raw_zinc":13,"minecraft:oak_log":41,"minecraft:yellow_bed":4,"minecraft:gunpowder":8,"minecraft:dirt":12,"biomesoplenty:glowing_moss_carpet":1,"spelunkery:rough_lazurite_block":1,"minecraft:bone":36,"betterarcheology:archeology_table":1,"minecraft:bow":1,"minecraft:wheat_seeds":6,"minecraft:raw_gold":3,"spelunkery:raw_zinc_nugget":9,"minecraft:iron_ingot":39,"spelunkery:rough_lazurite":33,"spelunkery:dust":3,"minecraft:oak_planks":3,"immersive_weathering:tallow":11,"iceandfire:chared_stone":1,"minecraft:smooth_basalt":1,"minecraft:amethyst_shard":9,"minecraft:sand":3,"minecraft:lime_concrete":1,"minecraft:gravel":1,"cataclysm:desert_eye":1,"quark:blossom_sign":1,"minecraft:white_bed":7,"quark:oak_chest":2,"minecraft:spider_eye":4,"minecraft:mossy_cobblestone":1,"iceandfire:dragonegg_red":1,"eidolon:raw_lead":11,"spelunkery:rough_lazurite_shard":37,"spelunkery:rough_diamond":1,"minecraft:iron_helmet":1,"minecraft:gray_wool":1,"spelunkery:raw_iron_nugget":2,"minecraft:bread":4,"minecraft:emerald":10,"minecraft:netherrack":1,"minecraft:coal":68,"iceandfire:raw_silver":14,"minecraft:sunflower":1},"minecraft:dropped":{"minecraft:iron_ingot":60,"minecraft:wheat_seeds":4,"minecraft:yellow_concrete":1,"minecraft:crossbow":2,"minecraft:iron_helmet":2,"minecraft:cobblestone":15,"minecraft:spectral_arrow":128,"minecraft:copper_ingot":1,"spelunkery:raw_iron_nugget":2,"minecraft:coal":18,"minecraft:stick":15,"minecraft:dirt":2,"minecraft:iron_leggings":1,"spelunkery:inkcap_mushroom":1,"minecraft:gold_nugget":31,"minecraft:chainmail_leggings":1,"minecraft:paper":4,"minecraft:bone":9,"minecraft:red_concrete":1,"minecraft:furnace":2,"minecraft:stone_sword":3,"alexsmobs:animal_dictionary":3,"minecraft:lime_concrete":2,"minecraft:wheat":1,"minecraft:orange_concrete":2,"minecraft:raw_iron":35,"minecraft:rotten_flesh":37,"minecraft:iron_boots":1,"minecraft:azure_bluet":1,"minecraft:light_blue_concrete":1,"supplementaries:antique_ink":2,"spelunkery:dust":3,"minecraft:poppy":2,"supplementaries:ash":14,"minecraft:hay_block":6,"minecraft:gunpowder":13,"minecraft:spider_eye":2,"minecraft:diamond_boots":1,"minecraft:bow":1,"minecraft:arrow":2,"minecraft:wooden_pickaxe":2},"minecraft:killed_by":{"minecraft:player":1,"alexsmobs:crocodile":1,"minecraft:skeleton":2},"minecraft:used":{"minecraft:enchanting_table":2,"minecraft:stone_sword":45,"supplementaries:hourglass":3,"minecraft:flint_and_steel":4,"minecraft:orange_concrete":6,"alexsmobs:rainbow_glass":5,"minecraft:red_concrete":12,"minecraft:chest":2,"minecraft:shield":50,"minecraft:donkey_spawn_egg":8,"minecraft:iron_sword":106,"minecraft:grass":2,"minecraft:netherrack":1,"quark:yellow_shingles_vertical_slab":16,"minecraft:torch":5,"minecraft:dirt":34,"cataclysm:chorus_planks":20,"minecraft:diamond_helmet":1,"spelunkery:phosphor_fungus":1,"betterarcheology:archeology_table":1,"minecraft:azure_bluet":1,"minecraft:stripped_spruce_log":20,"minecraft:obsidian":10,"cataclysm:infernal_forge":2,"minecraft:lava_bucket":187,"minecraft:bookshelf":11,"spelunkery:rough_lazurite_block":1,"minecraft:grass_block":62,"minecraft:iron_axe":102,"minecraft:oak_stairs":1,"minecraft:bedrock":149,"minecraft:lime_concrete":6,"iceandfire:chared_stone":1,"minecraft:hay_block":1,"minecraft:furnace":3,"quark:blossom_planks":3,"minecraft:iron_leggings":1,"biomesoplenty:black_sand":1,"minecraft:cooked_mutton":6,"minecraft:water_bucket":47,"minecraft:diamond_boots":1,"minecraft:oak_planks":3,"cataclysm:desert_eye":2,"minecraft:stone_pickaxe":30,"minecraft:wooden_pickaxe":25,"biomesoplenty:fir_leaves":1,"minecraft:composter":15,"minecraft:sugar_cane":13,"alexsmobs:spawn_egg_farseer":1,"minecraft:rail":2,"minecraft:light_blue_concrete":10,"minecraft:crafting_table":7,"minecraft:yellow_concrete":15,"minecraft:white_bed":6,"minecraft:diamond_pickaxe":8,"minecraft:apple":3,"quark:monster_box":1,"minecraft:bread":41,"minecraft:barrier":158,"minecraft:iron_pickaxe":358,"minecraft:tnt_minecart":37,"quark:blossom_sign":1,"minecraft:gravel":1,"minecraft:stone_axe":19,"minecraft:diamond_sword":114,"minecraft:cobblestone":23,"minecraft:cooked_porkchop":8,"minecraft:yellow_bed":1,"minecraft:lapis_block":1,"minecraft:bucket":47,"quark:oak_chest":5,"alexsmobs:animal_dictionary":1,"iceandfire:dragonegg_red":1},"minecraft:broken":{"minecraft:iron_pickaxe":1},"minecraft:mined":{"create:zinc_ore":10,"biomesoplenty:mossy_black_sand":1,"minecraft:diamond_ore":1,"create:deepslate_zinc_ore":3,"minecraft:mossy_cobblestone":1,"minecraft:white_bed":7,"iceandfire:silver_ore":9,"minecraft:cherry_log":4,"biomesoplenty:desert_grass":1,"minecraft:brewing_stand":1,"minecraft:obsidian":4,"eidolon:silver_ore":22,"minecraft:grass_block":15,"iceandfire:deepslate_silver_ore":1,"minecraft:composter":17,"spelunkery:dust":2,"minecraft:tall_seagrass":1,"minecraft:hay_block":14,"minecraft:furnace":3,"minecraft:fire":3,"minecraft:iron_ore":69,"quark:blossom_planks":3,"minecraft:deepslate_lapis_ore":9,"minecraft:enchanting_table":1,"minecraft:azure_bluet":1,"create:asurine":1,"minecraft:potatoes":2,"biomesoplenty:brimstone_bud":1,"minecraft:dirt_path":2,"iceandfire:gold_pile":114,"minecraft:deepslate_iron_ore":1,"minecraft:oak_stairs":1,"biomesoplenty:webbing":2,"minecraft:stone":66,"biomesoplenty:brimstone_cluster":2,"iceandfire:chared_cobblestone":3,"eidolon:lead_ore":8,"betterarcheology:archeology_table":1,"quark:oak_chest":2,"biomesoplenty:black_sand":2,"minecraft:dandelion":1,"minecraft:crafting_table":6,"minecraft:emerald_ore":2,"minecraft:chest":2,"minecraft:rose_bush":1,"quark:blossom_log":10,"spelunkery:inkcap_mushroom":1,"minecraft:cobblestone":22,"minecraft:lapis_ore":13,"minecraft:oak_planks":2,"minecraft:sugar_cane":7,"supplementaries:urn":38,"minecraft:lapis_block":1,"spelunkery:phosphor_fungus":1,"eidolon:deep_lead_ore":3,"minecraft:wheat":1,"betterarcheology:loot_vase_creeper":3,"minecraft:yellow_bed":4,"minecraft:grass":13,"biomesoplenty:clover":6,"minecraft:oak_log":41,"minecraft:coal_ore":19,"minecraft:sand":3,"minecraft:sunflower":1,"minecraft:gravel":2,"minecraft:dirt":5,"biomesoplenty:stringy_cobweb":1,"minecraft:smooth_basalt":1,"spelunkery:rough_lazurite_block":1,"minecraft:netherrack":1,"minecraft:gold_ore":3,"minecraft:oak_leaves":1,"iceandfire:chared_stone":1},"minecraft:crafted":{"minecraft:cherry_planks":4,"minecraft:oak_planks":41,"spelunkery:rough_lazurite":1,"minecraft:furnace":2,"minecraft:bookshelf":11,"minecraft:cooked_mutton":6,"minecraft:flint_and_steel":1,"minecraft:iron_boots":1,"minecraft:iron_axe":1,"minecraft:stone_pickaxe":1,"minecraft:wheat":21,"spelunkery:rough_lazurite_block":2,"sophisticatedbackpacks:backpack":1,"quark:blossom_sign":1,"quark:blossom_planks":10,"minecraft:cooked_porkchop":8,"minecraft:crafting_table":2,"minecraft:enchanting_table":1,"minecraft:wooden_pickaxe":1,"minecraft:iron_helmet":1,"minecraft:iron_sword":1,"create:sand_paper":3,"minecraft:bucket":1,"minecraft:stone_axe":1,"quark:blossom_boat":1,"minecraft:bread":63,"minecraft:air":661,"minecraft:diamond_pickaxe":1,"minecraft:paper":3,"minecraft:iron_chestplate":1,"minecraft:shield":2,"minecraft:stick":19,"quark:oak_chest":4,"minecraft:iron_pickaxe":2,"create:raw_zinc":1,"minecraft:iron_ingot":48,"minecraft:stone_sword":1,"minecraft:gold_ingot":126,"minecraft:white_bed":1,"minecraft:lapis_lazuli":2},"minecraft:custom":{"minecraft:mob_kills":104,"minecraft:interact_with_crafting_table":49,"minecraft:open_barrel":12,"minecraft:damage_dealt_resisted":163,"minecraft:leave_game":1,"minecraft:time_since_death":71636,"minecraft:climb_one_cm":48,"minecraft:sprint_one_cm":603745,"minecraft:walk_one_cm":276157,"minecraft:damage_blocked_by_shield":2739,"minecraft:drop":83,"minecraft:talked_to_villager":20,"minecraft:play_time":235453,"minecraft:deaths":6,"minecraft:sneak_time":11100,"minecraft:walk_under_water_one_cm":12923,"minecraft:jump":4339,"minecraft:walk_on_water_one_cm":26036,"minecraft:total_world_time":235453,"minecraft:interact_with_furnace":43,"minecraft:interact_with_cartography_table":1,"minecraft:sleep_in_bed":3,"minecraft:time_since_rest":14682,"minecraft:damage_taken":3190,"minecraft:damage_dealt":20524,"minecraft:swim_one_cm":46562,"minecraft:fly_one_cm":1615508,"minecraft:player_kills":17,"minecraft:open_chest":106,"minecraft:crouch_one_cm":31321,"minecraft:interact_with_smoker":2,"minecraft:fall_one_cm":150014,"minecraft:horse_one_cm":2432},"minecraft:killed":{"alexsmobs:farseer":2,"minecraft:cave_spider":6,"iceandfire:hippogryph":2,"minecraft:vindicator":2,"minecraft:spider":16,"minecraft:slime":2,"minecraft:skeleton":30,"eidolon:wraith":12,"minecraft:drowned":6,"minecraft:pig":8,"minecraft:creeper":12,"minecraft:sheep":8,"minecraft:pillager":6,"alexsmobs:crocodile":2,"minecraft:zombie":66,"iceandfire:ghost":2,"eidolon:zombie_brute":2,"alexsmobs:fly":2,"minecraft:player":16}},"DataVersion":3465}