{"stats":{"minecraft:picked_up":{"minecraft:sculk_catalyst":1,"minecraft:tripwire_hook":6,"minecraft:brown_terracotta":3,"minecraft:diamond_sword":1,"minecraft:gunpowder":1,"minecraft:warden_spawn_egg":1,"minecraft:string":2,"minecraft:orange_terracotta":1,"minecraft:lever":1,"minecraft:netherite_sword":1,"minecraft:diamond_boots":1,"minecraft:golden_apple":7,"minecraft:terracotta":10},"minecraft:used":{"minecraft:oak_trapdoor":2,"minecraft:lever":2,"minecraft:water_bucket":2,"minecraft:netherite_sword":2,"minecraft:ghast_spawn_egg":1,"minecraft:diamond_boots":1,"minecraft:mace":14,"minecraft:string":6,"minecraft:diamond_chestplate":1,"minecraft:respawn_anchor":4,"minecraft:golden_apple":2,"minecraft:tripwire_hook":9,"minecraft:diamond_sword":31,"minecraft:cobblestone":17,"minecraft:end_crystal":12,"minecraft:ominous_bottle":1,"minecraft:diamond_helmet":1,"minecraft:diamond_leggings":1,"minecraft:milk_bucket":1,"minecraft:obsidian":12,"minecraft:trial_spawner":1},"minecraft:dropped":{"minecraft:diamond_sword":2,"minecraft:diamond_chestplate":1,"minecraft:diamond_leggings":1,"minecraft:diamond_helmet":1,"minecraft:diamond_boots":2,"minecraft:golden_apple":8},"minecraft:killed_by":{"minecraft:player":1},"minecraft:custom":{"minecraft:time_since_rest":759,"minecraft:damage_absorbed":39,"minecraft:damage_taken":7927,"minecraft:sprint_one_cm":12418,"minecraft:walk_one_cm":21165,"minecraft:mob_kills":1,"minecraft:drop":8,"minecraft:damage_dealt":807,"minecraft:damage_dealt_absorbed":40,"minecraft:fly_one_cm":113906,"minecraft:player_kills":1,"minecraft:crouch_one_cm":216,"minecraft:play_time":11953,"minecraft:deaths":3,"minecraft:sneak_time":184,"minecraft:jump":132,"minecraft:walk_on_water_one_cm":556,"minecraft:time_since_death":734,"minecraft:total_world_time":11953,"minecraft:damage_resisted":2288275,"minecraft:fall_one_cm":3117},"minecraft:killed":{"minecraft:ghast":1}},"DataVersion":3955}