{"stats":{"minecraft:picked_up":{"minecraft:light_blue_concrete":1,"iceandfire:dragonbone":15,"minecraft:leather":9,"minecraft:lime_concrete":1,"cataclysm:desert_eye":1,"iceandfire:dragonegg_red":1,"minecraft:orange_concrete":1,"iceandfire:dragon_skull_ice":1,"minecraft:wheat_seeds":2},"minecraft:dropped":{"minecraft:red_concrete":1,"alexsmobs:animal_dictionary":3,"minecraft:lime_concrete":2,"minecraft:yellow_concrete":1,"minecraft:orange_concrete":2,"minecraft:crossbow":2,"minecraft:spectral_arrow":128,"minecraft:wooden_pickaxe":1,"minecraft:light_blue_concrete":1},"minecraft:used":{"cataclysm:infernal_forge":2,"minecraft:lava_bucket":187,"supplementaries:hourglass":3,"quark:monster_box":1,"minecraft:orange_concrete":6,"alexsmobs:rainbow_glass":5,"minecraft:red_concrete":12,"minecraft:grass_block":33,"cataclysm:desert_eye":2,"minecraft:barrier":148,"minecraft:donkey_spawn_egg":8,"biomesoplenty:fir_leaves":1,"minecraft:grass":2,"alexsmobs:spawn_egg_farseer":1,"minecraft:bedrock":149,"quark:yellow_shingles_vertical_slab":16,"minecraft:dirt":31,"minecraft:lime_concrete":6,"minecraft:light_blue_concrete":10,"cataclysm:chorus_planks":20,"minecraft:yellow_concrete":15,"alexsmobs:animal_dictionary":1,"iceandfire:dragonegg_red":1,"minecraft:stripped_spruce_log":20},"minecraft:custom":{"minecraft:time_since_rest":85338,"minecraft:sprint_one_cm":15415,"minecraft:damage_taken":75,"minecraft:walk_one_cm":60077,"minecraft:mob_kills":3,"minecraft:drop":16,"minecraft:damage_dealt":1603,"minecraft:fly_one_cm":734177,"minecraft:player_kills":16,"minecraft:crouch_one_cm":4888,"minecraft:play_time":101659,"minecraft:deaths":2,"minecraft:sneak_time":2487,"minecraft:walk_under_water_one_cm":1237,"minecraft:jump":235,"minecraft:time_since_death":85288,"minecraft:total_world_time":101659,"minecraft:fall_one_cm":406,"minecraft:horse_one_cm":2432},"minecraft:killed":{"alexsmobs:farseer":2,"minecraft:zombie":2,"alexsmobs:fly":2,"minecraft:player":15}},"DataVersion":3465}