{"stats":{"minecraft:picked_up":{"minecraft:wheat":84,"minecraft:light_blue_concrete":1,"minecraft:anvil":2,"minecraft:creeper_head":1,"minecraft:stone_slab":5,"minecraft:smithing_table":1,"minecraft:diamond_sword":3,"minecraft:polished_blackstone_brick_stairs":1,"minecraft:oak_stairs":89,"biomesoplenty:violet":1,"minecraft:enchanted_book":2,"minecraft:brewing_stand":5,"minecraft:golden_sword":1,"minecraft:amethyst_block":10,"farmersdelight:cutting_board":1,"minecraft:lapis_block":3,"minecraft:string":31,"minecraft:raw_copper":58,"create:limestone":7,"minecraft:oak_sign":2,"biomesoplenty:brimstone":124,"create:mechanical_press":7,"minecraft:tnt_minecart":2,"minecraft:gold_nugget":1105,"minecraft:cobbled_deepslate":69,"minecraft:calcite":6,"minecraft:furnace":10,"minecraft:golden_helmet":1,"biomesoplenty:rose_quartz_block":1,"minecraft:stick":16,"spelunkery:rough_cinnabar_shard":19,"minecraft:composter":19,"minecraft:oak_fence":35,"minecraft:torch":46,"create:andesite_casing":3,"minecraft:porkchop":8,"quark:blossom_log":10,"minecraft:cherry_log":4,"quark:blossom_planks":15,"biomesoplenty:rose_quartz_chunk":4,"eidolon:tattered_cloth":8,"immersive_weathering:oak_bark":3,"minecraft:stone_sword":2,"minecraft:rotten_flesh":95,"farmersdelight:onion":143,"minecraft:blackstone_wall":2,"supplementaries:antique_ink":6,"minecraft:iron_block":9,"create:asurine":1,"supplementaries:ash":144,"minecraft:obsidian":18,"minecraft:cobblestone":639,"minecraft:enchanting_table":1,"minecraft:pink_petals":1,"spelunkery:inkcap_mushroom":3,"minecraft:feather":1,"eidolon:raw_silver":71,"minecraft:andesite":3,"minecraft:smoker":1,"minecraft:potato":921,"spelunkery:rough_cinnabar":6,"minecraft:flint":2,"minecraft:tuff":16,"create:raw_zinc":15,"supplementaries:flax_seeds":4,"farmersdelight:tomato":21,"minecraft:map":4,"minecraft:lapis_lazuli":15,"minecraft:dirt":865,"spelunkery:rough_lazurite_block":1,"minecraft:bone":115,"biomesoplenty:brimstone_bricks":123,"spelunkery:raw_zinc_nugget":9,"minecraft:bow":2,"minecraft:wheat_seeds":301,"delightful:mini_melon":5,"betterarcheology:archeology_table":1,"minecraft:raw_gold":138,"minecraft:bell":5,"spelunkery:dust":3,"minecraft:oak_planks":149,"immersive_weathering:tallow":11,"spelunkery:rough_diamond_shard":12,"biomesoplenty:clover":151,"minecraft:sand":3,"minecraft:poisonous_potato":4,"minecraft:ink_sac":2,"quark:blossom_sign":6,"minecraft:mossy_cobblestone":12,"iceandfire:dragonegg_red":1,"eidolon:raw_lead":31,"create:crimsite":23,"minecraft:diamond":22,"spelunkery:rough_lazurite_shard":101,"minecraft:nether_wart":15,"iceandfire:witherbone":2,"minecraft:granite":1,"minecraft:bone_meal":1,"minecraft:grass":1,"minecraft:emerald":53,"minecraft:bread":4,"spelunkery:raw_gold_nugget":268,"minecraft:netherrack":71,"minecraft:diamond_pickaxe":1,"quark:blossom_boat":1,"iceandfire:raw_silver":40,"iceandfire:dragon_skull_lightning":2,"minecraft:crafting_table":9,"minecraft:azure_bluet":19,"spelunkery:rough_emerald":2,"minecraft:leather_leggings":1,"minecraft:wooden_pickaxe":1,"minecraft:gold_block":44,"spelunkery:conk_fungus":4,"minecraft:shield":1,"minecraft:orange_concrete":1,"minecraft:flint_and_steel":1,"supplementaries:bomb":3,"biomesoplenty:black_sand":3,"spelunkery:nephrite_chunk":8,"create:basin":3,"minecraft:iron_nugget":32,"minecraft:poppy":3,"minecraft:minecart":4,"minecraft:sugar_cane":123,"minecraft:chest":4,"minecraft:phantom_membrane":2,"minecraft:raw_iron":238,"minecraft:orange_dye":2,"iceandfire:dragonbone":15,"minecraft:stone":3,"minecraft:oak_door":3,"farmersdelight:minced_beef":16,"minecraft:copper_ingot":1,"minecraft:white_dye":1,"farmersdelight:tomato_seeds":7,"minecraft:trident":1,"minecraft:carrot":28,"spelunkery:raw_magnetite_nugget":8,"minecraft:iron_horse_armor":2,"iceandfire:dragon_skull_ice":1,"minecraft:arrow":40,"minecraft:diamond_chestplate":1,"minecraft:hay_block":35,"minecraft:gold_ingot":105,"sophisticatedbackpacks:copper_backpack":1,"minecraft:mutton":6,"minecraft:bone_block":322,"minecraft:white_wool":35,"minecraft:skeleton_skull":1,"minecraft:rail":14,"spelunkery:sulfur_block":2,"biomesoplenty:black_sandstone":5,"minecraft:basalt":6,"biomesoplenty:huge_clover_petal":12,"minecraft:leather":18,"quark:smithing_template_rune":2,"minecraft:oak_log":155,"spelunkery:phosphor_fungus":1,"minecraft:golden_boots":1,"minecraft:yellow_bed":12,"minecraft:gunpowder":21,"minecraft:cobblestone_stairs":2,"biomesoplenty:glowing_moss_carpet":1,"minecraft:cooked_mutton":2,"minecraft:rabbit_hide":5,"minecraft:oak_fence_gate":1,"minecraft:iron_ingot":47,"spelunkery:rough_lazurite":60,"minecraft:cooked_chicken":1,"minecraft:cobweb":8,"minecraft:stripped_oak_wood":1,"artifacts:steadfast_spikes":1,"minecraft:soul_sand":11,"minecraft:iron_sword":2,"minecraft:book":4,"iceandfire:chared_stone":1,"minecraft:oak_slab":8,"minecraft:smooth_basalt":3,"minecraft:milk_bucket":1,"minecraft:quartz":108,"minecraft:lime_concrete":1,"minecraft:dandelion":1,"minecraft:gravel":5,"delightful:chopped_clover":144,"cataclysm:desert_eye":1,"minecraft:amethyst_shard":18,"minecraft:blast_furnace":5,"minecraft:white_bed":14,"minecraft:crying_obsidian":4,"quark:oak_chest":2,"minecraft:spider_eye":6,"minecraft:slime_ball":2,"spelunkery:rough_diamond":12,"minecraft:iron_helmet":1,"minecraft:gray_wool":1,"spelunkery:raw_iron_nugget":126,"minecraft:coal":289,"minecraft:sunflower":1,"minecraft:ender_pearl":1},"minecraft:mined":{"biomesoplenty:mossy_black_sand":1,"create:deepslate_zinc_ore":3,"spelunkery:nephrite":2,"minecraft:white_bed":9,"minecraft:farmland":1,"minecraft:cherry_log":4,"create:andesite_casing":3,"minecraft:sculk_vein":2,"minecraft:cobblestone_stairs":3,"biomesoplenty:brimstone":127,"minecraft:brewing_stand":5,"minecraft:obsidian":18,"minecraft:grass_block":433,"biomesoplenty:rose_quartz_block":1,"minecraft:cracked_polished_blackstone_bricks":1,"minecraft:composter":17,"minecraft:nether_wart":5,"spelunkery:dust":2,"minecraft:spawner":1,"minecraft:polished_blackstone_bricks":2,"minecraft:tall_seagrass":2,"minecraft:sculk_catalyst":8,"minecraft:iron_ore":113,"minecraft:fire":3,"quark:blossom_planks":3,"minecraft:anvil":2,"minecraft:deepslate_lapis_ore":17,"minecraft:iron_bars":2,"minecraft:azure_bluet":6,"minecraft:enchanting_table":1,"create:asurine":1,"minecraft:sculk_shrieker":2,"supplementaries:stick":1,"iceandfire:gold_pile":114,"minecraft:dirt_path":98,"minecraft:oak_stairs":91,"biomesoplenty:webbing":7,"create:mechanical_press":7,"create:limestone":7,"iceandfire:chared_cobblestone":3,"eidolon:lead_ore":8,"minecraft:deepslate_redstone_ore":3,"spelunkery:sulfur_block":1,"minecraft:smoker":1,"biomesoplenty:brimstone_fumarole":1,"minecraft:torch":6,"biomesoplenty:black_sandstone":5,"minecraft:blast_furnace":5,"minecraft:calcite":2,"minecraft:poppy":1,"minecraft:chest":4,"quark:blossom_log":10,"spelunkery:inkcap_mushroom":1,"minecraft:nether_quartz_ore":64,"minecraft:cobblestone":121,"minecraft:sugar_cane":46,"minecraft:oak_planks":52,"minecraft:wall_torch":1,"minecraft:amethyst_block":4,"create:basin":3,"minecraft:wheat":75,"eidolon:deep_lead_ore":10,"minecraft:lapis_block":1,"farmersdelight:cutting_board":1,"minecraft:stripped_oak_wood":1,"minecraft:grass":89,"biomesoplenty:clover":168,"minecraft:oak_log":101,"delightful:mini_melon":5,"minecraft:oak_fence_gate":1,"minecraft:sand":3,"minecraft:dirt":295,"minecraft:smooth_basalt":2,"minecraft:netherrack":92,"spelunkery:rough_lazurite_block":1,"create:crimsite":24,"minecraft:oak_leaves":2,"minecraft:deepslate":81,"iceandfire:chared_stone":1,"minecraft:infested_deepslate":1,"create:zinc_ore":11,"minecraft:diamond_ore":1,"minecraft:crying_obsidian":4,"minecraft:tuff":16,"eidolon:deep_silver_ore":3,"farmersdelight:onions":30,"iceandfire:silver_ore":9,"minecraft:mossy_cobblestone":11,"minecraft:blackstone_wall":2,"minecraft:deepslate_diamond_ore":10,"minecraft:oak_door":2,"biomesoplenty:desert_grass":1,"eidolon:silver_ore":22,"iceandfire:deepslate_silver_ore":1,"farmersdelight:tomatoes":7,"minecraft:hay_block":14,"minecraft:furnace":8,"minecraft:carrots":14,"minecraft:andesite":3,"minecraft:gold_block":1,"minecraft:bell":3,"minecraft:potatoes":274,"minecraft:deepslate_iron_ore":27,"biomesoplenty:brimstone_bud":2,"minecraft:rail":14,"minecraft:bone_block":267,"biomesoplenty:rose_quartz_cluster":1,"biomesoplenty:spider_egg":1,"minecraft:stone":525,"biomesoplenty:brimstone_cluster":2,"minecraft:smithing_table":1,"minecraft:oak_slab":6,"betterarcheology:archeology_table":1,"minecraft:glass_pane":6,"minecraft:soul_sand":11,"quark:oak_chest":2,"minecraft:basalt":8,"minecraft:dandelion":3,"biomesoplenty:black_sand":2,"minecraft:oak_fence":36,"minecraft:crafting_table":9,"minecraft:emerald_ore":2,"minecraft:rose_bush":1,"minecraft:copper_ore":8,"minecraft:deepslate_gold_ore":61,"minecraft:lapis_ore":13,"biomesoplenty:huge_clover_petal":31,"minecraft:polished_blackstone_brick_stairs":2,"minecraft:sculk":3212,"supplementaries:urn":57,"biomesoplenty:brimstone_bricks":11,"betterarcheology:loot_vase_creeper":3,"spelunkery:phosphor_fungus":1,"minecraft:yellow_bed":7,"minecraft:coal_ore":73,"minecraft:sunflower":1,"minecraft:gravel":7,"biomesoplenty:stringy_cobweb":2,"minecraft:gold_ore":6},"minecraft:crafted":{"minecraft:black_dye":2,"minecraft:grindstone":1,"minecraft:smooth_stone":5,"minecraft:oak_planks":157,"minecraft:stone":11,"minecraft:bookshelf":16,"minecraft:cooked_mutton":6,"minecraft:diamond_leggings":1,"minecraft:iron_boots":1,"create:mechanical_press":1,"create:cogwheel":1,"minecraft:oak_fence":22,"farmersdelight:tomato_seeds":13,"create:depot":1,"minecraft:oak_slab":43,"sophisticatedbackpacks:backpack":1,"quark:blossom_planks":10,"minecraft:cooked_porkchop":8,"minecraft:crafting_table":4,"farmersdelight:iron_knife":1,"minecraft:iron_helmet":1,"minecraft:wooden_pickaxe":1,"minecraft:baked_potato":64,"minecraft:smithing_table":1,"create:sand_paper":3,"minecraft:gold_block":45,"delightful:cheeseburger":4,"create:mechanical_mixer":1,"minecraft:diorite":31,"farmersdelight:beef_patty":16,"farmersdelight:cutting_board":1,"minecraft:iron_chestplate":1,"minecraft:paper":3,"minecraft:diamond_pickaxe":1,"minecraft:yellow_dye":1,"minecraft:shield":4,"minecraft:stick":54,"minecraft:stone_slab":1,"quark:oak_chest":10,"minecraft:light_blue_dye":2,"minecraft:iron_ingot":168,"minecraft:iron_pickaxe":2,"minecraft:iron_block":13,"minecraft:stone_sword":1,"minecraft:gold_ingot":296,"minecraft:shears":2,"create:empty_blaze_burner":1,"minecraft:cherry_planks":4,"minecraft:raw_iron":13,"minecraft:iron_nugget":4,"spelunkery:rough_lazurite":4,"minecraft:furnace":4,"minecraft:blast_furnace":2,"minecraft:bone_meal":45,"minecraft:flint_and_steel":2,"minecraft:iron_axe":2,"minecraft:iron_hoe":24,"minecraft:stone_pickaxe":1,"create:basin":1,"sophisticatedbackpacks:iron_backpack":1,"minecraft:wheat":44,"minecraft:red_dye":1,"spelunkery:rough_lazurite_block":4,"farmersdelight:hamburger":1,"create:andesite_alloy":17,"create:hand_crank":2,"quark:blossom_sign":1,"minecraft:enchanting_table":1,"spelunkery:rough_diamond":1,"minecraft:iron_sword":1,"biomesoplenty:brimstone_bricks":28,"sophisticatedbackpacks:gold_backpack":1,"minecraft:bucket":1,"minecraft:stone_axe":1,"quark:blossom_boat":1,"minecraft:orange_dye":1,"minecraft:bread":129,"minecraft:air":2610,"spelunkery:lapis_lazuli_shard":1,"minecraft:blue_dye":1,"create:whisk":1,"minecraft:white_dye":2,"minecraft:raw_gold":30,"create:raw_zinc":1,"minecraft:iron_shovel":3,"minecraft:anvil":1,"minecraft:white_bed":7,"create:shaft":8,"minecraft:andesite":62,"minecraft:lapis_lazuli":3,"minecraft:diamond_chestplate":1},"minecraft:custom":{"minecraft:animals_bred":16,"minecraft:interact_with_crafting_table":134,"minecraft:open_barrel":40,"minecraft:bell_ring":65,"minecraft:leave_game":4,"minecraft:time_since_death":376474,"minecraft:sprint_one_cm":1879305,"minecraft:damage_blocked_by_shield":5394,"minecraft:drop":223,"minecraft:talked_to_villager":25,"minecraft:play_time":540291,"minecraft:deaths":6,"minecraft:jump":10364,"minecraft:walk_on_water_one_cm":58718,"minecraft:enchant_item":5,"minecraft:interact_with_furnace":97,"minecraft:interact_with_cartography_table":1,"minecraft:sleep_in_bed":4,"minecraft:damage_dealt":43988,"minecraft:player_kills":17,"minecraft:crouch_one_cm":95558,"minecraft:interact_with_smoker":14,"minecraft:horse_one_cm":2432,"minecraft:interact_with_smithing_table":8,"minecraft:interact_with_anvil":3,"minecraft:mob_kills":240,"minecraft:damage_dealt_resisted":613,"minecraft:climb_one_cm":1993,"minecraft:walk_one_cm":910421,"minecraft:damage_dealt_absorbed":120,"minecraft:sneak_time":28286,"minecraft:walk_under_water_one_cm":37212,"minecraft:interact_with_blast_furnace":85,"minecraft:total_world_time":540291,"minecraft:interact_with_grindstone":1,"minecraft:time_since_rest":202264,"minecraft:damage_taken":5761,"minecraft:fly_one_cm":2775959,"minecraft:swim_one_cm":100932,"minecraft:open_chest":416,"minecraft:fall_one_cm":340231},"minecraft:used":{"supplementaries:hourglass":3,"minecraft:iron_shovel":811,"alexsmobs:sopa_de_macaco":1,"minecraft:chest":4,"minecraft:donkey_spawn_egg":8,"minecraft:shield":100,"minecraft:stone":1,"minecraft:iron_sword":114,"minecraft:creeper_head":1,"minecraft:bell":5,"minecraft:grass":2,"quark:yellow_shingles_vertical_slab":16,"minecraft:soul_sand":1,"cataclysm:chorus_planks":20,"minecraft:carrot":14,"create:depot":1,"minecraft:azure_bluet":1,"minecraft:milk_bucket":1,"minecraft:stripped_spruce_log":20,"minecraft:obsidian":24,"cataclysm:infernal_forge":2,"minecraft:lava_bucket":187,"minecraft:grass_block":62,"biomesoplenty:brimstone_bricks":11,"minecraft:bedrock":149,"minecraft:bow":32,"farmersdelight:cutting_board":2,"iceandfire:chared_stone":1,"minecraft:hay_block":1,"minecraft:furnace":8,"minecraft:skeleton_skull":1,"minecraft:potato":336,"farmersdelight:hamburger":1,"minecraft:diamond_boots":3,"minecraft:stone_pickaxe":30,"minecraft:oak_planks":59,"biomesoplenty:fir_leaves":1,"create:crimsite":23,"minecraft:wooden_pickaxe":25,"minecraft:composter":15,"minecraft:sugar_cane":13,"minecraft:light_blue_concrete":10,"minecraft:mushroom_stew":2,"minecraft:blast_furnace":7,"minecraft:yellow_concrete":15,"minecraft:blackstone_wall":2,"minecraft:shears":1,"quark:monster_box":1,"minecraft:barrier":158,"minecraft:bread":128,"minecraft:zombie_head":1,"quark:blossom_sign":1,"minecraft:gravel":5,"minecraft:diamond_sword":392,"create:basin":4,"minecraft:grindstone":1,"minecraft:smithing_table":2,"minecraft:andesite":1,"iceandfire:dragonegg_red":1,"minecraft:bone_meal":257,"minecraft:oak_fence":50,"minecraft:stone_sword":45,"minecraft:flint_and_steel":6,"biomesoplenty:brimstone":4,"minecraft:enchanting_table":2,"minecraft:orange_concrete":6,"alexsmobs:rainbow_glass":5,"minecraft:red_concrete":12,"minecraft:cooked_chicken":1,"minecraft:netherrack":39,"minecraft:oak_door":1,"minecraft:stick":2,"minecraft:torch":46,"minecraft:brewing_stand":5,"delightful:cheeseburger":1,"minecraft:dirt":290,"minecraft:anvil":3,"create:mechanical_mixer":1,"minecraft:diamond_helmet":2,"spelunkery:conk_fungus":1,"betterarcheology:archeology_table":1,"spelunkery:phosphor_fungus":1,"minecraft:iron_hoe":3718,"minecraft:bookshelf":16,"spelunkery:rough_lazurite_block":1,"minecraft:iron_axe":383,"minecraft:oak_stairs":1,"minecraft:polished_blackstone_brick_stairs":1,"minecraft:diamond_chestplate":1,"minecraft:lime_concrete":6,"minecraft:minecart":4,"quark:blossom_planks":3,"farmersdelight:tomato_seeds":25,"minecraft:cobbled_deepslate":17,"minecraft:iron_leggings":1,"biomesoplenty:black_sand":1,"minecraft:wheat_seeds":252,"minecraft:cooked_mutton":7,"farmersdelight:iron_knife":11,"minecraft:water_bucket":126,"cataclysm:desert_eye":2,"minecraft:baked_potato":9,"iceandfire:dragon_skull_lightning":2,"alexsmobs:spawn_egg_farseer":1,"minecraft:mossy_cobblestone":1,"farmersdelight:onion":106,"minecraft:rail":16,"minecraft:oak_slab":114,"minecraft:crafting_table":13,"supplementaries:bomb":3,"minecraft:white_bed":15,"minecraft:smoker":1,"minecraft:oak_log":16,"minecraft:diamond_pickaxe":1619,"minecraft:apple":3,"create:mechanical_press":8,"minecraft:iron_pickaxe":693,"minecraft:tnt_minecart":37,"minecraft:stone_axe":19,"minecraft:cobblestone":182,"minecraft:cooked_porkchop":8,"minecraft:bucket":127,"minecraft:lapis_block":1,"minecraft:yellow_bed":7,"quark:oak_chest":11,"alexsmobs:animal_dictionary":2,"create:hand_crank":2,"minecraft:diamond_leggings":1},"minecraft:killed_by":{"alexsmobs:crocodile":1,"minecraft:player":1,"minecraft:skeleton":2},"minecraft:killed":{"minecraft:cave_spider":8,"iceandfire:hippogryph":2,"minecraft:zombified_piglin":2,"minecraft:witch":2,"minecraft:spider":40,"quark:forgotten":2,"minecraft:skeleton":58,"minecraft:chicken":2,"alexsmobs:centipede_head":2,"minecraft:piglin_brute":2,"artifacts:mimic":2,"minecraft:piglin":6,"minecraft:pig":8,"minecraft:zombie_villager":4,"minecraft:creeper":18,"minecraft:sheep":8,"minecraft:pillager":14,"minecraft:zombie":144,"minecraft:ghast":4,"eidolon:zombie_brute":2,"alexsmobs:fly":2,"alexsmobs:dropbear":2,"alexsmobs:farseer":2,"minecraft:vindicator":2,"minecraft:slime":10,"minecraft:phantom":12,"eidolon:wraith":16,"minecraft:drowned":6,"quark:foxhound":4,"minecraft:squid":2,"alexsmobs:crocodile":2,"iceandfire:ghost":2,"minecraft:wither_skeleton":2,"minecraft:player":16,"quark:wraith":2,"minecraft:enderman":4},"minecraft:dropped":{"iceandfire:raw_silver":26,"minecraft:iron_sword":2,"minecraft:orange_dye":2,"minecraft:lapis_lazuli":15,"minecraft:diamond":22,"minecraft:crossbow":2,"minecraft:ender_pearl":1,"biomesoplenty:black_sand":1,"minecraft:leather":8,"spelunkery:raw_gold_nugget":2,"eidolon:raw_silver":46,"minecraft:emerald":24,"minecraft:gold_block":43,"minecraft:dirt":29,"biomesoplenty:rose_quartz_block":1,"spelunkery:sulfur_block":2,"minecraft:bone_block":38,"minecraft:amethyst_shard":9,"spelunkery:inkcap_mushroom":3,"minecraft:gold_nugget":31,"minecraft:bone_meal":1,"minecraft:white_wool":1,"minecraft:gold_ingot":167,"minecraft:bone":70,"minecraft:sugar_cane":28,"alexsmobs:animal_dictionary":3,"minecraft:iron_nugget":16,"minecraft:wheat":1,"minecraft:rotten_flesh":38,"minecraft:oak_planks":43,"minecraft:azure_bluet":7,"minecraft:white_bed":5,"minecraft:carrot":28,"supplementaries:antique_ink":4,"spelunkery:dust":3,"minecraft:poppy":2,"supplementaries:ash":67,"minecraft:gunpowder":21,"spelunkery:rough_lazurite":1,"minecraft:white_dye":1,"quark:smithing_template_rune":2,"minecraft:arrow":2,"minecraft:iron_ingot":124,"minecraft:enchanted_book":1,"minecraft:wheat_seeds":9,"delightful:cheeseburger":2,"minecraft:mossy_cobblestone":7,"quark:blossom_planks":12,"minecraft:yellow_concrete":1,"minecraft:poisonous_potato":2,"minecraft:oak_fence":1,"minecraft:iron_helmet":2,"minecraft:cobblestone":28,"eidolon:tattered_cloth":4,"minecraft:spectral_arrow":128,"minecraft:copper_ingot":1,"spelunkery:raw_iron_nugget":2,"minecraft:coal":90,"minecraft:stick":19,"minecraft:iron_block":14,"minecraft:map":4,"minecraft:iron_leggings":1,"minecraft:paper":4,"minecraft:string":30,"minecraft:chainmail_leggings":1,"minecraft:bucket":1,"minecraft:lapis_block":2,"create:raw_zinc":2,"minecraft:smooth_basalt":2,"minecraft:red_concrete":1,"minecraft:furnace":2,"minecraft:stone_sword":3,"minecraft:raw_copper":22,"minecraft:lime_concrete":2,"minecraft:composter":2,"minecraft:orange_concrete":2,"minecraft:raw_iron":74,"minecraft:iron_boots":1,"minecraft:stone_slab":5,"minecraft:light_blue_concrete":1,"minecraft:oak_sign":1,"minecraft:flint_and_steel":1,"minecraft:diamond_sword":3,"minecraft:potato":529,"minecraft:hay_block":6,"minecraft:shield":1,"eidolon:raw_lead":3,"minecraft:diamond_chestplate":1,"minecraft:diamond_pickaxe":1,"minecraft:yellow_bed":5,"quark:blossom_boat":1,"minecraft:spider_eye":3,"minecraft:diamond_boots":1,"biomesoplenty:brimstone_bricks":112,"minecraft:bow":1,"minecraft:wooden_pickaxe":2,"minecraft:raw_gold":21,"minecraft:calcite":6,"quark:blossom_sign":5},"minecraft:broken":{"minecraft:iron_shovel":3,"minecraft:iron_hoe":13,"minecraft:iron_axe":1,"minecraft:iron_pickaxe":2,"create:sand_paper":1}},"DataVersion":3465}