{"stats":{"minecraft:dropped":{"minecraft:red_concrete":1,"minecraft:stone_sword":1,"alexsmobs:animal_dictionary":3,"minecraft:lime_concrete":2,"minecraft:yellow_concrete":1,"minecraft:orange_concrete":2,"minecraft:crossbow":2,"minecraft:cobblestone":5,"minecraft:rotten_flesh":13,"minecraft:spectral_arrow":128,"spelunkery:raw_iron_nugget":1,"minecraft:light_blue_concrete":1,"minecraft:stick":1,"spelunkery:dust":3,"supplementaries:ash":4,"minecraft:dirt":2,"minecraft:gold_nugget":21,"minecraft:spider_eye":2,"minecraft:wooden_pickaxe":1},"minecraft:picked_up":{"minecraft:pink_petals":1,"minecraft:crafting_table":2,"minecraft:light_blue_concrete":1,"eidolon:raw_silver":16,"spelunkery:rough_emerald":1,"minecraft:leather":9,"create:raw_zinc":12,"minecraft:brewing_stand":1,"minecraft:gunpowder":2,"minecraft:string":6,"minecraft:dirt":2,"minecraft:orange_concrete":1,"minecraft:bone":1,"minecraft:gold_nugget":21,"minecraft:wheat_seeds":2,"minecraft:tnt_minecart":2,"minecraft:raw_gold":2,"spelunkery:raw_zinc_nugget":9,"spelunkery:rough_lazurite":5,"spelunkery:dust":3,"immersive_weathering:tallow":11,"minecraft:furnace":1,"minecraft:stick":1,"minecraft:raw_iron":38,"iceandfire:dragonbone":15,"minecraft:lime_concrete":1,"quark:blossom_log":10,"minecraft:porkchop":8,"cataclysm:desert_eye":1,"minecraft:cherry_log":4,"minecraft:stone_sword":1,"minecraft:spider_eye":2,"iceandfire:dragonegg_red":1,"iceandfire:dragon_skull_ice":1,"minecraft:arrow":1,"eidolon:raw_lead":3,"minecraft:rotten_flesh":13,"spelunkery:rough_diamond":1,"supplementaries:antique_ink":2,"spelunkery:raw_iron_nugget":2,"minecraft:gray_wool":1,"supplementaries:ash":4,"minecraft:mutton":6,"iceandfire:raw_silver":6,"minecraft:coal":26,"minecraft:sunflower":1,"minecraft:white_wool":3,"minecraft:cobblestone":37},"minecraft:killed_by":{"minecraft:skeleton":1},"minecraft:used":{"minecraft:stone_sword":45,"supplementaries:hourglass":3,"minecraft:orange_concrete":6,"alexsmobs:rainbow_glass":5,"minecraft:red_concrete":12,"cataclysm:desert_eye":2,"minecraft:stone_pickaxe":30,"minecraft:shield":13,"biomesoplenty:fir_leaves":1,"minecraft:donkey_spawn_egg":8,"minecraft:wooden_pickaxe":8,"minecraft:iron_sword":22,"minecraft:grass":2,"alexsmobs:spawn_egg_farseer":1,"quark:yellow_shingles_vertical_slab":16,"minecraft:dirt":31,"minecraft:rail":2,"minecraft:light_blue_concrete":10,"minecraft:crafting_table":4,"cataclysm:chorus_planks":20,"minecraft:yellow_concrete":15,"minecraft:white_bed":1,"minecraft:stripped_spruce_log":20,"cataclysm:infernal_forge":2,"minecraft:lava_bucket":187,"quark:monster_box":1,"minecraft:iron_axe":10,"minecraft:iron_pickaxe":101,"minecraft:grass_block":62,"minecraft:barrier":158,"minecraft:tnt_minecart":37,"minecraft:bedrock":149,"minecraft:stone_axe":19,"minecraft:cobblestone":3,"minecraft:lime_concrete":6,"minecraft:furnace":3,"minecraft:cooked_porkchop":5,"alexsmobs:animal_dictionary":1,"iceandfire:dragonegg_red":1},"minecraft:mined":{"eidolon:lead_ore":3,"create:zinc_ore":9,"minecraft:diamond_ore":1,"create:deepslate_zinc_ore":3,"iceandfire:silver_ore":6,"minecraft:cherry_log":4,"minecraft:brewing_stand":1,"minecraft:crafting_table":3,"minecraft:emerald_ore":1,"eidolon:silver_ore":16,"minecraft:grass_block":2,"quark:blossom_log":10,"minecraft:lapis_ore":3,"spelunkery:dust":2,"supplementaries:urn":6,"minecraft:furnace":1,"minecraft:iron_ore":35,"minecraft:grass":2,"minecraft:deepslate_iron_ore":1,"minecraft:coal_ore":18,"minecraft:sunflower":1,"minecraft:stone":32,"minecraft:gold_ore":2,"iceandfire:chared_cobblestone":1},"minecraft:crafted":{"minecraft:cherry_planks":4,"quark:blossom_planks":10,"minecraft:cooked_porkchop":8,"minecraft:crafting_table":2,"minecraft:iron_helmet":1,"minecraft:wooden_pickaxe":1,"minecraft:iron_sword":1,"minecraft:furnace":2,"minecraft:stone_axe":1,"quark:blossom_boat":1,"minecraft:cooked_mutton":6,"minecraft:air":77,"minecraft:iron_boots":1,"minecraft:iron_chestplate":1,"minecraft:shield":1,"minecraft:iron_axe":1,"minecraft:stick":10,"minecraft:iron_ingot":35,"minecraft:iron_pickaxe":1,"minecraft:stone_pickaxe":1,"minecraft:stone_sword":1,"minecraft:white_bed":1},"minecraft:custom":{"minecraft:interact_with_furnace":36,"minecraft:mob_kills":32,"minecraft:interact_with_cartography_table":1,"minecraft:interact_with_crafting_table":15,"minecraft:open_barrel":11,"minecraft:time_since_death":9312,"minecraft:time_since_rest":9338,"minecraft:sprint_one_cm":97278,"minecraft:damage_taken":988,"minecraft:walk_one_cm":99740,"minecraft:damage_blocked_by_shield":480,"minecraft:drop":28,"minecraft:damage_dealt":6338,"minecraft:fly_one_cm":825083,"minecraft:player_kills":16,"minecraft:open_chest":10,"minecraft:crouch_one_cm":18220,"minecraft:play_time":125659,"minecraft:deaths":3,"minecraft:sneak_time":5765,"minecraft:walk_under_water_one_cm":1237,"minecraft:jump":715,"minecraft:walk_on_water_one_cm":210,"minecraft:interact_with_smoker":1,"minecraft:total_world_time":125659,"minecraft:fall_one_cm":14833,"minecraft:horse_one_cm":2432},"minecraft:killed":{"alexsmobs:farseer":2,"minecraft:pig":8,"minecraft:spider":12,"minecraft:creeper":2,"minecraft:sheep":8,"minecraft:skeleton":6,"eidolon:wraith":2,"minecraft:zombie":22,"alexsmobs:fly":2,"minecraft:player":15}},"DataVersion":3465}