{"stats":{"minecraft:picked_up":{"minecraft:sculk_catalyst":1,"minecraft:tripwire_hook":6,"minecraft:brown_terracotta":4,"minecraft:diamond_sword":1,"minecraft:gunpowder":1,"minecraft:warden_spawn_egg":1,"minecraft:string":2,"minecraft:orange_terracotta":1,"minecraft:lever":1,"minecraft:netherite_sword":1,"minecraft:diamond_boots":1,"minecraft:golden_apple":7,"minecraft:terracotta":74},"minecraft:used":{"minecraft:oak_trapdoor":2,"minecraft:lever":2,"minecraft:water_bucket":2,"minecraft:netherite_sword":2,"minecraft:ghast_spawn_egg":1,"minecraft:diamond_boots":1,"minecraft:mace":14,"minecraft:flint_and_steel":27,"minecraft:string":6,"minecraft:diamond_chestplate":1,"minecraft:respawn_anchor":4,"minecraft:golden_apple":2,"minecraft:tripwire_hook":9,"minecraft:diamond_sword":31,"minecraft:cobblestone":17,"minecraft:end_crystal":12,"minecraft:tnt":90,"minecraft:ominous_bottle":1,"minecraft:diamond_helmet":1,"minecraft:diamond_leggings":1,"minecraft:milk_bucket":1,"minecraft:obsidian":12,"minecraft:trial_spawner":1},"minecraft:dropped":{"minecraft:diamond_sword":2,"minecraft:diamond_chestplate":1,"minecraft:diamond_leggings":1,"minecraft:diamond_helmet":1,"minecraft:diamond_boots":2,"minecraft:golden_apple":8},"minecraft:killed_by":{"minecraft:player":1},"minecraft:custom":{"minecraft:time_since_rest":13532,"minecraft:damage_absorbed":39,"minecraft:damage_taken":7927,"minecraft:sprint_one_cm":12480,"minecraft:walk_one_cm":21232,"minecraft:mob_kills":30,"minecraft:drop":8,"minecraft:damage_dealt":827,"minecraft:damage_dealt_absorbed":40,"minecraft:fly_one_cm":168230,"minecraft:player_kills":2,"minecraft:crouch_one_cm":247,"minecraft:play_time":24726,"minecraft:deaths":3,"minecraft:sneak_time":399,"minecraft:jump":132,"minecraft:leave_game":1,"minecraft:walk_on_water_one_cm":556,"minecraft:time_since_death":13507,"minecraft:total_world_time":24726,"minecraft:damage_resisted":2288275,"minecraft:fall_one_cm":3117},"minecraft:killed":{"minecraft:skeleton":1,"minecraft:armadillo":3,"minecraft:ghast":1,"minecraft:spider":1,"minecraft:creeper":10,"minecraft:enderman":1}},"DataVersion":3955}