{"stats":{"minecraft:picked_up":{"minecraft:wheat":1,"minecraft:light_blue_concrete":1,"minecraft:anvil":1,"minecraft:diamond_sword":1,"minecraft:oak_stairs":1,"biomesoplenty:violet":1,"minecraft:enchanted_book":1,"minecraft:brewing_stand":1,"minecraft:lapis_block":1,"minecraft:string":16,"minecraft:raw_copper":18,"minecraft:oak_sign":1,"biomesoplenty:brimstone":8,"minecraft:tnt_minecart":2,"minecraft:gold_nugget":1092,"minecraft:cobbled_deepslate":4,"minecraft:furnace":5,"minecraft:stick":6,"minecraft:composter":17,"minecraft:torch":13,"minecraft:porkchop":8,"quark:blossom_log":10,"minecraft:cherry_log":4,"quark:blossom_planks":9,"eidolon:tattered_cloth":4,"minecraft:stone_sword":2,"minecraft:rotten_flesh":68,"farmersdelight:onion":1,"supplementaries:antique_ink":4,"create:asurine":1,"supplementaries:ash":70,"minecraft:obsidian":14,"minecraft:cobblestone":79,"minecraft:enchanting_table":1,"minecraft:pink_petals":1,"spelunkery:inkcap_mushroom":1,"eidolon:raw_silver":45,"minecraft:potato":7,"minecraft:flint":2,"create:raw_zinc":13,"supplementaries:flax_seeds":4,"minecraft:dirt":19,"spelunkery:rough_lazurite_block":1,"minecraft:bone":64,"minecraft:wheat_seeds":6,"minecraft:bow":1,"betterarcheology:archeology_table":1,"minecraft:raw_gold":24,"spelunkery:raw_zinc_nugget":9,"spelunkery:dust":3,"minecraft:oak_planks":3,"immersive_weathering:tallow":11,"spelunkery:rough_diamond_shard":5,"minecraft:sand":3,"minecraft:ink_sac":2,"quark:blossom_sign":3,"minecraft:mossy_cobblestone":1,"iceandfire:dragonegg_red":1,"eidolon:raw_lead":11,"create:crimsite":20,"minecraft:diamond":10,"spelunkery:rough_lazurite_shard":37,"minecraft:emerald":22,"minecraft:bread":4,"minecraft:netherrack":1,"minecraft:diamond_pickaxe":1,"iceandfire:raw_silver":27,"minecraft:crafting_table":5,"minecraft:azure_bluet":5,"spelunkery:rough_emerald":2,"minecraft:wooden_pickaxe":1,"minecraft:orange_concrete":1,"biomesoplenty:black_sand":2,"minecraft:iron_nugget":16,"minecraft:poppy":2,"minecraft:sugar_cane":18,"minecraft:chest":2,"minecraft:raw_iron":108,"iceandfire:dragonbone":15,"minecraft:copper_ingot":1,"minecraft:trident":1,"iceandfire:dragon_skull_ice":1,"minecraft:arrow":21,"minecraft:hay_block":35,"minecraft:gold_ingot":99,"minecraft:mutton":6,"minecraft:white_wool":3,"minecraft:bone_block":38,"minecraft:leather":14,"minecraft:oak_log":41,"spelunkery:phosphor_fungus":1,"minecraft:yellow_bed":7,"minecraft:gunpowder":8,"biomesoplenty:glowing_moss_carpet":1,"minecraft:iron_ingot":39,"spelunkery:rough_lazurite":33,"minecraft:iron_sword":1,"iceandfire:chared_stone":1,"minecraft:smooth_basalt":1,"minecraft:lime_concrete":1,"minecraft:gravel":5,"cataclysm:desert_eye":1,"minecraft:amethyst_shard":9,"minecraft:blast_furnace":1,"minecraft:white_bed":9,"quark:oak_chest":2,"minecraft:spider_eye":4,"spelunkery:rough_diamond":5,"minecraft:iron_helmet":1,"spelunkery:raw_iron_nugget":2,"minecraft:gray_wool":1,"minecraft:coal":116,"minecraft:sunflower":1},"minecraft:dropped":{"minecraft:iron_sword":1,"iceandfire:raw_silver":13,"minecraft:diamond":10,"minecraft:crossbow":2,"minecraft:leather":4,"eidolon:raw_silver":21,"minecraft:emerald":12,"minecraft:dirt":2,"spelunkery:inkcap_mushroom":1,"minecraft:gold_nugget":31,"minecraft:bone_block":19,"minecraft:gold_ingot":161,"minecraft:bone":35,"alexsmobs:animal_dictionary":3,"minecraft:wheat":1,"minecraft:rotten_flesh":37,"minecraft:azure_bluet":1,"minecraft:white_bed":2,"supplementaries:antique_ink":2,"spelunkery:dust":3,"minecraft:poppy":2,"supplementaries:ash":14,"minecraft:gunpowder":13,"minecraft:arrow":2,"minecraft:iron_ingot":112,"minecraft:wheat_seeds":4,"quark:blossom_planks":6,"minecraft:yellow_concrete":1,"minecraft:iron_helmet":2,"minecraft:cobblestone":16,"eidolon:tattered_cloth":2,"minecraft:spectral_arrow":128,"minecraft:copper_ingot":1,"spelunkery:raw_iron_nugget":2,"minecraft:coal":66,"minecraft:stick":15,"minecraft:iron_leggings":1,"minecraft:chainmail_leggings":1,"minecraft:paper":4,"minecraft:red_concrete":1,"minecraft:furnace":2,"minecraft:stone_sword":3,"minecraft:lime_concrete":2,"minecraft:orange_concrete":2,"minecraft:raw_iron":74,"minecraft:iron_boots":1,"minecraft:light_blue_concrete":1,"minecraft:diamond_sword":1,"minecraft:hay_block":6,"minecraft:diamond_pickaxe":1,"minecraft:yellow_bed":3,"minecraft:spider_eye":3,"minecraft:diamond_boots":1,"minecraft:bow":1,"minecraft:wooden_pickaxe":2,"minecraft:raw_gold":21,"quark:blossom_sign":2},"minecraft:killed_by":{"alexsmobs:crocodile":1,"minecraft:player":1,"minecraft:skeleton":2},"minecraft:used":{"supplementaries:hourglass":3,"minecraft:donkey_spawn_egg":8,"minecraft:chest":2,"minecraft:shield":72,"minecraft:iron_sword":106,"minecraft:grass":2,"quark:yellow_shingles_vertical_slab":16,"cataclysm:chorus_planks":20,"minecraft:azure_bluet":1,"minecraft:stripped_spruce_log":20,"minecraft:obsidian":20,"cataclysm:infernal_forge":2,"minecraft:lava_bucket":187,"minecraft:grass_block":62,"minecraft:bedrock":149,"minecraft:hay_block":1,"iceandfire:chared_stone":1,"minecraft:furnace":3,"minecraft:diamond_boots":1,"minecraft:stone_pickaxe":30,"minecraft:oak_planks":3,"create:crimsite":20,"biomesoplenty:fir_leaves":1,"minecraft:wooden_pickaxe":25,"minecraft:composter":15,"minecraft:sugar_cane":13,"minecraft:light_blue_concrete":10,"minecraft:blast_furnace":1,"minecraft:yellow_concrete":15,"quark:monster_box":1,"minecraft:barrier":158,"minecraft:bread":59,"quark:blossom_sign":1,"minecraft:gravel":5,"minecraft:diamond_sword":178,"minecraft:smithing_table":1,"iceandfire:dragonegg_red":1,"biomesoplenty:brimstone":2,"minecraft:enchanting_table":2,"minecraft:stone_sword":45,"alexsmobs:rainbow_glass":5,"minecraft:orange_concrete":6,"minecraft:flint_and_steel":5,"minecraft:red_concrete":12,"minecraft:netherrack":1,"minecraft:torch":9,"minecraft:dirt":35,"minecraft:anvil":2,"minecraft:diamond_helmet":1,"betterarcheology:archeology_table":1,"spelunkery:phosphor_fungus":1,"minecraft:bookshelf":11,"spelunkery:rough_lazurite_block":1,"minecraft:iron_axe":102,"minecraft:oak_stairs":1,"minecraft:lime_concrete":6,"quark:blossom_planks":3,"minecraft:cobbled_deepslate":4,"minecraft:iron_leggings":1,"biomesoplenty:black_sand":1,"minecraft:cooked_mutton":6,"minecraft:water_bucket":63,"cataclysm:desert_eye":2,"alexsmobs:spawn_egg_farseer":1,"minecraft:rail":2,"minecraft:crafting_table":7,"minecraft:white_bed":6,"minecraft:diamond_pickaxe":29,"minecraft:apple":3,"minecraft:iron_pickaxe":440,"minecraft:tnt_minecart":37,"minecraft:stone_axe":19,"minecraft:cobblestone":25,"minecraft:cooked_porkchop":8,"minecraft:bucket":64,"minecraft:lapis_block":1,"minecraft:yellow_bed":1,"quark:oak_chest":5,"alexsmobs:animal_dictionary":1},"minecraft:broken":{"minecraft:iron_pickaxe":1},"minecraft:mined":{"biomesoplenty:mossy_black_sand":1,"create:deepslate_zinc_ore":3,"minecraft:white_bed":7,"minecraft:cherry_log":4,"biomesoplenty:brimstone":8,"minecraft:brewing_stand":1,"minecraft:obsidian":14,"minecraft:grass_block":18,"minecraft:composter":17,"spelunkery:dust":2,"minecraft:spawner":1,"minecraft:tall_seagrass":2,"minecraft:iron_ore":69,"minecraft:fire":3,"quark:blossom_planks":3,"minecraft:anvil":1,"minecraft:deepslate_lapis_ore":9,"minecraft:azure_bluet":1,"minecraft:enchanting_table":1,"create:asurine":1,"minecraft:sculk_shrieker":1,"iceandfire:gold_pile":114,"minecraft:dirt_path":5,"minecraft:oak_stairs":1,"biomesoplenty:webbing":3,"iceandfire:chared_cobblestone":3,"eidolon:lead_ore":8,"minecraft:blast_furnace":1,"minecraft:chest":2,"quark:blossom_log":10,"spelunkery:inkcap_mushroom":1,"minecraft:cobblestone":23,"minecraft:sugar_cane":7,"minecraft:oak_planks":2,"eidolon:deep_lead_ore":3,"minecraft:lapis_block":1,"minecraft:wheat":1,"minecraft:grass":14,"biomesoplenty:clover":6,"minecraft:oak_log":41,"minecraft:sand":3,"minecraft:dirt":14,"minecraft:smooth_basalt":1,"minecraft:netherrack":1,"spelunkery:rough_lazurite_block":1,"create:crimsite":21,"minecraft:oak_leaves":1,"minecraft:deepslate":6,"iceandfire:chared_stone":1,"create:zinc_ore":10,"minecraft:diamond_ore":1,"eidolon:deep_silver_ore":2,"iceandfire:silver_ore":9,"minecraft:mossy_cobblestone":1,"minecraft:deepslate_diamond_ore":4,"biomesoplenty:desert_grass":1,"eidolon:silver_ore":22,"iceandfire:deepslate_silver_ore":1,"minecraft:hay_block":14,"minecraft:furnace":3,"minecraft:potatoes":2,"minecraft:deepslate_iron_ore":1,"biomesoplenty:brimstone_bud":1,"biomesoplenty:spider_egg":1,"minecraft:stone":107,"biomesoplenty:brimstone_cluster":2,"betterarcheology:archeology_table":1,"quark:oak_chest":2,"biomesoplenty:black_sand":2,"minecraft:dandelion":1,"minecraft:crafting_table":6,"minecraft:emerald_ore":2,"minecraft:rose_bush":1,"minecraft:lapis_ore":13,"supplementaries:urn":42,"betterarcheology:loot_vase_creeper":3,"spelunkery:phosphor_fungus":1,"minecraft:yellow_bed":4,"minecraft:coal_ore":19,"minecraft:sunflower":1,"minecraft:gravel":7,"biomesoplenty:stringy_cobweb":2,"minecraft:gold_ore":3},"minecraft:crafted":{"minecraft:black_dye":2,"minecraft:oak_planks":41,"minecraft:bookshelf":11,"minecraft:cooked_mutton":6,"minecraft:iron_boots":1,"sophisticatedbackpacks:backpack":1,"quark:blossom_planks":10,"minecraft:cooked_porkchop":8,"minecraft:crafting_table":2,"minecraft:wooden_pickaxe":1,"minecraft:iron_helmet":1,"minecraft:smithing_table":1,"create:sand_paper":3,"minecraft:gold_block":25,"minecraft:iron_chestplate":1,"minecraft:paper":3,"minecraft:diamond_pickaxe":1,"minecraft:shield":2,"minecraft:stick":19,"quark:oak_chest":4,"minecraft:iron_ingot":48,"minecraft:iron_pickaxe":2,"minecraft:iron_block":3,"minecraft:stone_sword":1,"minecraft:gold_ingot":131,"minecraft:cherry_planks":4,"spelunkery:rough_lazurite":4,"minecraft:furnace":2,"minecraft:flint_and_steel":2,"minecraft:iron_axe":1,"minecraft:stone_pickaxe":1,"sophisticatedbackpacks:iron_backpack":1,"minecraft:wheat":28,"spelunkery:rough_lazurite_block":4,"quark:blossom_sign":1,"minecraft:enchanting_table":1,"minecraft:iron_sword":1,"sophisticatedbackpacks:gold_backpack":1,"minecraft:bucket":1,"minecraft:stone_axe":1,"quark:blossom_boat":1,"minecraft:bread":84,"minecraft:air":793,"create:raw_zinc":1,"minecraft:anvil":1,"minecraft:white_bed":1,"minecraft:lapis_lazuli":2,"minecraft:diamond_chestplate":1},"minecraft:custom":{"minecraft:interact_with_crafting_table":62,"minecraft:open_barrel":26,"minecraft:leave_game":1,"minecraft:time_since_death":107636,"minecraft:sprint_one_cm":709797,"minecraft:damage_blocked_by_shield":3729,"minecraft:drop":110,"minecraft:talked_to_villager":23,"minecraft:play_time":271453,"minecraft:deaths":6,"minecraft:jump":5240,"minecraft:walk_on_water_one_cm":38541,"minecraft:enchant_item":1,"minecraft:interact_with_furnace":55,"minecraft:interact_with_cartography_table":1,"minecraft:sleep_in_bed":3,"minecraft:damage_dealt":25628,"minecraft:player_kills":17,"minecraft:crouch_one_cm":33102,"minecraft:interact_with_smoker":6,"minecraft:horse_one_cm":2432,"minecraft:interact_with_smithing_table":2,"minecraft:interact_with_anvil":3,"minecraft:mob_kills":136,"minecraft:damage_dealt_resisted":163,"minecraft:climb_one_cm":48,"minecraft:walk_one_cm":320941,"minecraft:sneak_time":12404,"minecraft:walk_under_water_one_cm":23463,"minecraft:interact_with_blast_furnace":18,"minecraft:total_world_time":271453,"minecraft:time_since_rest":50682,"minecraft:damage_taken":3840,"minecraft:fly_one_cm":1775475,"minecraft:swim_one_cm":67044,"minecraft:open_chest":150,"minecraft:fall_one_cm":177243},"minecraft:killed":{"minecraft:cave_spider":6,"iceandfire:hippogryph":2,"minecraft:spider":36,"quark:forgotten":2,"minecraft:skeleton":38,"minecraft:pig":8,"minecraft:creeper":12,"minecraft:sheep":8,"minecraft:pillager":6,"minecraft:zombie":80,"eidolon:zombie_brute":2,"alexsmobs:fly":2,"alexsmobs:farseer":2,"minecraft:vindicator":2,"minecraft:slime":2,"eidolon:wraith":14,"minecraft:drowned":6,"minecraft:squid":2,"alexsmobs:crocodile":2,"iceandfire:ghost":2,"minecraft:player":16}},"DataVersion":3465}