{"stats":{"minecraft:killed_by":{"minecraft:player":8},"minecraft:dropped":{"minecraft:diamond_leggings":1,"minecraft:golden_apple":8,"minecraft:diamond_sword":2,"minecraft:diamond_chestplate":1,"minecraft:diamond_helmet":1,"minecraft:diamond_boots":2,"minecraft:string":840},"minecraft:crafted":{"minecraft:emerald":129,"minecraft:netherite_sword":1,"minecraft:air":0,"minecraft:iron_boots":12},"minecraft:custom":{"minecraft:interact_with_smithing_table":2,"minecraft:mob_kills":31,"minecraft:inspect_hopper":1,"minecraft:traded_with_villager":141,"minecraft:open_barrel":4,"minecraft:leave_game":2,"minecraft:time_since_death":22032,"minecraft:damage_resisted":2288275,"minecraft:time_since_rest":22064,"minecraft:walk_one_cm":62627,"minecraft:sprint_one_cm":22849,"minecraft:damage_taken":9340,"minecraft:damage_absorbed":39,"minecraft:drop":23,"minecraft:damage_dealt":1050,"minecraft:damage_dealt_absorbed":40,"minecraft:fly_one_cm":220774,"minecraft:talked_to_villager":45,"minecraft:player_kills":2,"minecraft:open_chest":7,"minecraft:crouch_one_cm":1266,"minecraft:play_time":53363,"minecraft:deaths":10,"minecraft:sneak_time":896,"minecraft:jump":186,"minecraft:walk_on_water_one_cm":3831,"minecraft:total_world_time":53363,"minecraft:fall_one_cm":3117},"minecraft:picked_up":{"minecraft:tripwire_hook":12,"minecraft:diamond_sword":1,"minecraft:gunpowder":1,"minecraft:string":5136,"minecraft:orange_terracotta":1,"minecraft:netherite_sword":1,"minecraft:sculk_catalyst":1,"minecraft:brown_terracotta":4,"minecraft:warden_spawn_egg":1,"minecraft:lever":5,"minecraft:diamond_boots":1,"minecraft:golden_apple":7,"minecraft:terracotta":74,"minecraft:obsidian":6,"minecraft:cod":1},"minecraft:killed":{"minecraft:armadillo":3,"minecraft:spider":1,"minecraft:cod":1,"minecraft:creeper":10,"minecraft:skeleton":1,"minecraft:ghast":1,"minecraft:enderman":1},"minecraft:used":{"minecraft:oak_trapdoor":6,"minecraft:water_bucket":13,"minecraft:netherite_sword":3,"minecraft:diamond_boots":1,"minecraft:flint_and_steel":27,"minecraft:chest":11,"minecraft:white_terracotta":5,"minecraft:golden_apple":2,"minecraft:respawn_anchor":4,"minecraft:terracotta":63,"minecraft:tnt":90,"minecraft:hopper":6,"minecraft:blast_furnace":3,"minecraft:diamond_helmet":1,"minecraft:black_bed":1,"minecraft:milk_bucket":1,"minecraft:obsidian":12,"minecraft:glass":4,"minecraft:lever":6,"minecraft:ghast_spawn_egg":1,"minecraft:mace":14,"minecraft:villager_spawn_egg":6,"minecraft:string":23,"minecraft:netherite_axe":1,"minecraft:spruce_trapdoor":4,"minecraft:barrel":9,"minecraft:item_frame":4,"minecraft:diamond_chestplate":1,"minecraft:tripwire_hook":18,"minecraft:diamond_sword":31,"minecraft:cod_spawn_egg":1,"minecraft:cobblestone":106,"minecraft:end_crystal":12,"minecraft:ominous_bottle":1,"minecraft:smithing_table":1,"minecraft:diamond_leggings":1,"minecraft:trial_spawner":1}},"DataVersion":3955}