{"stats":{"minecraft:dropped":{"alexsmobs:animal_dictionary":1},"minecraft:picked_up":{"iceandfire:dragonegg_red":1,"iceandfire:dragon_skull_ice":1,"iceandfire:dragonbone":15},"minecraft:used":{"quark:yellow_shingles_vertical_slab":16,"minecraft:bedrock":148,"minecraft:grass_block":7,"minecraft:barrier":79,"biomesoplenty:fir_leaves":1,"iceandfire:dragonegg_red":1},"minecraft:killed":{"minecraft:zombie":2,"minecraft:player":8},"minecraft:custom":{"minecraft:time_since_rest":37338,"minecraft:crouch_one_cm":1555,"minecraft:play_time":53659,"minecraft:sprint_one_cm":8171,"minecraft:damage_taken":15,"minecraft:walk_one_cm":20298,"minecraft:deaths":2,"minecraft:sneak_time":962,"minecraft:walk_under_water_one_cm":1237,"minecraft:mob_kills":1,"minecraft:drop":1,"minecraft:jump":110,"minecraft:damage_dealt":93,"minecraft:time_since_death":37288,"minecraft:total_world_time":53659,"minecraft:fly_one_cm":446865,"minecraft:player_kills":8}},"DataVersion":3465}