{"stats":{"minecraft:dropped":{"alexsmobs:animal_dictionary":1},"minecraft:picked_up":{"iceandfire:dragon_skull_ice":1,"iceandfire:dragonbone":15},"minecraft:used":{"minecraft:bedrock":108,"biomesoplenty:fir_leaves":1},"minecraft:custom":{"minecraft:jump":71,"minecraft:time_since_rest":1338,"minecraft:damage_dealt":10,"minecraft:crouch_one_cm":529,"minecraft:sprint_one_cm":6344,"minecraft:play_time":17659,"minecraft:deaths":2,"minecraft:time_since_death":1288,"minecraft:walk_one_cm":12879,"minecraft:sneak_time":433,"minecraft:total_world_time":17659,"minecraft:drop":1,"minecraft:fly_one_cm":297035}},"DataVersion":3465}