{"stats":{"minecraft:dropped":{"alexsmobs:animal_dictionary":1},"minecraft:picked_up":{"iceandfire:dragonegg_red":1,"iceandfire:dragon_skull_ice":1,"iceandfire:dragonbone":15},"minecraft:used":{"minecraft:bedrock":148,"minecraft:grass_block":7,"minecraft:barrier":65,"biomesoplenty:fir_leaves":1,"iceandfire:dragonegg_red":1},"minecraft:killed":{"minecraft:zombie":2,"minecraft:player":4},"minecraft:custom":{"minecraft:time_since_rest":25338,"minecraft:crouch_one_cm":732,"minecraft:play_time":41659,"minecraft:sprint_one_cm":8171,"minecraft:damage_taken":15,"minecraft:walk_one_cm":18690,"minecraft:deaths":2,"minecraft:sneak_time":728,"minecraft:walk_under_water_one_cm":1237,"minecraft:mob_kills":1,"minecraft:drop":1,"minecraft:jump":101,"minecraft:damage_dealt":60,"minecraft:time_since_death":25288,"minecraft:total_world_time":41659,"minecraft:fly_one_cm":431287,"minecraft:player_kills":4}},"DataVersion":3465}