{"stats":{"minecraft:dropped":{"minecraft:red_concrete":1,"alexsmobs:animal_dictionary":3,"minecraft:lime_concrete":2,"minecraft:yellow_concrete":1,"minecraft:orange_concrete":2,"minecraft:crossbow":2,"minecraft:spectral_arrow":128,"minecraft:light_blue_concrete":1,"minecraft:wooden_pickaxe":1},"minecraft:picked_up":{"minecraft:pink_petals":1,"minecraft:crafting_table":1,"minecraft:light_blue_concrete":1,"eidolon:raw_silver":4,"minecraft:leather":9,"create:raw_zinc":4,"minecraft:gunpowder":2,"minecraft:dirt":2,"minecraft:orange_concrete":1,"minecraft:wheat_seeds":2,"minecraft:tnt_minecart":2,"spelunkery:rough_lazurite":5,"spelunkery:dust":3,"immersive_weathering:tallow":11,"minecraft:furnace":1,"minecraft:raw_iron":15,"iceandfire:dragonbone":15,"minecraft:lime_concrete":1,"quark:blossom_log":10,"minecraft:porkchop":8,"cataclysm:desert_eye":1,"minecraft:cherry_log":4,"iceandfire:dragonegg_red":1,"iceandfire:dragon_skull_ice":1,"eidolon:raw_lead":3,"minecraft:gray_wool":1,"supplementaries:ash":4,"minecraft:mutton":6,"iceandfire:raw_silver":2,"minecraft:coal":21,"minecraft:sunflower":1,"minecraft:white_wool":3,"minecraft:cobblestone":18},"minecraft:used":{"minecraft:stone_sword":15,"supplementaries:hourglass":3,"minecraft:orange_concrete":6,"alexsmobs:rainbow_glass":5,"minecraft:red_concrete":12,"cataclysm:desert_eye":2,"minecraft:stone_pickaxe":30,"biomesoplenty:fir_leaves":1,"minecraft:donkey_spawn_egg":8,"minecraft:wooden_pickaxe":8,"minecraft:grass":2,"alexsmobs:spawn_egg_farseer":1,"quark:yellow_shingles_vertical_slab":16,"minecraft:dirt":31,"minecraft:rail":2,"minecraft:light_blue_concrete":10,"minecraft:crafting_table":2,"cataclysm:chorus_planks":20,"minecraft:yellow_concrete":15,"minecraft:stripped_spruce_log":20,"cataclysm:infernal_forge":2,"minecraft:lava_bucket":187,"quark:monster_box":1,"minecraft:iron_axe":1,"minecraft:iron_pickaxe":26,"minecraft:grass_block":62,"minecraft:barrier":158,"minecraft:tnt_minecart":37,"minecraft:bedrock":149,"minecraft:stone_axe":19,"minecraft:lime_concrete":6,"minecraft:furnace":1,"alexsmobs:animal_dictionary":1,"iceandfire:dragonegg_red":1},"minecraft:mined":{"eidolon:lead_ore":3,"create:zinc_ore":4,"iceandfire:silver_ore":2,"minecraft:cherry_log":4,"minecraft:crafting_table":2,"eidolon:silver_ore":4,"minecraft:grass_block":2,"quark:blossom_log":10,"minecraft:lapis_ore":3,"spelunkery:dust":2,"supplementaries:urn":1,"minecraft:furnace":1,"minecraft:iron_ore":13,"minecraft:grass":2,"minecraft:coal_ore":13,"minecraft:sunflower":1,"minecraft:stone":18},"minecraft:crafted":{"minecraft:cherry_planks":4,"quark:blossom_planks":10,"minecraft:crafting_table":1,"minecraft:wooden_pickaxe":1,"minecraft:furnace":1,"minecraft:stone_axe":1,"quark:blossom_boat":1,"minecraft:air":73,"minecraft:shield":1,"minecraft:iron_axe":1,"minecraft:stick":6,"minecraft:iron_ingot":7,"minecraft:iron_pickaxe":1,"minecraft:stone_pickaxe":1,"minecraft:stone_sword":1},"minecraft:custom":{"minecraft:interact_with_furnace":7,"minecraft:mob_kills":13,"minecraft:interact_with_crafting_table":8,"minecraft:time_since_death":97288,"minecraft:time_since_rest":97338,"minecraft:sprint_one_cm":41069,"minecraft:damage_taken":215,"minecraft:walk_one_cm":74162,"minecraft:drop":16,"minecraft:damage_dealt":2832,"minecraft:fly_one_cm":789867,"minecraft:player_kills":16,"minecraft:crouch_one_cm":11967,"minecraft:play_time":113659,"minecraft:deaths":2,"minecraft:sneak_time":4239,"minecraft:walk_under_water_one_cm":1237,"minecraft:jump":449,"minecraft:walk_on_water_one_cm":210,"minecraft:total_world_time":113659,"minecraft:fall_one_cm":7607,"minecraft:horse_one_cm":2432},"minecraft:killed":{"alexsmobs:farseer":2,"minecraft:pig":8,"minecraft:creeper":2,"minecraft:sheep":8,"minecraft:zombie":4,"alexsmobs:fly":2,"minecraft:player":15}},"DataVersion":3465}