{"stats":{"minecraft:dropped":{"alexsmobs:animal_dictionary":1},"minecraft:picked_up":{"iceandfire:dragon_skull_ice":1,"iceandfire:dragonbone":15,"iceandfire:dragonegg_red":1},"minecraft:used":{"minecraft:barrier":17,"minecraft:bedrock":148,"biomesoplenty:fir_leaves":1,"iceandfire:dragonegg_red":1},"minecraft:custom":{"minecraft:jump":89,"minecraft:time_since_rest":13338,"minecraft:damage_dealt":40,"minecraft:crouch_one_cm":529,"minecraft:sprint_one_cm":8171,"minecraft:play_time":29659,"minecraft:deaths":2,"minecraft:time_since_death":13288,"minecraft:walk_one_cm":13502,"minecraft:sneak_time":555,"minecraft:total_world_time":29659,"minecraft:walk_under_water_one_cm":1237,"minecraft:drop":1,"minecraft:fly_one_cm":379873}},"DataVersion":3465}