{"stats":{"minecraft:picked_up":{"minecraft:crafting_table":5,"minecraft:light_blue_concrete":1,"spelunkery:rough_emerald":2,"minecraft:wooden_pickaxe":1,"minecraft:brewing_stand":1,"minecraft:string":6,"minecraft:orange_concrete":1,"minecraft:tnt_minecart":2,"minecraft:gold_nugget":992,"minecraft:sugar_cane":18,"minecraft:furnace":5,"minecraft:stick":1,"minecraft:raw_iron":108,"iceandfire:dragonbone":15,"quark:blossom_log":10,"minecraft:porkchop":8,"minecraft:cherry_log":4,"quark:blossom_planks":3,"iceandfire:dragon_skull_ice":1,"minecraft:stone_sword":2,"minecraft:arrow":3,"minecraft:rotten_flesh":37,"minecraft:hay_block":7,"supplementaries:antique_ink":2,"supplementaries:ash":4,"minecraft:mutton":6,"minecraft:white_wool":3,"minecraft:cobblestone":48,"minecraft:pink_petals":1,"spelunkery:inkcap_mushroom":1,"eidolon:raw_silver":21,"minecraft:leather":9,"create:raw_zinc":12,"minecraft:gunpowder":5,"minecraft:dirt":2,"minecraft:bone":9,"betterarcheology:archeology_table":1,"minecraft:bow":1,"minecraft:wheat_seeds":2,"minecraft:raw_gold":3,"spelunkery:raw_zinc_nugget":9,"minecraft:iron_ingot":38,"spelunkery:rough_lazurite":5,"spelunkery:dust":3,"immersive_weathering:tallow":11,"iceandfire:chared_stone":1,"minecraft:lime_concrete":1,"cataclysm:desert_eye":1,"minecraft:white_bed":1,"minecraft:spider_eye":2,"iceandfire:dragonegg_red":1,"eidolon:raw_lead":8,"spelunkery:rough_diamond":1,"minecraft:iron_helmet":1,"minecraft:gray_wool":1,"spelunkery:raw_iron_nugget":2,"minecraft:emerald":1,"minecraft:coal":52,"iceandfire:raw_silver":13,"minecraft:sunflower":1},"minecraft:dropped":{"minecraft:iron_ingot":60,"minecraft:yellow_concrete":1,"minecraft:crossbow":2,"minecraft:iron_helmet":2,"minecraft:cobblestone":15,"minecraft:spectral_arrow":128,"spelunkery:raw_iron_nugget":2,"minecraft:coal":18,"minecraft:stick":12,"minecraft:dirt":2,"minecraft:iron_leggings":1,"spelunkery:inkcap_mushroom":1,"minecraft:gold_nugget":25,"minecraft:chainmail_leggings":1,"minecraft:bone":8,"minecraft:red_concrete":1,"minecraft:furnace":2,"minecraft:stone_sword":3,"alexsmobs:animal_dictionary":3,"minecraft:lime_concrete":2,"minecraft:orange_concrete":2,"minecraft:raw_iron":35,"minecraft:rotten_flesh":37,"minecraft:iron_boots":1,"minecraft:light_blue_concrete":1,"supplementaries:antique_ink":2,"spelunkery:dust":3,"supplementaries:ash":4,"minecraft:hay_block":6,"minecraft:gunpowder":13,"minecraft:spider_eye":2,"minecraft:diamond_boots":1,"minecraft:bow":1,"minecraft:arrow":2,"minecraft:wooden_pickaxe":2},"minecraft:killed_by":{"minecraft:player":1,"minecraft:skeleton":2},"minecraft:used":{"minecraft:stone_sword":45,"supplementaries:hourglass":3,"minecraft:orange_concrete":6,"alexsmobs:rainbow_glass":5,"minecraft:red_concrete":12,"minecraft:shield":36,"minecraft:donkey_spawn_egg":8,"minecraft:iron_sword":90,"minecraft:grass":2,"quark:yellow_shingles_vertical_slab":16,"minecraft:dirt":31,"cataclysm:chorus_planks":20,"minecraft:diamond_helmet":1,"betterarcheology:archeology_table":1,"minecraft:stripped_spruce_log":20,"cataclysm:infernal_forge":2,"minecraft:lava_bucket":187,"minecraft:grass_block":62,"minecraft:iron_axe":22,"minecraft:bedrock":149,"minecraft:lime_concrete":6,"iceandfire:chared_stone":1,"minecraft:hay_block":1,"minecraft:furnace":3,"quark:blossom_planks":3,"minecraft:iron_leggings":1,"minecraft:cooked_mutton":6,"minecraft:water_bucket":14,"minecraft:diamond_boots":1,"cataclysm:desert_eye":2,"minecraft:stone_pickaxe":30,"minecraft:wooden_pickaxe":25,"biomesoplenty:fir_leaves":1,"alexsmobs:spawn_egg_farseer":1,"minecraft:rail":2,"minecraft:light_blue_concrete":10,"minecraft:crafting_table":7,"minecraft:yellow_concrete":15,"minecraft:white_bed":1,"minecraft:apple":3,"quark:monster_box":1,"minecraft:barrier":158,"minecraft:iron_pickaxe":254,"minecraft:tnt_minecart":37,"minecraft:stone_axe":19,"minecraft:diamond_sword":19,"minecraft:cobblestone":9,"minecraft:cooked_porkchop":8,"minecraft:bucket":15,"alexsmobs:animal_dictionary":1,"iceandfire:dragonegg_red":1},"minecraft:broken":{"minecraft:iron_pickaxe":1},"minecraft:mined":{"create:zinc_ore":9,"minecraft:diamond_ore":1,"create:deepslate_zinc_ore":3,"minecraft:white_bed":1,"iceandfire:silver_ore":9,"minecraft:cherry_log":4,"minecraft:brewing_stand":1,"eidolon:silver_ore":21,"minecraft:grass_block":2,"spelunkery:dust":2,"minecraft:hay_block":7,"minecraft:furnace":3,"minecraft:iron_ore":69,"quark:blossom_planks":3,"iceandfire:gold_pile":114,"minecraft:deepslate_iron_ore":1,"minecraft:stone":39,"iceandfire:chared_cobblestone":3,"eidolon:lead_ore":8,"betterarcheology:archeology_table":1,"minecraft:crafting_table":6,"minecraft:emerald_ore":2,"quark:blossom_log":10,"minecraft:cobblestone":4,"minecraft:lapis_ore":3,"minecraft:sugar_cane":7,"supplementaries:urn":6,"betterarcheology:loot_vase_creeper":3,"minecraft:grass":7,"biomesoplenty:clover":1,"minecraft:coal_ore":18,"minecraft:sunflower":1,"minecraft:gold_ore":3,"iceandfire:chared_stone":1},"minecraft:crafted":{"minecraft:cherry_planks":4,"minecraft:furnace":2,"minecraft:cooked_mutton":6,"minecraft:iron_boots":1,"minecraft:iron_axe":1,"minecraft:stone_pickaxe":1,"quark:blossom_planks":10,"minecraft:cooked_porkchop":8,"minecraft:crafting_table":2,"minecraft:wooden_pickaxe":1,"minecraft:iron_helmet":1,"minecraft:iron_sword":1,"minecraft:bucket":1,"minecraft:stone_axe":1,"quark:blossom_boat":1,"minecraft:air":189,"minecraft:iron_chestplate":1,"minecraft:shield":1,"minecraft:stick":18,"minecraft:iron_pickaxe":2,"create:raw_zinc":1,"minecraft:iron_ingot":48,"minecraft:stone_sword":1,"minecraft:gold_ingot":119,"minecraft:white_bed":1},"minecraft:custom":{"minecraft:mob_kills":54,"minecraft:interact_with_crafting_table":36,"minecraft:open_barrel":11,"minecraft:damage_dealt_resisted":163,"minecraft:leave_game":1,"minecraft:time_since_death":32309,"minecraft:climb_one_cm":48,"minecraft:sprint_one_cm":265875,"minecraft:walk_one_cm":168212,"minecraft:damage_blocked_by_shield":1845,"minecraft:drop":69,"minecraft:play_time":163453,"minecraft:deaths":5,"minecraft:sneak_time":7584,"minecraft:walk_under_water_one_cm":4253,"minecraft:jump":2017,"minecraft:walk_on_water_one_cm":10218,"minecraft:total_world_time":163453,"minecraft:interact_with_furnace":42,"minecraft:interact_with_cartography_table":1,"minecraft:time_since_rest":32334,"minecraft:damage_taken":1680,"minecraft:damage_dealt":11028,"minecraft:swim_one_cm":7255,"minecraft:fly_one_cm":1126486,"minecraft:player_kills":16,"minecraft:open_chest":52,"minecraft:crouch_one_cm":23752,"minecraft:interact_with_smoker":1,"minecraft:fall_one_cm":63471,"minecraft:horse_one_cm":2432},"minecraft:killed":{"alexsmobs:farseer":2,"minecraft:spider":12,"minecraft:skeleton":14,"eidolon:wraith":6,"minecraft:pig":8,"minecraft:creeper":6,"minecraft:sheep":8,"minecraft:pillager":6,"minecraft:zombie":40,"iceandfire:ghost":2,"eidolon:zombie_brute":2,"alexsmobs:fly":2,"minecraft:player":15}},"DataVersion":3465}