{"stats":{"minecraft:dropped":{"alexsmobs:animal_dictionary":1,"minecraft:crossbow":2,"minecraft:spectral_arrow":128,"minecraft:wooden_pickaxe":1},"minecraft:picked_up":{"minecraft:light_blue_concrete":1,"iceandfire:dragonbone":15,"minecraft:leather":8,"cataclysm:desert_eye":1,"iceandfire:dragonegg_red":1,"minecraft:orange_concrete":1,"iceandfire:dragon_skull_ice":1,"minecraft:wheat_seeds":2},"minecraft:used":{"cataclysm:infernal_forge":2,"minecraft:lava_bucket":187,"minecraft:grass_block":24,"cataclysm:desert_eye":2,"minecraft:barrier":125,"minecraft:donkey_spawn_egg":8,"biomesoplenty:fir_leaves":1,"minecraft:grass":2,"alexsmobs:spawn_egg_farseer":1,"minecraft:bedrock":148,"quark:yellow_shingles_vertical_slab":16,"minecraft:dirt":31,"minecraft:light_blue_concrete":3,"cataclysm:chorus_planks":20,"alexsmobs:animal_dictionary":1,"iceandfire:dragonegg_red":1,"minecraft:stripped_spruce_log":20},"minecraft:custom":{"minecraft:time_since_rest":73338,"minecraft:sprint_one_cm":12531,"minecraft:damage_taken":75,"minecraft:walk_one_cm":46425,"minecraft:mob_kills":3,"minecraft:drop":7,"minecraft:damage_dealt":1573,"minecraft:fly_one_cm":701774,"minecraft:player_kills":16,"minecraft:crouch_one_cm":4766,"minecraft:play_time":89659,"minecraft:deaths":2,"minecraft:sneak_time":2255,"minecraft:walk_under_water_one_cm":1237,"minecraft:jump":207,"minecraft:time_since_death":73288,"minecraft:total_world_time":89659,"minecraft:fall_one_cm":406,"minecraft:horse_one_cm":2432},"minecraft:killed":{"alexsmobs:farseer":2,"minecraft:zombie":2,"alexsmobs:fly":2,"minecraft:player":15}},"DataVersion":3465}