{"stats":{"minecraft:dropped":{"minecraft:spectral_arrow":128,"alexsmobs:animal_dictionary":1,"minecraft:crossbow":2},"minecraft:picked_up":{"iceandfire:dragonegg_red":1,"iceandfire:dragon_skull_ice":1,"iceandfire:dragonbone":15,"minecraft:wheat_seeds":2,"cataclysm:desert_eye":1},"minecraft:used":{"cataclysm:infernal_forge":2,"quark:yellow_shingles_vertical_slab":16,"minecraft:bedrock":148,"minecraft:lava_bucket":187,"minecraft:dirt":31,"cataclysm:desert_eye":2,"minecraft:grass_block":7,"minecraft:barrier":84,"alexsmobs:animal_dictionary":1,"biomesoplenty:fir_leaves":1,"iceandfire:dragonegg_red":1,"minecraft:stripped_spruce_log":20},"minecraft:killed":{"alexsmobs:fly":2,"minecraft:zombie":2,"minecraft:player":14},"minecraft:custom":{"minecraft:time_since_rest":61338,"minecraft:crouch_one_cm":3747,"minecraft:play_time":77659,"minecraft:sprint_one_cm":12531,"minecraft:damage_taken":15,"minecraft:walk_one_cm":40129,"minecraft:deaths":2,"minecraft:sneak_time":1905,"minecraft:walk_under_water_one_cm":1237,"minecraft:mob_kills":2,"minecraft:drop":6,"minecraft:jump":184,"minecraft:damage_dealt":745,"minecraft:time_since_death":61288,"minecraft:total_world_time":77659,"minecraft:fly_one_cm":654665,"minecraft:player_kills":15}},"DataVersion":3465}