{"stats":{"minecraft:dropped":{"alexsmobs:animal_dictionary":1},"minecraft:picked_up":{"iceandfire:dragonegg_red":1,"iceandfire:dragon_skull_ice":1,"iceandfire:dragonbone":15,"minecraft:wheat_seeds":2,"cataclysm:desert_eye":1},"minecraft:used":{"cataclysm:infernal_forge":2,"quark:yellow_shingles_vertical_slab":16,"minecraft:bedrock":148,"minecraft:lava_bucket":187,"minecraft:dirt":30,"cataclysm:desert_eye":2,"minecraft:grass_block":7,"minecraft:barrier":79,"alexsmobs:animal_dictionary":1,"biomesoplenty:fir_leaves":1,"iceandfire:dragonegg_red":1},"minecraft:killed":{"minecraft:zombie":2,"minecraft:player":12},"minecraft:custom":{"minecraft:time_since_rest":49338,"minecraft:crouch_one_cm":2714,"minecraft:play_time":65659,"minecraft:sprint_one_cm":10564,"minecraft:damage_taken":15,"minecraft:walk_one_cm":28436,"minecraft:deaths":2,"minecraft:sneak_time":1403,"minecraft:walk_under_water_one_cm":1237,"minecraft:mob_kills":1,"minecraft:drop":1,"minecraft:jump":149,"minecraft:damage_dealt":745,"minecraft:time_since_death":49288,"minecraft:total_world_time":65659,"minecraft:fly_one_cm":509992,"minecraft:player_kills":13}},"DataVersion":3465}