{"stats":{"minecraft:picked_up":{"minecraft:wheat":1,"minecraft:light_blue_concrete":1,"minecraft:creeper_head":1,"minecraft:anvil":2,"minecraft:stone_slab":5,"minecraft:diamond_sword":3,"minecraft:oak_stairs":38,"biomesoplenty:violet":1,"minecraft:enchanted_book":2,"minecraft:brewing_stand":1,"minecraft:amethyst_block":10,"minecraft:lapis_block":3,"minecraft:string":29,"minecraft:raw_copper":40,"create:limestone":7,"minecraft:oak_sign":2,"biomesoplenty:brimstone":122,"minecraft:tnt_minecart":2,"minecraft:gold_nugget":1105,"minecraft:cobbled_deepslate":69,"minecraft:calcite":6,"minecraft:furnace":10,"minecraft:stick":10,"minecraft:composter":19,"minecraft:torch":30,"minecraft:porkchop":8,"quark:blossom_log":10,"minecraft:cherry_log":4,"quark:blossom_planks":15,"eidolon:tattered_cloth":6,"minecraft:stone_sword":2,"minecraft:rotten_flesh":88,"farmersdelight:onion":1,"supplementaries:antique_ink":6,"minecraft:iron_block":9,"create:asurine":1,"supplementaries:ash":137,"minecraft:obsidian":14,"minecraft:cobblestone":250,"minecraft:enchanting_table":1,"minecraft:pink_petals":1,"spelunkery:inkcap_mushroom":3,"eidolon:raw_silver":71,"minecraft:smoker":1,"minecraft:potato":7,"minecraft:flint":2,"create:raw_zinc":13,"supplementaries:flax_seeds":4,"minecraft:map":4,"minecraft:lapis_lazuli":15,"minecraft:dirt":102,"spelunkery:rough_lazurite_block":1,"minecraft:bone":97,"biomesoplenty:brimstone_bricks":123,"minecraft:wheat_seeds":6,"minecraft:bow":1,"betterarcheology:archeology_table":1,"minecraft:raw_gold":138,"spelunkery:raw_zinc_nugget":9,"spelunkery:dust":3,"minecraft:oak_planks":14,"immersive_weathering:tallow":11,"spelunkery:rough_diamond_shard":9,"minecraft:sand":3,"minecraft:ink_sac":2,"quark:blossom_sign":6,"minecraft:mossy_cobblestone":6,"iceandfire:dragonegg_red":1,"eidolon:raw_lead":31,"create:crimsite":23,"minecraft:diamond":22,"spelunkery:rough_lazurite_shard":101,"minecraft:bone_meal":1,"spelunkery:raw_gold_nugget":268,"minecraft:emerald":51,"minecraft:bread":4,"minecraft:netherrack":1,"quark:blossom_boat":1,"minecraft:diamond_pickaxe":1,"iceandfire:raw_silver":40,"minecraft:crafting_table":5,"minecraft:azure_bluet":5,"spelunkery:rough_emerald":2,"minecraft:wooden_pickaxe":1,"minecraft:gold_block":43,"spelunkery:conk_fungus":1,"minecraft:shield":1,"minecraft:orange_concrete":1,"minecraft:flint_and_steel":1,"supplementaries:bomb":3,"biomesoplenty:black_sand":3,"minecraft:iron_nugget":32,"minecraft:poppy":3,"minecraft:sugar_cane":72,"minecraft:chest":4,"minecraft:raw_iron":191,"minecraft:orange_dye":2,"iceandfire:dragonbone":15,"minecraft:stone":3,"minecraft:copper_ingot":1,"minecraft:white_dye":1,"minecraft:trident":1,"spelunkery:raw_magnetite_nugget":8,"minecraft:iron_horse_armor":2,"iceandfire:dragon_skull_ice":1,"minecraft:diamond_chestplate":1,"minecraft:arrow":24,"minecraft:hay_block":35,"minecraft:gold_ingot":105,"minecraft:mutton":6,"minecraft:skeleton_skull":1,"minecraft:white_wool":3,"minecraft:bone_block":66,"biomesoplenty:black_sandstone":1,"minecraft:leather":18,"quark:smithing_template_rune":2,"minecraft:oak_log":72,"spelunkery:phosphor_fungus":1,"minecraft:yellow_bed":9,"minecraft:gunpowder":18,"biomesoplenty:glowing_moss_carpet":1,"minecraft:rabbit_hide":5,"minecraft:iron_ingot":44,"spelunkery:rough_lazurite":60,"minecraft:cobweb":8,"artifacts:steadfast_spikes":1,"minecraft:iron_sword":2,"minecraft:oak_slab":1,"iceandfire:chared_stone":1,"minecraft:smooth_basalt":2,"minecraft:dandelion":1,"minecraft:lime_concrete":1,"minecraft:gravel":5,"cataclysm:desert_eye":1,"minecraft:amethyst_shard":18,"minecraft:blast_furnace":4,"minecraft:white_bed":11,"quark:oak_chest":2,"minecraft:spider_eye":6,"minecraft:slime_ball":2,"spelunkery:rough_diamond":10,"minecraft:iron_helmet":1,"spelunkery:raw_iron_nugget":126,"minecraft:gray_wool":1,"minecraft:coal":259,"minecraft:ender_pearl":1,"minecraft:sunflower":1},"minecraft:dropped":{"minecraft:iron_sword":2,"iceandfire:raw_silver":26,"minecraft:lapis_lazuli":15,"minecraft:orange_dye":2,"minecraft:diamond":22,"minecraft:crossbow":2,"biomesoplenty:black_sand":1,"minecraft:leather":8,"spelunkery:raw_gold_nugget":2,"eidolon:raw_silver":46,"minecraft:emerald":24,"minecraft:gold_block":43,"minecraft:dirt":29,"minecraft:bone_meal":1,"minecraft:amethyst_shard":9,"spelunkery:inkcap_mushroom":1,"minecraft:gold_nugget":31,"minecraft:bone_block":38,"minecraft:gold_ingot":167,"minecraft:bone":68,"minecraft:sugar_cane":28,"minecraft:iron_nugget":16,"alexsmobs:animal_dictionary":3,"minecraft:wheat":1,"minecraft:rotten_flesh":37,"minecraft:azure_bluet":1,"minecraft:white_bed":4,"supplementaries:antique_ink":4,"spelunkery:dust":3,"minecraft:poppy":2,"supplementaries:ash":65,"minecraft:gunpowder":21,"spelunkery:rough_lazurite":1,"minecraft:white_dye":1,"quark:smithing_template_rune":2,"minecraft:arrow":2,"minecraft:enchanted_book":1,"minecraft:iron_ingot":117,"minecraft:wheat_seeds":4,"minecraft:mossy_cobblestone":1,"quark:blossom_planks":12,"minecraft:yellow_concrete":1,"minecraft:iron_helmet":2,"minecraft:cobblestone":16,"eidolon:tattered_cloth":4,"minecraft:spectral_arrow":128,"minecraft:copper_ingot":1,"spelunkery:raw_iron_nugget":2,"minecraft:coal":90,"minecraft:stick":19,"minecraft:iron_block":9,"minecraft:map":4,"minecraft:iron_leggings":1,"minecraft:string":30,"minecraft:chainmail_leggings":1,"minecraft:paper":4,"minecraft:lapis_block":2,"minecraft:smooth_basalt":1,"minecraft:red_concrete":1,"minecraft:furnace":2,"minecraft:stone_sword":3,"minecraft:raw_copper":22,"minecraft:lime_concrete":2,"minecraft:composter":2,"minecraft:orange_concrete":2,"minecraft:raw_iron":74,"minecraft:iron_boots":1,"minecraft:stone_slab":5,"minecraft:light_blue_concrete":1,"minecraft:oak_sign":1,"minecraft:flint_and_steel":1,"minecraft:diamond_sword":2,"minecraft:hay_block":6,"minecraft:shield":1,"eidolon:raw_lead":3,"minecraft:diamond_chestplate":1,"minecraft:diamond_pickaxe":1,"minecraft:yellow_bed":5,"quark:blossom_boat":1,"minecraft:spider_eye":3,"minecraft:diamond_boots":1,"biomesoplenty:brimstone_bricks":112,"minecraft:bow":1,"minecraft:wooden_pickaxe":2,"minecraft:raw_gold":21,"quark:blossom_sign":5},"minecraft:killed_by":{"alexsmobs:crocodile":1,"minecraft:player":1,"minecraft:skeleton":2},"minecraft:used":{"supplementaries:hourglass":3,"minecraft:iron_shovel":33,"minecraft:donkey_spawn_egg":8,"minecraft:chest":4,"minecraft:shield":78,"minecraft:iron_sword":114,"minecraft:grass":2,"quark:yellow_shingles_vertical_slab":16,"cataclysm:chorus_planks":20,"minecraft:azure_bluet":1,"minecraft:stripped_spruce_log":20,"minecraft:obsidian":20,"cataclysm:infernal_forge":2,"minecraft:lava_bucket":187,"minecraft:grass_block":62,"biomesoplenty:brimstone_bricks":11,"minecraft:bedrock":149,"minecraft:hay_block":1,"iceandfire:chared_stone":1,"minecraft:furnace":8,"minecraft:diamond_boots":3,"minecraft:stone_pickaxe":30,"minecraft:oak_planks":49,"create:crimsite":23,"biomesoplenty:fir_leaves":1,"minecraft:wooden_pickaxe":25,"minecraft:composter":15,"minecraft:sugar_cane":13,"minecraft:light_blue_concrete":10,"minecraft:mushroom_stew":2,"minecraft:blast_furnace":6,"minecraft:yellow_concrete":15,"quark:monster_box":1,"minecraft:barrier":158,"minecraft:bread":84,"quark:blossom_sign":1,"minecraft:gravel":5,"minecraft:diamond_sword":262,"minecraft:smithing_table":1,"iceandfire:dragonegg_red":1,"biomesoplenty:brimstone":4,"minecraft:enchanting_table":2,"minecraft:stone_sword":45,"alexsmobs:rainbow_glass":5,"minecraft:orange_concrete":6,"minecraft:flint_and_steel":5,"minecraft:red_concrete":12,"minecraft:netherrack":1,"minecraft:torch":29,"minecraft:dirt":40,"minecraft:anvil":2,"minecraft:diamond_helmet":1,"spelunkery:conk_fungus":1,"betterarcheology:archeology_table":1,"spelunkery:phosphor_fungus":1,"minecraft:bookshelf":11,"spelunkery:rough_lazurite_block":1,"minecraft:iron_axe":185,"minecraft:oak_stairs":1,"minecraft:lime_concrete":6,"quark:blossom_planks":3,"minecraft:cobbled_deepslate":17,"minecraft:iron_leggings":1,"biomesoplenty:black_sand":1,"minecraft:cooked_mutton":6,"minecraft:water_bucket":91,"cataclysm:desert_eye":2,"alexsmobs:spawn_egg_farseer":1,"minecraft:mossy_cobblestone":1,"minecraft:rail":2,"minecraft:oak_slab":35,"minecraft:crafting_table":7,"supplementaries:bomb":3,"minecraft:white_bed":6,"minecraft:smoker":1,"minecraft:oak_log":16,"minecraft:diamond_pickaxe":529,"minecraft:apple":3,"minecraft:iron_pickaxe":489,"minecraft:tnt_minecart":37,"minecraft:stone_axe":19,"minecraft:cobblestone":126,"minecraft:cooked_porkchop":8,"minecraft:bucket":92,"minecraft:lapis_block":1,"minecraft:yellow_bed":2,"quark:oak_chest":7,"alexsmobs:animal_dictionary":1},"minecraft:broken":{"minecraft:iron_pickaxe":1,"create:sand_paper":1},"minecraft:mined":{"biomesoplenty:mossy_black_sand":1,"create:deepslate_zinc_ore":3,"minecraft:white_bed":7,"minecraft:cobblestone_stairs":1,"minecraft:cherry_log":4,"biomesoplenty:brimstone":125,"minecraft:brewing_stand":1,"minecraft:obsidian":14,"minecraft:grass_block":40,"minecraft:composter":17,"spelunkery:dust":2,"minecraft:spawner":1,"minecraft:tall_seagrass":2,"minecraft:iron_ore":88,"minecraft:fire":3,"quark:blossom_planks":3,"minecraft:anvil":2,"minecraft:deepslate_lapis_ore":17,"minecraft:azure_bluet":1,"minecraft:enchanting_table":1,"create:asurine":1,"minecraft:sculk_shrieker":2,"iceandfire:gold_pile":114,"minecraft:dirt_path":5,"minecraft:oak_stairs":40,"biomesoplenty:webbing":7,"create:limestone":7,"iceandfire:chared_cobblestone":3,"eidolon:lead_ore":8,"minecraft:smoker":1,"minecraft:torch":1,"biomesoplenty:black_sandstone":1,"minecraft:blast_furnace":4,"minecraft:calcite":2,"minecraft:poppy":1,"minecraft:chest":4,"quark:blossom_log":10,"spelunkery:inkcap_mushroom":1,"minecraft:cobblestone":57,"minecraft:sugar_cane":20,"minecraft:oak_planks":13,"minecraft:wall_torch":1,"minecraft:amethyst_block":4,"eidolon:deep_lead_ore":10,"minecraft:lapis_block":1,"minecraft:wheat":1,"minecraft:grass":16,"biomesoplenty:clover":11,"minecraft:oak_log":72,"minecraft:sand":3,"minecraft:dirt":41,"minecraft:smooth_basalt":1,"minecraft:netherrack":1,"spelunkery:rough_lazurite_block":1,"create:crimsite":24,"minecraft:oak_leaves":1,"minecraft:deepslate":71,"iceandfire:chared_stone":1,"minecraft:infested_deepslate":1,"create:zinc_ore":10,"minecraft:diamond_ore":1,"eidolon:deep_silver_ore":3,"iceandfire:silver_ore":9,"minecraft:mossy_cobblestone":5,"minecraft:deepslate_diamond_ore":8,"biomesoplenty:desert_grass":1,"eidolon:silver_ore":22,"iceandfire:deepslate_silver_ore":1,"minecraft:hay_block":14,"minecraft:furnace":8,"minecraft:potatoes":2,"minecraft:deepslate_iron_ore":27,"biomesoplenty:brimstone_bud":2,"biomesoplenty:spider_egg":1,"minecraft:stone":204,"biomesoplenty:brimstone_cluster":2,"betterarcheology:archeology_table":1,"minecraft:glass_pane":2,"quark:oak_chest":2,"biomesoplenty:black_sand":2,"minecraft:dandelion":2,"minecraft:crafting_table":6,"minecraft:emerald_ore":2,"minecraft:rose_bush":1,"minecraft:deepslate_gold_ore":61,"minecraft:lapis_ore":13,"minecraft:sculk":20,"supplementaries:urn":57,"biomesoplenty:brimstone_bricks":11,"betterarcheology:loot_vase_creeper":3,"spelunkery:phosphor_fungus":1,"minecraft:yellow_bed":4,"minecraft:coal_ore":46,"minecraft:sunflower":1,"minecraft:gravel":7,"biomesoplenty:stringy_cobweb":2,"minecraft:gold_ore":6},"minecraft:crafted":{"minecraft:grindstone":1,"minecraft:black_dye":2,"minecraft:smooth_stone":5,"minecraft:oak_planks":59,"minecraft:stone":11,"minecraft:bookshelf":11,"minecraft:cooked_mutton":6,"minecraft:iron_boots":1,"minecraft:oak_slab":6,"sophisticatedbackpacks:backpack":1,"quark:blossom_planks":10,"minecraft:cooked_porkchop":8,"minecraft:crafting_table":2,"minecraft:wooden_pickaxe":1,"minecraft:iron_helmet":1,"minecraft:smithing_table":1,"create:sand_paper":3,"minecraft:gold_block":45,"minecraft:yellow_dye":1,"minecraft:iron_chestplate":1,"minecraft:paper":3,"minecraft:diamond_pickaxe":1,"minecraft:shield":3,"minecraft:stick":23,"minecraft:stone_slab":1,"quark:oak_chest":6,"minecraft:light_blue_dye":2,"minecraft:iron_ingot":139,"minecraft:iron_pickaxe":2,"minecraft:iron_block":12,"minecraft:stone_sword":1,"minecraft:gold_ingot":296,"minecraft:cherry_planks":4,"minecraft:raw_iron":6,"spelunkery:rough_lazurite":4,"minecraft:furnace":4,"minecraft:blast_furnace":2,"minecraft:bone_meal":3,"minecraft:flint_and_steel":2,"minecraft:iron_axe":1,"minecraft:stone_pickaxe":1,"sophisticatedbackpacks:iron_backpack":1,"minecraft:wheat":43,"minecraft:red_dye":1,"spelunkery:rough_lazurite_block":4,"quark:blossom_sign":1,"minecraft:enchanting_table":1,"spelunkery:rough_diamond":1,"minecraft:iron_sword":1,"biomesoplenty:brimstone_bricks":28,"sophisticatedbackpacks:gold_backpack":1,"minecraft:bucket":1,"minecraft:stone_axe":1,"quark:blossom_boat":1,"minecraft:orange_dye":1,"minecraft:bread":129,"minecraft:air":1267,"spelunkery:lapis_lazuli_shard":1,"minecraft:blue_dye":1,"minecraft:white_dye":2,"minecraft:raw_gold":30,"create:raw_zinc":1,"minecraft:iron_shovel":1,"minecraft:anvil":1,"minecraft:white_bed":1,"minecraft:lapis_lazuli":3,"minecraft:diamond_chestplate":1},"minecraft:custom":{"minecraft:interact_with_crafting_table":83,"minecraft:open_barrel":34,"minecraft:leave_game":1,"minecraft:time_since_death":173636,"minecraft:sprint_one_cm":936458,"minecraft:damage_blocked_by_shield":4374,"minecraft:drop":166,"minecraft:talked_to_villager":23,"minecraft:play_time":337453,"minecraft:deaths":6,"minecraft:jump":6725,"minecraft:walk_on_water_one_cm":55628,"minecraft:enchant_item":1,"minecraft:interact_with_furnace":94,"minecraft:interact_with_cartography_table":1,"minecraft:sleep_in_bed":3,"minecraft:damage_dealt":33202,"minecraft:player_kills":17,"minecraft:crouch_one_cm":50965,"minecraft:interact_with_smoker":9,"minecraft:horse_one_cm":2432,"minecraft:interact_with_smithing_table":7,"minecraft:interact_with_anvil":3,"minecraft:mob_kills":176,"minecraft:damage_dealt_resisted":163,"minecraft:climb_one_cm":48,"minecraft:walk_one_cm":420294,"minecraft:sneak_time":16809,"minecraft:walk_under_water_one_cm":35571,"minecraft:interact_with_blast_furnace":70,"minecraft:total_world_time":337453,"minecraft:time_since_rest":116682,"minecraft:damage_taken":4629,"minecraft:fly_one_cm":2025404,"minecraft:swim_one_cm":90346,"minecraft:open_chest":229,"minecraft:fall_one_cm":224612},"minecraft:killed":{"minecraft:cave_spider":8,"iceandfire:hippogryph":2,"minecraft:witch":2,"minecraft:spider":40,"quark:forgotten":2,"minecraft:skeleton":42,"alexsmobs:centipede_head":2,"artifacts:mimic":2,"minecraft:pig":8,"minecraft:zombie_villager":2,"minecraft:creeper":12,"minecraft:sheep":8,"minecraft:pillager":6,"minecraft:zombie":118,"eidolon:zombie_brute":2,"alexsmobs:fly":2,"alexsmobs:farseer":2,"minecraft:vindicator":2,"minecraft:slime":10,"eidolon:wraith":14,"minecraft:drowned":6,"minecraft:squid":2,"alexsmobs:crocodile":2,"iceandfire:ghost":2,"minecraft:player":16,"minecraft:enderman":4}},"DataVersion":3465}