{"stats":{"minecraft:killed_by":{"minecraft:warden":1,"minecraft:player":2},"minecraft:mined":{"minecraft:orange_terracotta":4,"minecraft:dead_bush":3,"minecraft:terracotta":53,"minecraft:tripwire_hook":1,"minecraft:tripwire":2},"minecraft:dropped":{"minecraft:respawn_anchor":64,"minecraft:obsidian":6,"minecraft:cobblestone":2,"minecraft:stick":1,"minecraft:orange_terracotta":1,"minecraft:glowstone":64,"minecraft:acacia_slab":64,"minecraft:brown_terracotta":22,"minecraft:string":15,"minecraft:terracotta":47},"minecraft:crafted":{"minecraft:emerald":66,"minecraft:air":0},"minecraft:custom":{"minecraft:interact_with_smithing_table":2,"minecraft:mob_kills":2,"minecraft:interact_with_anvil":1,"minecraft:traded_with_villager":66,"minecraft:open_barrel":2,"minecraft:leave_game":2,"minecraft:time_since_death":31020,"minecraft:damage_resisted":1109227,"minecraft:time_since_rest":31044,"minecraft:walk_one_cm":38473,"minecraft:sprint_one_cm":29873,"minecraft:damage_taken":1558,"minecraft:damage_absorbed":40,"minecraft:drop":16,"minecraft:damage_dealt":10788,"minecraft:damage_dealt_absorbed":39,"minecraft:talked_to_villager":25,"minecraft:fly_one_cm":458772,"minecraft:player_kills":8,"minecraft:crouch_one_cm":4180,"minecraft:play_time":46247,"minecraft:deaths":6,"minecraft:sneak_time":2602,"minecraft:jump":395,"minecraft:walk_on_water_one_cm":1242,"minecraft:total_world_time":46247,"minecraft:fall_one_cm":13256},"minecraft:picked_up":{"minecraft:anvil":2,"minecraft:diamond_sword":3,"minecraft:string":1746,"minecraft:orange_terracotta":9,"minecraft:diamond_leggings":3,"minecraft:netherite_sword":1,"minecraft:diamond_helmet":3,"minecraft:sculk_catalyst":2,"minecraft:stick":3,"minecraft:brown_terracotta":21,"minecraft:mace":2,"minecraft:warden_spawn_egg":1,"minecraft:redstone":1,"minecraft:red_terracotta":4,"minecraft:diamond_chestplate":3,"minecraft:diamond_boots":3,"minecraft:golden_apple":21,"minecraft:glowstone":64,"minecraft:white_terracotta":5,"minecraft:terracotta":68,"minecraft:cobblestone":2},"minecraft:killed":{"minecraft:warden":2},"minecraft:used":{"minecraft:oak_trapdoor":4,"minecraft:water_bucket":2,"minecraft:flint_and_steel":35,"minecraft:redstone":1,"minecraft:white_terracotta":2,"minecraft:golden_apple":1,"minecraft:respawn_anchor":65,"minecraft:terracotta":5,"minecraft:anvil":1,"minecraft:tnt":206,"minecraft:netherite_helmet":1,"minecraft:shears":6,"minecraft:obsidian":78,"minecraft:warden_spawn_egg":2,"minecraft:creeper_spawn_egg":20,"minecraft:brown_terracotta":1,"minecraft:lever":3,"minecraft:mace":17,"minecraft:villager_spawn_egg":7,"minecraft:string":41,"minecraft:barrel":7,"minecraft:tripwire_hook":4,"minecraft:diamond_sword":31,"minecraft:glowstone":71,"minecraft:cobblestone":18,"minecraft:end_crystal":19,"minecraft:netherite_pickaxe":59,"minecraft:orange_terracotta":49,"minecraft:splash_potion":8}},"DataVersion":3955}