{"stats":{"minecraft:mined":{"create:deepslate_zinc_ore":3,"spelunkery:nephrite":3,"minecraft:farmland":27,"minecraft:light_blue_concrete":2,"iceandfire:copper_pile":6,"minecraft:cherry_log":8,"minecraft:sculk_vein":2,"minecraft:brewing_stand":2,"minecraft:carved_pumpkin":3,"minecraft:granite":3,"minecraft:grass_block":66,"friendsandfoes:oxidized_lightning_rod":3,"iceandfire:lectern":1,"spelunkery:andesite_lapis_ore":1,"minecraft:composter":1,"minecraft:oxeye_daisy":1,"spelunkery:dust":2,"minecraft:spawner":1,"minecraft:orange_concrete":2,"minecraft:smooth_stone":1,"minecraft:sculk_catalyst":9,"minecraft:iron_ore":91,"minecraft:fire":17,"biomesoplenty:lavender":1,"minecraft:moss_carpet":1,"minecraft:anvil":2,"minecraft:deepslate_lapis_ore":19,"minecraft:azure_bluet":6,"create:asurine":1,"minecraft:sculk_shrieker":2,"supplementaries:stick":7,"minecraft:pointed_dripstone":1,"minecraft:oak_stairs":25,"minecraft:dirt_path":19,"iceandfire:gold_pile":87,"minecraft:water_cauldron":4,"minecraft:iron_bars":2,"biomesoplenty:webbing":15,"immersive_weathering:loam":4,"create:limestone":1,"iceandfire:chared_cobblestone":1,"immersive_weathering:oak_leaf_pile":43,"eidolon:lead_ore":2,"biomesoplenty:medium_rose_quartz_bud":1,"biomesoplenty:wildflower":2,"minecraft:smoker":4,"immersive_weathering:spruce_leaf_pile":12,"minecraft:soul_fire":8,"minecraft:amethyst_cluster":4,"minecraft:piglin_head":2,"iceandfire:podium_acacia":2,"minecraft:torch":8,"minecraft:blast_furnace":2,"minecraft:poppy":1,"minecraft:calcite":4,"immersive_weathering:grassy_silt":1,"minecraft:oxidized_copper":3,"minecraft:chest":1,"spelunkery:inkcap_mushroom":1,"minecraft:cobblestone":75,"minecraft:sugar_cane":37,"minecraft:oak_planks":36,"minecraft:wall_torch":9,"minecraft:amethyst_block":18,"minecraft:pink_petals":4,"eidolon:deep_lead_ore":4,"minecraft:wheat":2,"spelunkery:sulfur":1,"minecraft:stripped_oak_wood":2,"minecraft:lime_concrete":4,"minecraft:grass":67,"biomesoplenty:clover":40,"minecraft:oak_log":161,"immersive_weathering:grassy_earthen_clay":1,"minecraft:sand":28,"minecraft:dirt":142,"minecraft:smooth_basalt":5,"minecraft:netherrack":82,"minecraft:oak_leaves":49,"minecraft:deepslate":87,"iceandfire:chared_stone":3,"create:zinc_ore":6,"eidolon:deep_silver_ore":9,"minecraft:tuff":13,"iceandfire:silver_ore":8,"minecraft:mossy_cobblestone":5,"minecraft:deepslate_diamond_ore":4,"minecraft:blackstone_wall":1,"minecraft:glow_lichen":1,"biomesoplenty:bush":9,"minecraft:allium":2,"sawmill:sawmill":1,"minecraft:decorated_pot":1,"iceandfire:deepslate_silver_ore":2,"minecraft:spruce_leaves":74,"spelunkery:rock_salt_block":4,"minecraft:cartography_table":3,"spelunkery:diorite_coal_ore":10,"minecraft:hay_block":92,"farmersdelight:wild_onions":3,"minecraft:redstone_ore":16,"minecraft:furnace":23,"minecraft:carrots":2,"minecraft:raw_gold_block":1,"spelunkery:tuff_gold_ore":9,"spelunkery:granite_iron_ore":1,"minecraft:andesite":6,"minecraft:gold_block":1,"minecraft:bookshelf":18,"biomesoplenty:high_grass":38,"minecraft:deepslate_iron_ore":29,"minecraft:stripped_oak_log":1,"immersive_weathering:silt":1,"minecraft:bone_block":146,"minecraft:stone":511,"biomesoplenty:brimstone_cluster":1,"minecraft:oak_slab":2,"betterarcheology:archeology_table":1,"minecraft:glass_pane":7,"minecraft:cherry_planks":4,"minecraft:soul_sand":1,"quark:oak_chest":2,"biomesoplenty:orange_sand":59,"minecraft:basalt":5,"biomesoplenty:black_sand":2,"minecraft:dandelion":11,"minecraft:oak_fence":1,"minecraft:crafting_table":24,"spelunkery:diorite_iron_ore":16,"minecraft:emerald_ore":11,"spelunkery:andesite_iron_ore":13,"minecraft:rose_bush":1,"minecraft:sculk_sensor":8,"minecraft:lectern":2,"minecraft:tall_grass":7,"biomesoplenty:high_grass_plant":51,"minecraft:copper_ore":1,"biomesoplenty:huge_clover_petal":16,"minecraft:deepslate_gold_ore":21,"biomesoplenty:sprout":1,"minecraft:lapis_ore":11,"minecraft:red_concrete":3,"delightful:wild_salmonberries":18,"minecraft:sculk":8000,"minecraft:diorite":15,"supplementaries:urn":36,"immersive_weathering:cherry_leaf_pile":1,"minecraft:coarse_dirt":36,"minecraft:cobblestone_wall":1,"spelunkery:phosphor_fungus":1,"minecraft:spruce_log":7,"minecraft:yellow_bed":1,"minecraft:coal_ore":93,"quark:monster_box":1,"minecraft:gravel":16,"minecraft:cherry_leaves":3,"minecraft:yellow_concrete":2,"minecraft:dripstone_block":2,"biomesoplenty:stringy_cobweb":5,"minecraft:cobweb":71,"minecraft:gold_ore":16,"minecraft:chipped_anvil":1},"minecraft:picked_up":{"quark:diamond_heart":3,"minecraft:wheat":3,"minecraft:light_blue_concrete":3,"cataclysm:monstrous_horn":1,"minecraft:anvil":2,"minecraft:oak_stairs":76,"biomesoplenty:violet":4,"minecraft:brewing_stand":2,"minecraft:amethyst_block":12,"minecraft:soul_soil":9,"minecraft:string":110,"minecraft:raw_copper":7,"create:limestone":1,"minecraft:iron_leggings":3,"minecraft:zombie_head":3,"alexsmobs:dropbear_claw":2,"minecraft:smooth_stone":4,"minecraft:gold_nugget":676,"minecraft:cobbled_deepslate":102,"minecraft:bucket":1,"delightful:acorn":2,"minecraft:rose_bush":1,"minecraft:calcite":4,"minecraft:iron_boots":1,"minecraft:furnace":23,"minecraft:golden_helmet":1,"minecraft:stick":36,"minecraft:composter":1,"delightful:cheeseburger":2,"miners_delight:silverfish_eggs":1,"minecraft:oak_fence":1,"minecraft:torch":78,"minecraft:porkchop":27,"minecraft:cherry_log":8,"minecraft:pointed_dripstone":1,"minecraft:diorite":15,"alexsmobs:centipede_leg":1,"minecraft:cauldron":4,"eidolon:tattered_cloth":9,"minecraft:rotten_flesh":50,"biomesoplenty:rose_quartz_chunk":1,"farmersdelight:onion":3,"minecraft:blackstone_wall":1,"supplementaries:antique_ink":2,"minecraft:iron_block":5,"minecraft:carved_pumpkin":3,"create:asurine":1,"alexsdelight:raw_bison":3,"supplementaries:ash":94,"minecraft:iron_bars":2,"minecraft:cobblestone":625,"minecraft:pink_petals":3,"minecraft:cherry_planks":5,"spelunkery:inkcap_mushroom":1,"minecraft:oxidized_copper":3,"eidolon:raw_silver":8,"minecraft:andesite":6,"minecraft:flint":1,"minecraft:brown_wool":1,"minecraft:smoker":4,"minecraft:potato":5,"immersive_weathering:silt":2,"spelunkery:rough_cinnabar":22,"minecraft:tuff":20,"create:raw_zinc":9,"supplementaries:flax_seeds":6,"minecraft:lapis_lazuli":4,"minecraft:dirt":295,"minecraft:bone":47,"minecraft:chipped_anvil":1,"minecraft:bow":1,"minecraft:wheat_seeds":40,"betterarcheology:archeology_table":1,"ad_astra:launch_pad":1,"minecraft:raw_gold":45,"spelunkery:raw_zinc_nugget":5,"spelunkery:rock_salt":16,"minecraft:oak_planks":66,"immersive_weathering:tallow":22,"spelunkery:rough_diamond_shard":7,"minecraft:sand":27,"sophisticatedbackpacks:iron_backpack":2,"minecraft:grass_block":1,"minecraft:lily_of_the_valley":1,"minecraft:mossy_cobblestone":15,"iceandfire:chared_cobblestone":2,"alexsmobs:kangaroo_hide":2,"eidolon:raw_lead":4,"minecraft:diamond":8,"spelunkery:rough_lazurite_shard":78,"iceandfire:lectern":1,"waystones:waystone":1,"minecraft:granite":2,"minecraft:golden_horse_armor":1,"minecraft:emerald":9,"spelunkery:raw_gold_nugget":118,"minecraft:oak_sapling":15,"minecraft:netherrack":71,"minecraft:diamond_pickaxe":2,"iceandfire:raw_silver":10,"minecraft:charcoal":2,"iceandfire:dragon_skull_lightning":4,"minecraft:cocoa_beans":3,"minecraft:crafting_table":25,"minecraft:coarse_dirt":36,"minecraft:allium":6,"minecraft:azure_bluet":9,"minecraft:chicken":1,"minecraft:ladder":2,"spelunkery:rough_emerald":11,"minecraft:leather_leggings":3,"minecraft:wooden_pickaxe":2,"minecraft:gold_block":1,"minecraft:orange_concrete":3,"minecraft:iron_axe":1,"supplementaries:bomb":3,"iceandfire:bestiary":2,"minecraft:cartography_table":3,"biomesoplenty:black_sand":2,"minecraft:beef":42,"spelunkery:nephrite_chunk":12,"farmersdelight:straw":2,"sawmill:sawmill":1,"minecraft:poppy":11,"minecraft:iron_nugget":75,"minecraft:light_gray_wool":1,"minecraft:lectern":2,"minecraft:chest":1,"biomesoplenty:wildflower":2,"minecraft:sugar_cane":91,"iceandfire:podium_acacia":2,"minecraft:phantom_membrane":2,"minecraft:egg":2,"minecraft:raw_iron":202,"iceandfire:dragonbone":2,"minecraft:raw_gold_block":1,"immersive_weathering:acacia_bark":6,"spelunkery:sulfur":10,"farmersdelight:minced_beef":14,"sophisticatedbackpacks:backpack":1,"minecraft:carrot":14,"spelunkery:raw_magnetite_nugget":6,"minecraft:redstone":13,"minecraft:arrow":24,"minecraft:diamond_boots":4,"minecraft:hay_block":98,"minecraft:bone_block":149,"minecraft:mutton":34,"minecraft:rail":2,"minecraft:white_wool":19,"biomesoplenty:orange_sand":59,"minecraft:stripped_oak_log":1,"minecraft:basalt":5,"minecraft:glow_ink_sac":10,"minecraft:leather":33,"quark:smithing_template_rune":1,"minecraft:oak_log":179,"iceandfire:ectoplasm":1,"minecraft:cobblestone_wall":1,"minecraft:yellow_bed":1,"minecraft:gunpowder":9,"minecraft:piglin_head":2,"cataclysm:infernal_forge":1,"minecraft:apple":6,"minecraft:rabbit_hide":5,"minecraft:iron_ingot":131,"spelunkery:rough_lazurite":48,"minecraft:stripped_oak_wood":2,"minecraft:soul_sand":1,"minecraft:iron_sword":1,"sophisticatedbackpacks:diamond_backpack":1,"minecraft:book":54,"iceandfire:chared_stone":3,"minecraft:oak_slab":1,"iceandfire:copper_nugget":50,"minecraft:smooth_basalt":5,"friendsandfoes:oxidized_lightning_rod":3,"minecraft:yellow_concrete":3,"minecraft:lime_concrete":5,"minecraft:dandelion":14,"minecraft:dripstone_block":2,"minecraft:gravel":15,"minecraft:amethyst_shard":16,"minecraft:spruce_sapling":7,"minecraft:blast_furnace":2,"delightful:salmonberries":18,"minecraft:spruce_log":2,"quark:oak_chest":2,"minecraft:spider_eye":8,"minecraft:leather_helmet":1,"minecraft:slime_ball":24,"immersive_weathering:earthen_clay":1,"eidolon:lead_ingot":1,"spelunkery:rough_diamond":4,"minecraft:cherry_sapling":1,"spelunkery:raw_iron_nugget":71,"minecraft:black_wool":1,"minecraft:melon_seeds":1,"minecraft:red_concrete":4,"minecraft:coal":421,"minecraft:ender_pearl":4},"minecraft:crafted":{"minecraft:smooth_stone":6,"minecraft:oak_planks":74,"minecraft:oak_sign":2,"waystones:waystone":1,"minecraft:stone":9,"sophisticatedbackpacks:crafting_upgrade":1,"minecraft:bookshelf":6,"minecraft:cooked_mutton":12,"minecraft:iron_boots":1,"minecraft:chest":8,"minecraft:stone_bricks":1,"minecraft:oak_slab":3,"minecraft:cooked_porkchop":14,"minecraft:crafting_table":4,"minecraft:spruce_planks":8,"farmersdelight:iron_knife":1,"minecraft:wooden_pickaxe":1,"minecraft:iron_helmet":1,"create:sand_paper":3,"waystones:warp_stone":1,"sophisticatedbackpacks:upgrade_base":4,"farmersdelight:beef_patty":14,"minecraft:iron_chestplate":1,"minecraft:paper":3,"minecraft:charcoal":3,"minecraft:shield":5,"minecraft:stick":28,"quark:oak_chest":8,"minecraft:iron_ingot":147,"minecraft:iron_pickaxe":6,"minecraft:stone_sword":1,"minecraft:gold_ingot":96,"sophisticatedbackpacks:blasting_upgrade":1,"quark:pickarang":1,"minecraft:cherry_planks":8,"minecraft:furnace":7,"minecraft:blast_furnace":1,"alexsdelight:cooked_bison":3,"minecraft:iron_axe":3,"minecraft:iron_hoe":12,"minecraft:stone_pickaxe":2,"sophisticatedbackpacks:iron_backpack":1,"minecraft:wheat":354,"minecraft:cooked_beef":25,"minecraft:iron_sword":3,"sophisticatedbackpacks:gold_backpack":1,"minecraft:stone_axe":2,"minecraft:bread":246,"minecraft:air":1169,"minecraft:raw_gold":3,"minecraft:iron_shovel":1,"minecraft:iron_leggings":1,"minecraft:white_bed":2,"minecraft:torch":29,"minecraft:diamond_chestplate":1},"minecraft:custom":{"minecraft:interact_with_crafting_table":84,"minecraft:open_barrel":35,"minecraft:leave_game":8,"minecraft:time_since_death":33948,"minecraft:sprint_one_cm":1447550,"minecraft:damage_blocked_by_shield":14431,"minecraft:drop":304,"minecraft:talked_to_villager":8,"minecraft:play_time":642279,"minecraft:deaths":13,"minecraft:jump":15082,"minecraft:walk_on_water_one_cm":47624,"minecraft:interact_with_furnace":222,"minecraft:interact_with_cartography_table":1,"minecraft:sleep_in_bed":4,"minecraft:waystone_activated":1,"minecraft:damage_dealt":47598,"minecraft:player_kills":8,"minecraft:crouch_one_cm":124072,"minecraft:interact_with_smoker":23,"minecraft:interact_with_smithing_table":3,"minecraft:mob_kills":256,"minecraft:damage_dealt_resisted":893,"minecraft:climb_one_cm":3741,"minecraft:walk_one_cm":925465,"minecraft:damage_dealt_absorbed":349,"minecraft:sneak_time":48260,"minecraft:walk_under_water_one_cm":13102,"minecraft:interact_with_blast_furnace":22,"minecraft:total_world_time":642279,"minecraft:time_since_rest":33970,"minecraft:damage_taken":12697,"minecraft:damage_absorbed":32,"minecraft:swim_one_cm":26318,"minecraft:fly_one_cm":3556979,"minecraft:open_chest":379,"minecraft:fall_one_cm":524447},"minecraft:used":{"minecraft:iron_shovel":260,"minecraft:oak_sign":3,"alexsmobs:sopa_de_macaco":1,"minecraft:chest":9,"minecraft:shield":246,"minecraft:iron_sword":405,"miners_delight:silverfish_eggs":1,"minecraft:rotten_flesh":3,"quark:yellow_shingles_vertical_slab":39,"minecraft:iron_chestplate":1,"minecraft:soul_sand":1,"quark:light_blue_stool":3,"minecraft:tuff":13,"minecraft:azure_bluet":1,"minecraft:stripped_spruce_log":80,"minecraft:grass_block":35,"minecraft:iron_helmet":1,"minecraft:bedrock":100,"iceandfire:chared_stone":1,"minecraft:furnace":28,"minecraft:egg":1,"minecraft:leather_leggings":1,"minecraft:diorite":14,"minecraft:diamond_boots":5,"iceandfire:podium_acacia":2,"minecraft:oak_planks":31,"minecraft:stone_pickaxe":72,"minecraft:wooden_pickaxe":16,"minecraft:sugar_cane":26,"quark:gray_shingles_stairs":15,"minecraft:golden_apple":1,"minecraft:white_wool":1,"minecraft:light_blue_concrete":10,"minecraft:blast_furnace":1,"minecraft:yellow_concrete":10,"waystones:waystone":1,"supplementaries:bellows":1,"minecraft:zombie_head":1,"minecraft:bread":143,"minecraft:barrier":349,"minecraft:gravel":2,"ad_astra:launch_pad":2,"minecraft:golden_helmet":1,"minecraft:oak_trapdoor":2,"minecraft:coarse_dirt":23,"minecraft:oak_fence":1,"minecraft:cobweb":1,"minecraft:stone_sword":8,"minecraft:orange_concrete":9,"minecraft:carved_pumpkin":3,"minecraft:red_concrete":12,"minecraft:netherrack":93,"minecraft:stick":6,"minecraft:torch":214,"delightful:cheeseburger":2,"minecraft:dirt":239,"minecraft:anvil":1,"minecraft:cobblestone_wall":1,"betterarcheology:archeology_table":1,"farmersdelight:beef_patty":5,"minecraft:iron_hoe":8198,"minecraft:chipped_anvil":1,"minecraft:bookshelf":6,"minecraft:iron_axe":676,"minecraft:iron_boots":4,"minecraft:basalt":1,"minecraft:golden_carrot":1,"minecraft:lime_concrete":12,"minecraft:beef":2,"minecraft:soul_soil":7,"minecraft:oxidized_copper":3,"minecraft:cooked_beef":25,"minecraft:cobbled_deepslate":71,"alexsdelight:cooked_bison":2,"minecraft:iron_leggings":2,"sophisticatedbackpacks:gold_backpack":1,"biomesoplenty:black_sand":3,"minecraft:cooked_mutton":12,"farmersdelight:iron_knife":8,"minecraft:water_bucket":9,"minecraft:cherry_planks":5,"iceandfire:dragon_skull_lightning":3,"minecraft:rail":1,"minecraft:oak_slab":19,"minecraft:crafting_table":27,"friendsandfoes:oxidized_lightning_rod":3,"quark:red_stool":2,"immersive_weathering:silt":1,"minecraft:white_bed":2,"minecraft:piglin_head":2,"minecraft:smoker":2,"minecraft:oak_log":13,"minecraft:diamond_pickaxe":13,"minecraft:apple":1,"quark:purple_stool":2,"quark:pickarang":219,"minecraft:iron_pickaxe":1449,"minecraft:leather_helmet":1,"cataclysm:netherite_monstrosity_spawn_egg":1,"minecraft:stone_axe":28,"minecraft:pink_petals":2,"minecraft:cobblestone":486,"minecraft:cooked_porkchop":14,"minecraft:bucket":10,"quark:oak_chest":1,"minecraft:yellow_bed":1,"alexsmobs:animal_dictionary":3},"minecraft:killed_by":{"minecraft:wither_skeleton":1,"minecraft:creeper":1,"minecraft:vindicator":1,"minecraft:player":3,"alexsmobs:tiger":1,"alexsmobs:centipede_head":1,"minecraft:skeleton":3},"minecraft:killed":{"minecraft:cave_spider":18,"minecraft:zombified_piglin":18,"minecraft:spider":20,"minecraft:skeleton":82,"minecraft:chicken":2,"minecraft:magma_cube":14,"minecraft:piglin":12,"minecraft:pig":28,"quark:stoneling":4,"minecraft:iron_golem":4,"minecraft:creeper":6,"minecraft:sheep":50,"minecraft:pillager":2,"minecraft:zombie":92,"eidolon:zombie_brute":4,"minecraft:cow":48,"alexsmobs:dropbear":2,"minecraft:slime":32,"minecraft:phantom":6,"minecraft:horse":2,"eidolon:wraith":14,"friendsandfoes:mauler":2,"minecraft:llama":8,"alexsmobs:bison":2,"quark:foxhound":4,"alexsmobs:emu":2,"iceandfire:ghost":10,"minecraft:wither_skeleton":2,"minecraft:player":3,"minecraft:enderman":14},"minecraft:dropped":{"iceandfire:raw_silver":4,"spelunkery:sulfur":5,"minecraft:glow_ink_sac":6,"minecraft:oak_log":81,"spelunkery:rough_emerald":1,"biomesoplenty:rose_quartz_chunk":1,"spelunkery:raw_gold_nugget":63,"eidolon:raw_silver":1,"minecraft:dirt":48,"minecraft:mutton":4,"farmersdelight:onion":3,"spelunkery:inkcap_mushroom":1,"minecraft:gold_nugget":16,"minecraft:white_wool":1,"minecraft:gold_ingot":1,"minecraft:bone":14,"minecraft:stone_axe":2,"alexsmobs:animal_dictionary":2,"minecraft:cobbled_deepslate":23,"minecraft:iron_nugget":66,"minecraft:wheat":1,"minecraft:pointed_dripstone":1,"minecraft:oak_planks":47,"minecraft:rotten_flesh":28,"minecraft:azure_bluet":4,"minecraft:poppy":9,"supplementaries:flax_seeds":6,"supplementaries:ash":45,"minecraft:gunpowder":5,"minecraft:melon_seeds":1,"biomesoplenty:wildflower":2,"create:limestone":1,"minecraft:leather_leggings":3,"immersive_weathering:tallow":10,"minecraft:iron_bars":2,"quark:smithing_template_rune":1,"minecraft:arrow":3,"minecraft:netherrack":9,"minecraft:bread":19,"spelunkery:raw_zinc_nugget":1,"minecraft:iron_ingot":83,"minecraft:wheat_seeds":35,"minecraft:mossy_cobblestone":15,"minecraft:dripstone_block":2,"minecraft:yellow_concrete":4,"minecraft:cobblestone":142,"eidolon:tattered_cloth":1,"minecraft:granite":2,"spelunkery:raw_iron_nugget":45,"minecraft:grass_block":1,"minecraft:stick":1,"minecraft:milk_bucket":1,"minecraft:diorite":1,"minecraft:torch":2,"minecraft:blackstone_wall":1,"minecraft:cherry_planks":2,"minecraft:iron_leggings":2,"delightful:acorn":2,"minecraft:oak_stairs":51,"minecraft:iron_axe":1,"minecraft:smooth_stone":6,"minecraft:string":10,"minecraft:pink_petals":1,"minecraft:smooth_basalt":3,"minecraft:dandelion":1,"minecraft:red_concrete":4,"immersive_weathering:acacia_bark":6,"minecraft:coarse_dirt":13,"minecraft:stone_sword":1,"minecraft:tuff":7,"minecraft:lime_concrete":4,"minecraft:raw_iron":4,"minecraft:orange_concrete":4,"minecraft:light_gray_wool":1,"minecraft:iron_boots":1,"minecraft:iron_hoe":1,"farmersdelight:straw":2,"spelunkery:raw_magnetite_nugget":1,"minecraft:light_blue_concrete":4,"minecraft:lily_of_the_valley":1,"minecraft:potato":4,"iceandfire:chared_cobblestone":2,"minecraft:diamond_pickaxe":4,"minecraft:andesite":6,"minecraft:oak_sapling":10,"minecraft:spider_eye":3,"minecraft:diamond_boots":3,"minecraft:stone_pickaxe":2,"minecraft:wooden_pickaxe":2,"minecraft:calcite":4,"quark:diamond_heart":2,"iceandfire:chared_stone":2},"minecraft:broken":{"minecraft:iron_shovel":1,"minecraft:iron_chestplate":1,"minecraft:iron_leggings":1,"minecraft:iron_sword":1,"minecraft:leather_helmet":1,"minecraft:iron_hoe":32,"minecraft:shield":5,"minecraft:iron_axe":3,"minecraft:iron_pickaxe":4,"minecraft:iron_helmet":1,"create:sand_paper":2}},"DataVersion":3465}