{"stats":{"minecraft:picked_up":{"minecraft:light_blue_concrete":1,"cataclysm:monstrous_horn":1,"minecraft:yellow_concrete":1,"minecraft:wooden_pickaxe":1,"minecraft:lime_concrete":1,"minecraft:dirt":13,"minecraft:orange_concrete":1,"cataclysm:infernal_forge":1,"ad_astra:launch_pad":1,"minecraft:red_concrete":1},"minecraft:dropped":{"minecraft:red_concrete":4,"alexsmobs:animal_dictionary":2,"minecraft:diamond_pickaxe":2,"minecraft:lime_concrete":4,"minecraft:yellow_concrete":4,"minecraft:orange_concrete":4,"minecraft:light_blue_concrete":4,"minecraft:grass_block":1},"minecraft:killed_by":{"minecraft:player":3},"minecraft:used":{"supplementaries:bellows":1,"quark:purple_stool":2,"minecraft:orange_concrete":5,"minecraft:grass_block":34,"minecraft:red_concrete":6,"minecraft:barrier":349,"ad_astra:launch_pad":2,"cataclysm:netherite_monstrosity_spawn_egg":1,"minecraft:bedrock":100,"quark:yellow_shingles_vertical_slab":39,"quark:gray_shingles_stairs":10,"minecraft:lime_concrete":5,"quark:light_blue_stool":3,"minecraft:light_blue_concrete":6,"quark:red_stool":2,"minecraft:yellow_concrete":5,"alexsmobs:animal_dictionary":1,"minecraft:stripped_spruce_log":80},"minecraft:killed":{"minecraft:player":3},"minecraft:custom":{"minecraft:time_since_rest":52865,"minecraft:walk_one_cm":39444,"minecraft:sprint_one_cm":5524,"minecraft:damage_taken":412,"minecraft:drop":25,"minecraft:damage_dealt":1148,"minecraft:fly_one_cm":201154,"minecraft:player_kills":6,"minecraft:crouch_one_cm":2961,"minecraft:play_time":74344,"minecraft:deaths":4,"minecraft:sneak_time":2785,"minecraft:jump":357,"minecraft:leave_game":1,"minecraft:time_since_death":52841,"minecraft:total_world_time":74344,"minecraft:fall_one_cm":480}},"DataVersion":3465}