{"stats":{"minecraft:picked_up":{"iceandfire:dragon_skull_lightning":1,"minecraft:wheat":1,"minecraft:crafting_table":23,"minecraft:azure_bluet":5,"minecraft:light_blue_concrete":3,"cataclysm:monstrous_horn":1,"minecraft:leather_leggings":2,"spelunkery:rough_emerald":1,"minecraft:wooden_pickaxe":2,"biomesoplenty:violet":4,"minecraft:string":4,"minecraft:iron_axe":1,"minecraft:orange_concrete":3,"minecraft:iron_leggings":3,"minecraft:smooth_stone":1,"biomesoplenty:black_sand":2,"minecraft:gold_nugget":673,"minecraft:cobbled_deepslate":58,"minecraft:beef":8,"minecraft:poppy":4,"minecraft:light_gray_wool":1,"minecraft:lectern":1,"minecraft:sugar_cane":26,"minecraft:egg":2,"minecraft:furnace":19,"minecraft:stick":7,"minecraft:raw_iron":70,"iceandfire:dragonbone":1,"minecraft:torch":12,"sophisticatedbackpacks:backpack":1,"minecraft:porkchop":14,"minecraft:cherry_log":8,"minecraft:diorite":15,"spelunkery:raw_magnetite_nugget":5,"minecraft:cauldron":4,"eidolon:tattered_cloth":3,"minecraft:arrow":7,"minecraft:rotten_flesh":15,"minecraft:hay_block":24,"minecraft:diamond_boots":1,"supplementaries:antique_ink":2,"alexsdelight:raw_bison":3,"supplementaries:ash":7,"minecraft:mutton":12,"minecraft:white_wool":7,"minecraft:rail":1,"minecraft:cobblestone":91,"minecraft:pink_petals":2,"spelunkery:inkcap_mushroom":1,"minecraft:basalt":1,"minecraft:glow_ink_sac":6,"eidolon:raw_silver":2,"minecraft:leather":3,"minecraft:smoker":2,"create:raw_zinc":6,"minecraft:oak_log":16,"iceandfire:ectoplasm":1,"minecraft:gunpowder":3,"minecraft:dirt":50,"minecraft:bone":12,"cataclysm:infernal_forge":1,"minecraft:wheat_seeds":9,"ad_astra:launch_pad":1,"minecraft:raw_gold":19,"minecraft:iron_ingot":70,"minecraft:stripped_oak_wood":1,"minecraft:iron_sword":1,"minecraft:oak_planks":14,"immersive_weathering:tallow":10,"minecraft:book":12,"iceandfire:chared_stone":3,"minecraft:yellow_concrete":3,"minecraft:lime_concrete":5,"minecraft:dandelion":4,"quark:oak_chest":1,"minecraft:spider_eye":2,"minecraft:leather_helmet":1,"iceandfire:chared_cobblestone":2,"minecraft:slime_ball":7,"minecraft:diamond":8,"spelunkery:raw_iron_nugget":43,"spelunkery:raw_gold_nugget":39,"minecraft:cocoa_beans":3,"minecraft:black_wool":1,"minecraft:red_concrete":4,"minecraft:coal":346,"minecraft:ender_pearl":1,"iceandfire:raw_silver":4,"minecraft:diamond_pickaxe":1},"minecraft:dropped":{"iceandfire:chared_stone":2,"minecraft:iron_ingot":83,"minecraft:bread":19,"iceandfire:raw_silver":4,"minecraft:wheat_seeds":9,"minecraft:glow_ink_sac":6,"minecraft:yellow_concrete":4,"minecraft:cobblestone":4,"eidolon:tattered_cloth":1,"spelunkery:raw_gold_nugget":12,"spelunkery:raw_iron_nugget":43,"minecraft:grass_block":1,"minecraft:dirt":8,"minecraft:diorite":1,"minecraft:torch":1,"minecraft:iron_leggings":2,"spelunkery:inkcap_mushroom":1,"minecraft:gold_nugget":13,"minecraft:iron_axe":1,"minecraft:string":3,"minecraft:dandelion":1,"minecraft:gold_ingot":1,"minecraft:bone":7,"minecraft:red_concrete":4,"minecraft:stone_axe":1,"minecraft:stone_sword":1,"alexsmobs:animal_dictionary":2,"minecraft:cobbled_deepslate":3,"minecraft:lime_concrete":4,"minecraft:wheat":1,"minecraft:orange_concrete":4,"minecraft:rotten_flesh":8,"minecraft:light_gray_wool":1,"minecraft:iron_boots":1,"minecraft:azure_bluet":4,"minecraft:light_blue_concrete":4,"minecraft:poppy":2,"supplementaries:ash":6,"minecraft:gunpowder":3,"iceandfire:chared_cobblestone":2,"minecraft:diamond_pickaxe":3,"minecraft:leather_leggings":1,"minecraft:spider_eye":2,"immersive_weathering:tallow":10,"minecraft:arrow":3,"minecraft:wooden_pickaxe":2,"minecraft:stone_pickaxe":1},"minecraft:killed_by":{"minecraft:player":3,"minecraft:creeper":1,"minecraft:vindicator":1},"minecraft:used":{"minecraft:stone_sword":8,"minecraft:orange_concrete":9,"minecraft:red_concrete":12,"minecraft:oak_sign":2,"minecraft:chest":4,"minecraft:shield":73,"minecraft:iron_sword":53,"minecraft:rotten_flesh":3,"minecraft:iron_chestplate":1,"quark:yellow_shingles_vertical_slab":39,"minecraft:torch":47,"minecraft:dirt":4,"quark:light_blue_stool":3,"minecraft:azure_bluet":1,"minecraft:stripped_spruce_log":80,"minecraft:iron_hoe":11,"minecraft:iron_axe":182,"minecraft:grass_block":34,"minecraft:iron_boots":3,"minecraft:bedrock":100,"minecraft:basalt":1,"minecraft:lime_concrete":12,"minecraft:beef":2,"iceandfire:chared_stone":1,"minecraft:furnace":25,"minecraft:egg":1,"minecraft:cobbled_deepslate":55,"minecraft:iron_leggings":1,"biomesoplenty:black_sand":3,"minecraft:cooked_mutton":5,"minecraft:diorite":14,"minecraft:diamond_boots":3,"minecraft:oak_planks":24,"minecraft:stone_pickaxe":71,"minecraft:wooden_pickaxe":16,"minecraft:cherry_planks":2,"minecraft:sugar_cane":26,"quark:gray_shingles_stairs":15,"minecraft:light_blue_concrete":10,"minecraft:crafting_table":26,"quark:red_stool":2,"minecraft:yellow_concrete":10,"minecraft:white_bed":1,"minecraft:smoker":2,"minecraft:diamond_pickaxe":13,"supplementaries:bellows":1,"quark:purple_stool":2,"minecraft:bread":33,"minecraft:barrier":349,"minecraft:iron_pickaxe":374,"cataclysm:netherite_monstrosity_spawn_egg":1,"ad_astra:launch_pad":2,"minecraft:stone_axe":23,"minecraft:pink_petals":2,"minecraft:cobblestone":31,"minecraft:cooked_porkchop":14,"alexsmobs:animal_dictionary":2},"minecraft:broken":{"minecraft:shield":1,"minecraft:iron_axe":1,"minecraft:iron_pickaxe":1},"minecraft:mined":{"create:zinc_ore":6,"eidolon:deep_silver_ore":2,"minecraft:tuff":1,"iceandfire:silver_ore":4,"minecraft:light_blue_concrete":2,"minecraft:cherry_log":8,"biomesoplenty:bush":1,"minecraft:grass_block":6,"spelunkery:dust":1,"minecraft:smooth_stone":1,"minecraft:orange_concrete":2,"spelunkery:diorite_coal_ore":10,"minecraft:hay_block":18,"minecraft:furnace":19,"minecraft:iron_ore":31,"spelunkery:tuff_gold_ore":5,"biomesoplenty:lavender":1,"minecraft:azure_bluet":1,"minecraft:water_cauldron":4,"minecraft:bookshelf":4,"iceandfire:gold_pile":87,"minecraft:deepslate_iron_ore":18,"minecraft:stone":74,"iceandfire:chared_cobblestone":1,"immersive_weathering:oak_leaf_pile":3,"quark:oak_chest":1,"minecraft:smoker":2,"biomesoplenty:black_sand":2,"minecraft:dandelion":1,"minecraft:crafting_table":22,"spelunkery:diorite_iron_ore":16,"minecraft:torch":3,"minecraft:emerald_ore":1,"minecraft:lectern":1,"spelunkery:inkcap_mushroom":1,"minecraft:tall_grass":1,"minecraft:cobblestone":11,"biomesoplenty:sprout":1,"biomesoplenty:huge_clover_petal":4,"minecraft:deepslate_gold_ore":9,"minecraft:red_concrete":3,"minecraft:oak_planks":13,"minecraft:sugar_cane":9,"minecraft:diorite":15,"minecraft:wall_torch":3,"minecraft:pink_petals":1,"supplementaries:urn":5,"minecraft:stripped_oak_wood":1,"minecraft:lime_concrete":4,"minecraft:grass":8,"biomesoplenty:clover":6,"minecraft:coal_ore":85,"minecraft:oak_log":17,"minecraft:cherry_leaves":1,"minecraft:yellow_concrete":2,"minecraft:dirt":4,"minecraft:gold_ore":6,"minecraft:oak_leaves":1,"minecraft:deepslate":47,"iceandfire:chared_stone":3},"minecraft:crafted":{"minecraft:cherry_planks":8,"minecraft:oak_planks":17,"minecraft:oak_sign":2,"minecraft:furnace":6,"minecraft:cooked_mutton":12,"alexsdelight:cooked_bison":3,"minecraft:iron_boots":1,"minecraft:iron_axe":2,"minecraft:iron_hoe":1,"minecraft:stone_pickaxe":1,"minecraft:chest":4,"minecraft:wheat":24,"minecraft:cooked_beef":6,"minecraft:cooked_porkchop":14,"minecraft:crafting_table":3,"minecraft:wooden_pickaxe":1,"minecraft:iron_helmet":1,"minecraft:iron_sword":2,"minecraft:stone_axe":1,"minecraft:bread":72,"minecraft:air":558,"minecraft:iron_chestplate":1,"minecraft:shield":2,"minecraft:raw_gold":3,"minecraft:stick":10,"quark:oak_chest":3,"minecraft:iron_pickaxe":2,"minecraft:iron_ingot":63,"minecraft:stone_sword":1,"minecraft:gold_ingot":96,"minecraft:iron_leggings":1,"minecraft:white_bed":1,"minecraft:torch":10},"minecraft:killed":{"minecraft:spider":10,"minecraft:skeleton":26,"eidolon:wraith":2,"alexsmobs:bison":2,"minecraft:pig":16,"minecraft:iron_golem":2,"minecraft:creeper":2,"minecraft:sheep":24,"minecraft:zombie":30,"iceandfire:ghost":10,"minecraft:player":3,"minecraft:enderman":2,"minecraft:cow":10},"minecraft:custom":{"minecraft:mob_kills":69,"minecraft:interact_with_crafting_table":45,"minecraft:open_barrel":7,"minecraft:damage_dealt_resisted":199,"minecraft:leave_game":2,"minecraft:time_since_death":24271,"minecraft:climb_one_cm":330,"minecraft:sprint_one_cm":405754,"minecraft:walk_one_cm":272184,"minecraft:damage_blocked_by_shield":3781,"minecraft:drop":175,"minecraft:damage_dealt_absorbed":160,"minecraft:talked_to_villager":6,"minecraft:play_time":227306,"minecraft:deaths":6,"minecraft:sneak_time":11647,"minecraft:walk_under_water_one_cm":6866,"minecraft:jump":4768,"minecraft:walk_on_water_one_cm":24411,"minecraft:total_world_time":227306,"minecraft:interact_with_furnace":137,"minecraft:sleep_in_bed":2,"minecraft:time_since_rest":24298,"minecraft:damage_taken":3724,"minecraft:damage_dealt":15680,"minecraft:swim_one_cm":8316,"minecraft:fly_one_cm":1368426,"minecraft:player_kills":7,"minecraft:open_chest":56,"minecraft:crouch_one_cm":21392,"minecraft:interact_with_smoker":15,"minecraft:fall_one_cm":151771}},"DataVersion":3465}