{"stats":{"minecraft:dropped":{"minecraft:red_concrete":4,"alexsmobs:animal_dictionary":2,"minecraft:lime_concrete":4,"minecraft:yellow_concrete":4,"minecraft:orange_concrete":4,"minecraft:rotten_flesh":2,"minecraft:light_blue_concrete":4,"minecraft:grass_block":1,"minecraft:torch":1,"minecraft:diamond_pickaxe":3,"minecraft:wooden_pickaxe":1},"minecraft:picked_up":{"minecraft:pink_petals":2,"minecraft:crafting_table":9,"spelunkery:inkcap_mushroom":1,"minecraft:light_blue_concrete":3,"cataclysm:monstrous_horn":1,"eidolon:raw_silver":2,"spelunkery:rough_emerald":1,"minecraft:wooden_pickaxe":2,"minecraft:smoker":1,"create:raw_zinc":6,"minecraft:string":1,"minecraft:dirt":13,"minecraft:orange_concrete":3,"minecraft:bone":3,"cataclysm:infernal_forge":1,"minecraft:cobbled_deepslate":43,"ad_astra:launch_pad":1,"minecraft:raw_gold":11,"minecraft:furnace":6,"iceandfire:chared_stone":1,"minecraft:raw_iron":54,"minecraft:yellow_concrete":3,"minecraft:torch":5,"minecraft:lime_concrete":5,"minecraft:cherry_log":8,"minecraft:diorite":15,"spelunkery:raw_magnetite_nugget":3,"minecraft:spider_eye":1,"eidolon:tattered_cloth":1,"minecraft:arrow":1,"minecraft:rotten_flesh":5,"supplementaries:antique_ink":2,"spelunkery:raw_iron_nugget":27,"spelunkery:raw_gold_nugget":17,"minecraft:rail":1,"minecraft:red_concrete":4,"minecraft:mutton":3,"minecraft:coal":223,"iceandfire:raw_silver":4,"minecraft:white_wool":3,"minecraft:cobblestone":80,"minecraft:diamond_pickaxe":1},"minecraft:killed_by":{"minecraft:player":3},"minecraft:used":{"minecraft:cooked_mutton":3,"minecraft:diorite":14,"minecraft:stone_sword":8,"minecraft:orange_concrete":9,"minecraft:red_concrete":12,"minecraft:stone_pickaxe":71,"minecraft:shield":12,"minecraft:wooden_pickaxe":16,"minecraft:cherry_planks":1,"minecraft:iron_sword":8,"minecraft:rotten_flesh":3,"minecraft:iron_chestplate":1,"quark:yellow_shingles_vertical_slab":39,"minecraft:torch":34,"quark:gray_shingles_stairs":15,"minecraft:light_blue_concrete":10,"quark:light_blue_stool":3,"minecraft:crafting_table":9,"quark:red_stool":2,"minecraft:yellow_concrete":10,"minecraft:stripped_spruce_log":80,"minecraft:diamond_pickaxe":13,"supplementaries:bellows":1,"quark:purple_stool":2,"minecraft:iron_axe":1,"minecraft:grass_block":34,"minecraft:barrier":349,"minecraft:iron_pickaxe":218,"minecraft:iron_boots":1,"cataclysm:netherite_monstrosity_spawn_egg":1,"ad_astra:launch_pad":2,"minecraft:bedrock":100,"minecraft:stone_axe":23,"minecraft:pink_petals":2,"minecraft:lime_concrete":12,"minecraft:cobblestone":22,"iceandfire:chared_stone":1,"minecraft:furnace":7,"alexsmobs:animal_dictionary":2,"minecraft:cobbled_deepslate":25,"minecraft:iron_leggings":1},"minecraft:mined":{"create:zinc_ore":6,"eidolon:deep_silver_ore":2,"iceandfire:silver_ore":4,"minecraft:light_blue_concrete":2,"minecraft:smoker":1,"minecraft:cherry_log":8,"spelunkery:diorite_iron_ore":16,"minecraft:crafting_table":8,"minecraft:torch":1,"minecraft:emerald_ore":1,"spelunkery:inkcap_mushroom":1,"minecraft:cobblestone":2,"minecraft:deepslate_gold_ore":5,"minecraft:red_concrete":3,"minecraft:diorite":15,"spelunkery:dust":1,"minecraft:wall_torch":2,"supplementaries:urn":1,"minecraft:pink_petals":1,"spelunkery:diorite_coal_ore":10,"minecraft:orange_concrete":2,"minecraft:furnace":6,"minecraft:iron_ore":25,"minecraft:lime_concrete":4,"minecraft:coal_ore":85,"minecraft:deepslate_iron_ore":13,"minecraft:cherry_leaves":1,"minecraft:yellow_concrete":2,"minecraft:stone":74,"minecraft:deepslate":32,"minecraft:gold_ore":6,"iceandfire:chared_stone":1},"minecraft:crafted":{"minecraft:cherry_planks":8,"minecraft:crafting_table":2,"minecraft:wooden_pickaxe":1,"minecraft:iron_helmet":1,"minecraft:iron_sword":1,"minecraft:furnace":4,"minecraft:stone_axe":1,"minecraft:cooked_mutton":3,"minecraft:air":96,"minecraft:iron_chestplate":1,"minecraft:iron_boots":1,"minecraft:shield":1,"minecraft:iron_axe":1,"minecraft:stick":5,"minecraft:iron_pickaxe":1,"minecraft:iron_ingot":34,"minecraft:stone_pickaxe":1,"minecraft:stone_sword":1,"minecraft:iron_leggings":1,"minecraft:white_bed":1,"minecraft:torch":8},"minecraft:killed":{"minecraft:spider":4,"minecraft:skeleton":6,"minecraft:sheep":6,"minecraft:zombie":8,"minecraft:player":3},"minecraft:custom":{"minecraft:interact_with_furnace":65,"minecraft:mob_kills":13,"minecraft:interact_with_crafting_table":17,"minecraft:open_barrel":7,"minecraft:leave_game":1,"minecraft:time_since_death":100841,"minecraft:time_since_rest":100865,"minecraft:sprint_one_cm":75741,"minecraft:damage_taken":852,"minecraft:walk_one_cm":101063,"minecraft:damage_blocked_by_shield":780,"minecraft:drop":29,"minecraft:damage_dealt":3405,"minecraft:fly_one_cm":340346,"minecraft:player_kills":7,"minecraft:open_chest":2,"minecraft:crouch_one_cm":16302,"minecraft:play_time":122344,"minecraft:deaths":4,"minecraft:sneak_time":9185,"minecraft:walk_under_water_one_cm":283,"minecraft:jump":1101,"minecraft:walk_on_water_one_cm":2108,"minecraft:total_world_time":122344,"minecraft:fall_one_cm":27349}},"DataVersion":3465}