{"stats":{"minecraft:picked_up":{"minecraft:crafting_table":13,"cataclysm:monstrous_horn":1,"minecraft:light_blue_concrete":3,"spelunkery:rough_emerald":1,"minecraft:wooden_pickaxe":2,"minecraft:string":1,"minecraft:orange_concrete":3,"minecraft:gold_nugget":565,"minecraft:cobbled_deepslate":58,"minecraft:furnace":7,"minecraft:raw_iron":64,"minecraft:stick":4,"minecraft:torch":5,"minecraft:cherry_log":8,"minecraft:diorite":15,"spelunkery:raw_magnetite_nugget":4,"eidolon:tattered_cloth":1,"minecraft:arrow":2,"minecraft:rotten_flesh":6,"minecraft:diamond_boots":1,"supplementaries:antique_ink":2,"minecraft:hay_block":6,"supplementaries:ash":6,"minecraft:mutton":3,"minecraft:cobblestone":80,"minecraft:white_wool":3,"minecraft:rail":1,"minecraft:pink_petals":2,"spelunkery:inkcap_mushroom":1,"minecraft:glow_ink_sac":3,"eidolon:raw_silver":2,"minecraft:smoker":1,"create:raw_zinc":6,"minecraft:dirt":13,"minecraft:bone":4,"cataclysm:infernal_forge":1,"ad_astra:launch_pad":1,"minecraft:raw_gold":16,"minecraft:iron_ingot":62,"iceandfire:chared_stone":1,"minecraft:yellow_concrete":3,"minecraft:lime_concrete":5,"minecraft:spider_eye":1,"iceandfire:chared_cobblestone":1,"minecraft:diamond":8,"spelunkery:raw_iron_nugget":43,"spelunkery:raw_gold_nugget":32,"minecraft:red_concrete":4,"minecraft:coal":271,"iceandfire:raw_silver":4,"minecraft:diamond_pickaxe":1},"minecraft:dropped":{"minecraft:iron_ingot":38,"iceandfire:raw_silver":4,"minecraft:glow_ink_sac":3,"minecraft:yellow_concrete":4,"eidolon:tattered_cloth":1,"minecraft:grass_block":1,"minecraft:diorite":1,"minecraft:torch":1,"spelunkery:inkcap_mushroom":1,"minecraft:gold_nugget":1,"minecraft:bone":4,"minecraft:red_concrete":4,"minecraft:stone_axe":1,"minecraft:stone_sword":1,"alexsmobs:animal_dictionary":2,"minecraft:lime_concrete":4,"minecraft:orange_concrete":4,"minecraft:rotten_flesh":2,"minecraft:light_blue_concrete":4,"iceandfire:chared_cobblestone":1,"minecraft:diamond_pickaxe":3,"minecraft:spider_eye":1,"minecraft:stone_pickaxe":1,"minecraft:wooden_pickaxe":2},"minecraft:killed_by":{"minecraft:player":3},"minecraft:used":{"minecraft:stone_sword":8,"minecraft:orange_concrete":9,"minecraft:red_concrete":12,"minecraft:shield":15,"minecraft:iron_sword":18,"minecraft:rotten_flesh":3,"minecraft:iron_chestplate":1,"quark:yellow_shingles_vertical_slab":39,"minecraft:torch":42,"quark:light_blue_stool":3,"minecraft:stripped_spruce_log":80,"minecraft:grass_block":34,"minecraft:iron_axe":8,"minecraft:iron_boots":3,"minecraft:bedrock":100,"minecraft:lime_concrete":12,"iceandfire:chared_stone":1,"minecraft:furnace":8,"minecraft:cobbled_deepslate":25,"minecraft:iron_leggings":1,"minecraft:cooked_mutton":3,"minecraft:diorite":14,"minecraft:diamond_boots":2,"minecraft:stone_pickaxe":71,"minecraft:wooden_pickaxe":16,"minecraft:cherry_planks":2,"quark:gray_shingles_stairs":15,"minecraft:light_blue_concrete":10,"minecraft:crafting_table":15,"quark:red_stool":2,"minecraft:yellow_concrete":10,"minecraft:diamond_pickaxe":13,"supplementaries:bellows":1,"quark:purple_stool":2,"minecraft:bread":6,"minecraft:barrier":349,"minecraft:iron_pickaxe":320,"ad_astra:launch_pad":2,"cataclysm:netherite_monstrosity_spawn_egg":1,"minecraft:pink_petals":2,"minecraft:stone_axe":23,"minecraft:cobblestone":22,"alexsmobs:animal_dictionary":2},"minecraft:broken":{"minecraft:iron_pickaxe":1},"minecraft:mined":{"create:zinc_ore":6,"minecraft:tuff":1,"eidolon:deep_silver_ore":2,"iceandfire:silver_ore":4,"minecraft:light_blue_concrete":2,"minecraft:cherry_log":8,"spelunkery:dust":1,"spelunkery:diorite_coal_ore":10,"minecraft:orange_concrete":2,"minecraft:furnace":7,"minecraft:iron_ore":25,"spelunkery:tuff_gold_ore":2,"minecraft:deepslate_iron_ore":18,"iceandfire:gold_pile":73,"minecraft:stone":74,"minecraft:smoker":1,"minecraft:crafting_table":12,"spelunkery:diorite_iron_ore":16,"minecraft:torch":1,"minecraft:emerald_ore":1,"spelunkery:inkcap_mushroom":1,"minecraft:cobblestone":2,"minecraft:deepslate_gold_ore":9,"minecraft:red_concrete":3,"minecraft:diorite":15,"minecraft:wall_torch":2,"minecraft:pink_petals":1,"supplementaries:urn":4,"minecraft:lime_concrete":4,"minecraft:coal_ore":85,"minecraft:cherry_leaves":1,"minecraft:yellow_concrete":2,"minecraft:gold_ore":6,"minecraft:deepslate":47,"iceandfire:chared_stone":1},"minecraft:crafted":{"minecraft:cherry_planks":8,"minecraft:furnace":4,"minecraft:cooked_mutton":3,"minecraft:iron_boots":1,"minecraft:iron_axe":1,"minecraft:stone_pickaxe":1,"minecraft:wheat":6,"minecraft:crafting_table":2,"minecraft:wooden_pickaxe":1,"minecraft:iron_helmet":1,"minecraft:iron_sword":1,"minecraft:stone_axe":1,"minecraft:bread":18,"minecraft:air":242,"minecraft:iron_chestplate":1,"minecraft:shield":1,"minecraft:raw_gold":3,"minecraft:stick":5,"minecraft:iron_ingot":35,"minecraft:iron_pickaxe":2,"minecraft:stone_sword":1,"minecraft:gold_ingot":63,"minecraft:iron_leggings":1,"minecraft:white_bed":1,"minecraft:torch":10},"minecraft:killed":{"minecraft:spider":4,"minecraft:skeleton":8,"minecraft:sheep":6,"minecraft:zombie":10,"minecraft:player":3},"minecraft:custom":{"minecraft:mob_kills":15,"minecraft:interact_with_crafting_table":28,"minecraft:open_barrel":7,"minecraft:leave_game":1,"minecraft:time_since_death":112841,"minecraft:sprint_one_cm":90315,"minecraft:walk_one_cm":116925,"minecraft:damage_blocked_by_shield":960,"minecraft:drop":80,"minecraft:play_time":134344,"minecraft:deaths":4,"minecraft:sneak_time":10090,"minecraft:walk_under_water_one_cm":5591,"minecraft:jump":1268,"minecraft:walk_on_water_one_cm":20485,"minecraft:total_world_time":134344,"minecraft:interact_with_furnace":68,"minecraft:time_since_rest":112865,"minecraft:damage_taken":1063,"minecraft:damage_dealt":4139,"minecraft:player_kills":7,"minecraft:fly_one_cm":596482,"minecraft:open_chest":10,"minecraft:crouch_one_cm":16839,"minecraft:fall_one_cm":29243}},"DataVersion":3465}