{"stats":{"minecraft:dropped":{"minecraft:red_concrete":4,"alexsmobs:animal_dictionary":2,"minecraft:lime_concrete":4,"minecraft:yellow_concrete":4,"minecraft:orange_concrete":4,"minecraft:light_blue_concrete":4,"minecraft:grass_block":1,"minecraft:diamond_pickaxe":3},"minecraft:picked_up":{"minecraft:pink_petals":2,"minecraft:crafting_table":3,"minecraft:light_blue_concrete":3,"cataclysm:monstrous_horn":1,"minecraft:wooden_pickaxe":1,"minecraft:dirt":13,"minecraft:orange_concrete":3,"cataclysm:infernal_forge":1,"ad_astra:launch_pad":1,"minecraft:raw_iron":4,"minecraft:yellow_concrete":3,"minecraft:lime_concrete":5,"minecraft:cherry_log":8,"minecraft:red_concrete":4,"minecraft:mutton":3,"minecraft:coal":34,"minecraft:white_wool":3,"minecraft:cobblestone":24,"minecraft:diamond_pickaxe":1},"minecraft:killed_by":{"minecraft:player":3},"minecraft:used":{"minecraft:orange_concrete":9,"minecraft:red_concrete":12,"minecraft:stone_pickaxe":46,"minecraft:wooden_pickaxe":16,"quark:yellow_shingles_vertical_slab":39,"minecraft:torch":1,"quark:gray_shingles_stairs":15,"minecraft:light_blue_concrete":10,"quark:light_blue_stool":3,"minecraft:crafting_table":3,"quark:red_stool":2,"minecraft:yellow_concrete":10,"minecraft:stripped_spruce_log":80,"minecraft:diamond_pickaxe":13,"supplementaries:bellows":1,"quark:purple_stool":2,"minecraft:grass_block":34,"minecraft:barrier":349,"cataclysm:netherite_monstrosity_spawn_egg":1,"ad_astra:launch_pad":2,"minecraft:bedrock":100,"minecraft:stone_axe":6,"minecraft:pink_petals":2,"minecraft:lime_concrete":12,"minecraft:cobblestone":6,"alexsmobs:animal_dictionary":2},"minecraft:mined":{"minecraft:light_blue_concrete":2,"minecraft:cherry_log":8,"minecraft:crafting_table":3,"minecraft:red_concrete":3,"minecraft:pink_petals":1,"minecraft:orange_concrete":2,"minecraft:iron_ore":4,"minecraft:lime_concrete":4,"minecraft:coal_ore":35,"minecraft:cherry_leaves":1,"minecraft:yellow_concrete":2,"minecraft:stone":23},"minecraft:crafted":{"minecraft:cherry_planks":8,"minecraft:crafting_table":2,"minecraft:wooden_pickaxe":1,"minecraft:furnace":1,"minecraft:stone_axe":1,"minecraft:air":67,"minecraft:stick":3,"minecraft:stone_pickaxe":1,"minecraft:stone_sword":1,"minecraft:torch":5},"minecraft:killed":{"minecraft:sheep":6,"minecraft:player":3},"minecraft:custom":{"minecraft:mob_kills":3,"minecraft:interact_with_crafting_table":3,"minecraft:leave_game":1,"minecraft:time_since_death":76841,"minecraft:time_since_rest":76865,"minecraft:sprint_one_cm":22935,"minecraft:damage_taken":490,"minecraft:walk_one_cm":64885,"minecraft:drop":26,"minecraft:damage_dealt":1442,"minecraft:fly_one_cm":268935,"minecraft:player_kills":6,"minecraft:crouch_one_cm":5633,"minecraft:play_time":98344,"minecraft:deaths":4,"minecraft:sneak_time":4268,"minecraft:jump":613,"minecraft:total_world_time":98344,"minecraft:fall_one_cm":9825}},"DataVersion":3465}