{"stats":{"minecraft:mined":{"create:deepslate_zinc_ore":3,"spelunkery:nephrite":1,"minecraft:farmland":27,"minecraft:light_blue_concrete":2,"iceandfire:copper_pile":6,"minecraft:sculk_vein":1,"minecraft:cherry_log":8,"minecraft:brewing_stand":2,"minecraft:carved_pumpkin":3,"minecraft:grass_block":64,"friendsandfoes:oxidized_lightning_rod":3,"iceandfire:lectern":1,"spelunkery:andesite_lapis_ore":1,"minecraft:composter":1,"minecraft:oxeye_daisy":1,"spelunkery:dust":1,"minecraft:spawner":1,"minecraft:orange_concrete":2,"minecraft:smooth_stone":1,"minecraft:sculk_catalyst":7,"minecraft:iron_ore":81,"biomesoplenty:lavender":1,"minecraft:moss_carpet":1,"minecraft:anvil":2,"minecraft:deepslate_lapis_ore":19,"minecraft:azure_bluet":6,"create:asurine":1,"minecraft:sculk_shrieker":2,"supplementaries:stick":7,"minecraft:pointed_dripstone":1,"minecraft:dirt_path":19,"iceandfire:gold_pile":87,"minecraft:water_cauldron":4,"biomesoplenty:webbing":14,"immersive_weathering:loam":4,"create:limestone":1,"immersive_weathering:oak_leaf_pile":43,"iceandfire:chared_cobblestone":1,"eidolon:lead_ore":2,"minecraft:smoker":3,"immersive_weathering:spruce_leaf_pile":12,"minecraft:amethyst_cluster":4,"iceandfire:podium_acacia":2,"minecraft:torch":7,"minecraft:blast_furnace":1,"minecraft:poppy":1,"minecraft:calcite":4,"immersive_weathering:grassy_silt":1,"minecraft:oxidized_copper":3,"spelunkery:inkcap_mushroom":1,"minecraft:cobblestone":45,"minecraft:sugar_cane":37,"minecraft:oak_planks":21,"minecraft:wall_torch":9,"minecraft:amethyst_block":18,"minecraft:pink_petals":4,"eidolon:deep_lead_ore":4,"minecraft:wheat":2,"minecraft:stripped_oak_wood":2,"minecraft:lime_concrete":4,"minecraft:grass":64,"biomesoplenty:clover":39,"minecraft:oak_log":151,"minecraft:sand":28,"minecraft:dirt":98,"minecraft:smooth_basalt":3,"minecraft:oak_leaves":49,"minecraft:deepslate":87,"iceandfire:chared_stone":3,"create:zinc_ore":6,"minecraft:tuff":6,"eidolon:deep_silver_ore":9,"iceandfire:silver_ore":8,"minecraft:deepslate_diamond_ore":4,"minecraft:glow_lichen":1,"biomesoplenty:bush":9,"minecraft:allium":2,"sawmill:sawmill":1,"minecraft:decorated_pot":1,"iceandfire:deepslate_silver_ore":2,"minecraft:spruce_leaves":74,"minecraft:cartography_table":3,"spelunkery:diorite_coal_ore":10,"minecraft:hay_block":82,"farmersdelight:wild_onions":3,"minecraft:redstone_ore":16,"minecraft:furnace":23,"minecraft:carrots":2,"spelunkery:tuff_gold_ore":9,"spelunkery:granite_iron_ore":1,"minecraft:andesite":6,"minecraft:gold_block":1,"minecraft:bookshelf":14,"biomesoplenty:high_grass":38,"minecraft:deepslate_iron_ore":29,"minecraft:stripped_oak_log":1,"immersive_weathering:silt":1,"minecraft:stone":345,"minecraft:oak_slab":2,"betterarcheology:archeology_table":1,"quark:oak_chest":2,"biomesoplenty:orange_sand":59,"biomesoplenty:black_sand":2,"minecraft:dandelion":11,"minecraft:crafting_table":24,"spelunkery:diorite_iron_ore":16,"minecraft:emerald_ore":1,"spelunkery:andesite_iron_ore":13,"minecraft:rose_bush":1,"minecraft:sculk_sensor":8,"minecraft:lectern":2,"biomesoplenty:high_grass_plant":51,"minecraft:tall_grass":5,"minecraft:deepslate_gold_ore":21,"minecraft:lapis_ore":11,"biomesoplenty:sprout":1,"biomesoplenty:huge_clover_petal":16,"minecraft:red_concrete":3,"delightful:wild_salmonberries":18,"minecraft:sculk":5150,"minecraft:diorite":15,"supplementaries:urn":36,"minecraft:coarse_dirt":15,"spelunkery:phosphor_fungus":1,"minecraft:spruce_log":7,"minecraft:yellow_bed":1,"minecraft:coal_ore":92,"quark:monster_box":1,"minecraft:cherry_leaves":1,"minecraft:yellow_concrete":2,"minecraft:dripstone_block":2,"biomesoplenty:stringy_cobweb":5,"minecraft:cobweb":71,"minecraft:gold_ore":16,"minecraft:chipped_anvil":1},"minecraft:picked_up":{"quark:diamond_heart":2,"minecraft:wheat":1,"minecraft:light_blue_concrete":3,"cataclysm:monstrous_horn":1,"minecraft:anvil":2,"biomesoplenty:violet":4,"minecraft:brewing_stand":2,"minecraft:amethyst_block":12,"minecraft:string":107,"create:limestone":1,"minecraft:iron_leggings":3,"minecraft:zombie_head":3,"minecraft:smooth_stone":1,"minecraft:gold_nugget":673,"minecraft:cobbled_deepslate":100,"delightful:acorn":2,"minecraft:rose_bush":1,"minecraft:calcite":4,"minecraft:furnace":23,"minecraft:stick":36,"minecraft:composter":1,"delightful:cheeseburger":1,"miners_delight:silverfish_eggs":1,"minecraft:torch":73,"minecraft:porkchop":22,"minecraft:cherry_log":8,"minecraft:pointed_dripstone":1,"minecraft:diorite":15,"alexsmobs:centipede_leg":1,"minecraft:cauldron":4,"eidolon:tattered_cloth":9,"minecraft:rotten_flesh":32,"farmersdelight:onion":3,"supplementaries:antique_ink":2,"minecraft:iron_block":5,"alexsdelight:raw_bison":3,"create:asurine":1,"minecraft:carved_pumpkin":3,"supplementaries:ash":89,"minecraft:cobblestone":393,"minecraft:pink_petals":3,"spelunkery:inkcap_mushroom":1,"minecraft:oxidized_copper":3,"eidolon:raw_silver":8,"minecraft:andesite":5,"minecraft:brown_wool":1,"minecraft:smoker":3,"minecraft:potato":5,"immersive_weathering:silt":2,"spelunkery:rough_cinnabar":22,"minecraft:tuff":13,"create:raw_zinc":9,"supplementaries:flax_seeds":3,"minecraft:lapis_lazuli":4,"minecraft:dirt":241,"minecraft:bone":40,"minecraft:chipped_anvil":1,"minecraft:bow":1,"minecraft:wheat_seeds":33,"betterarcheology:archeology_table":1,"ad_astra:launch_pad":1,"minecraft:raw_gold":45,"spelunkery:raw_zinc_nugget":5,"minecraft:oak_planks":21,"immersive_weathering:tallow":18,"spelunkery:rough_diamond_shard":7,"minecraft:sand":27,"minecraft:lily_of_the_valley":1,"iceandfire:chared_cobblestone":2,"eidolon:raw_lead":4,"minecraft:diamond":8,"spelunkery:rough_lazurite_shard":78,"iceandfire:lectern":1,"minecraft:golden_horse_armor":1,"minecraft:emerald":9,"spelunkery:raw_gold_nugget":84,"minecraft:oak_sapling":15,"iceandfire:raw_silver":10,"minecraft:diamond_pickaxe":2,"iceandfire:dragon_skull_lightning":3,"minecraft:cocoa_beans":3,"minecraft:coarse_dirt":15,"minecraft:crafting_table":25,"minecraft:allium":6,"minecraft:azure_bluet":9,"spelunkery:rough_emerald":1,"minecraft:leather_leggings":2,"minecraft:wooden_pickaxe":2,"minecraft:gold_block":1,"minecraft:orange_concrete":3,"minecraft:iron_axe":1,"supplementaries:bomb":3,"iceandfire:bestiary":2,"minecraft:cartography_table":3,"biomesoplenty:black_sand":2,"minecraft:beef":42,"spelunkery:nephrite_chunk":4,"farmersdelight:straw":2,"sawmill:sawmill":1,"minecraft:iron_nugget":42,"minecraft:poppy":5,"minecraft:light_gray_wool":1,"minecraft:lectern":2,"minecraft:sugar_cane":91,"iceandfire:podium_acacia":2,"minecraft:egg":2,"minecraft:raw_iron":192,"iceandfire:dragonbone":1,"immersive_weathering:acacia_bark":2,"farmersdelight:minced_beef":14,"sophisticatedbackpacks:backpack":1,"spelunkery:raw_magnetite_nugget":6,"minecraft:carrot":14,"minecraft:redstone":13,"minecraft:arrow":21,"minecraft:diamond_boots":4,"minecraft:hay_block":88,"minecraft:mutton":30,"minecraft:rail":2,"minecraft:white_wool":18,"biomesoplenty:orange_sand":59,"minecraft:stripped_oak_log":1,"minecraft:basalt":1,"minecraft:glow_ink_sac":10,"minecraft:leather":32,"quark:smithing_template_rune":1,"minecraft:oak_log":148,"iceandfire:ectoplasm":1,"minecraft:yellow_bed":1,"minecraft:gunpowder":9,"cataclysm:infernal_forge":1,"minecraft:apple":6,"minecraft:rabbit_hide":5,"minecraft:iron_ingot":127,"spelunkery:rough_lazurite":48,"minecraft:stripped_oak_wood":2,"minecraft:iron_sword":1,"minecraft:book":42,"iceandfire:chared_stone":3,"minecraft:oak_slab":1,"iceandfire:copper_nugget":50,"minecraft:smooth_basalt":3,"friendsandfoes:oxidized_lightning_rod":3,"minecraft:yellow_concrete":3,"minecraft:dandelion":14,"minecraft:lime_concrete":5,"minecraft:dripstone_block":2,"minecraft:amethyst_shard":16,"minecraft:spruce_sapling":7,"minecraft:blast_furnace":1,"delightful:salmonberries":18,"minecraft:spruce_log":2,"quark:oak_chest":2,"minecraft:spider_eye":5,"minecraft:leather_helmet":1,"minecraft:slime_ball":24,"eidolon:lead_ingot":1,"spelunkery:rough_diamond":4,"spelunkery:raw_iron_nugget":71,"minecraft:black_wool":1,"minecraft:melon_seeds":1,"minecraft:red_concrete":4,"minecraft:coal":388,"minecraft:ender_pearl":1},"minecraft:crafted":{"minecraft:smooth_stone":6,"minecraft:oak_planks":53,"minecraft:oak_sign":2,"minecraft:stone":3,"sophisticatedbackpacks:crafting_upgrade":1,"minecraft:bookshelf":6,"minecraft:cooked_mutton":12,"minecraft:iron_boots":1,"minecraft:chest":6,"minecraft:oak_slab":3,"minecraft:cooked_porkchop":14,"minecraft:crafting_table":4,"minecraft:spruce_planks":8,"farmersdelight:iron_knife":1,"minecraft:wooden_pickaxe":1,"minecraft:iron_helmet":1,"create:sand_paper":3,"sophisticatedbackpacks:upgrade_base":4,"farmersdelight:beef_patty":14,"minecraft:charcoal":3,"minecraft:paper":3,"minecraft:iron_chestplate":1,"minecraft:shield":4,"minecraft:stick":27,"quark:oak_chest":6,"minecraft:iron_ingot":147,"minecraft:iron_pickaxe":5,"minecraft:stone_sword":1,"minecraft:gold_ingot":96,"sophisticatedbackpacks:blasting_upgrade":1,"minecraft:cherry_planks":8,"minecraft:furnace":7,"minecraft:blast_furnace":1,"alexsdelight:cooked_bison":3,"minecraft:iron_axe":3,"minecraft:iron_hoe":12,"minecraft:stone_pickaxe":1,"sophisticatedbackpacks:iron_backpack":1,"minecraft:wheat":330,"minecraft:cooked_beef":25,"minecraft:iron_sword":3,"sophisticatedbackpacks:gold_backpack":1,"minecraft:stone_axe":1,"minecraft:bread":174,"minecraft:air":845,"minecraft:raw_gold":3,"minecraft:iron_shovel":1,"minecraft:iron_leggings":1,"minecraft:white_bed":2,"minecraft:torch":29},"minecraft:custom":{"minecraft:interact_with_crafting_table":71,"minecraft:open_barrel":24,"minecraft:leave_game":6,"minecraft:time_since_death":42552,"minecraft:sprint_one_cm":993419,"minecraft:damage_blocked_by_shield":9556,"minecraft:drop":223,"minecraft:talked_to_villager":7,"minecraft:play_time":483011,"minecraft:deaths":7,"minecraft:jump":9905,"minecraft:walk_on_water_one_cm":45342,"minecraft:interact_with_furnace":206,"minecraft:interact_with_cartography_table":1,"minecraft:sleep_in_bed":4,"minecraft:damage_dealt":34667,"minecraft:player_kills":7,"minecraft:crouch_one_cm":77623,"minecraft:interact_with_smoker":22,"minecraft:interact_with_smithing_table":2,"minecraft:mob_kills":194,"minecraft:damage_dealt_resisted":199,"minecraft:climb_one_cm":976,"minecraft:walk_one_cm":634980,"minecraft:damage_dealt_absorbed":160,"minecraft:sneak_time":33301,"minecraft:walk_under_water_one_cm":12209,"minecraft:interact_with_blast_furnace":17,"minecraft:total_world_time":483011,"minecraft:time_since_rest":42591,"minecraft:damage_taken":6841,"minecraft:swim_one_cm":25785,"minecraft:fly_one_cm":2497165,"minecraft:open_chest":216,"minecraft:fall_one_cm":334663},"minecraft:used":{"minecraft:iron_shovel":260,"alexsmobs:sopa_de_macaco":1,"minecraft:oak_sign":3,"minecraft:chest":6,"minecraft:shield":173,"minecraft:iron_sword":293,"miners_delight:silverfish_eggs":1,"minecraft:rotten_flesh":3,"quark:yellow_shingles_vertical_slab":39,"minecraft:iron_chestplate":1,"quark:light_blue_stool":3,"minecraft:azure_bluet":1,"minecraft:stripped_spruce_log":80,"minecraft:grass_block":34,"minecraft:bedrock":100,"iceandfire:chared_stone":1,"minecraft:furnace":28,"minecraft:egg":1,"minecraft:diorite":14,"minecraft:diamond_boots":5,"iceandfire:podium_acacia":2,"minecraft:oak_planks":31,"minecraft:stone_pickaxe":71,"minecraft:wooden_pickaxe":16,"minecraft:sugar_cane":26,"quark:gray_shingles_stairs":15,"minecraft:white_wool":1,"minecraft:light_blue_concrete":10,"minecraft:blast_furnace":1,"minecraft:yellow_concrete":10,"supplementaries:bellows":1,"minecraft:bread":65,"minecraft:barrier":349,"ad_astra:launch_pad":2,"minecraft:coarse_dirt":2,"minecraft:cobweb":1,"minecraft:stone_sword":8,"minecraft:orange_concrete":9,"minecraft:carved_pumpkin":3,"minecraft:red_concrete":12,"minecraft:stick":6,"minecraft:torch":208,"minecraft:dirt":182,"minecraft:anvil":1,"betterarcheology:archeology_table":1,"minecraft:iron_hoe":5334,"minecraft:chipped_anvil":1,"minecraft:bookshelf":6,"minecraft:iron_axe":584,"minecraft:iron_boots":3,"minecraft:basalt":1,"minecraft:lime_concrete":12,"minecraft:beef":2,"minecraft:oxidized_copper":3,"minecraft:cooked_beef":25,"minecraft:cobbled_deepslate":68,"minecraft:iron_leggings":1,"biomesoplenty:black_sand":3,"minecraft:cooked_mutton":12,"farmersdelight:iron_knife":8,"minecraft:water_bucket":2,"minecraft:cherry_planks":2,"iceandfire:dragon_skull_lightning":3,"minecraft:rail":1,"minecraft:oak_slab":19,"minecraft:crafting_table":27,"friendsandfoes:oxidized_lightning_rod":3,"quark:red_stool":2,"immersive_weathering:silt":1,"minecraft:white_bed":2,"minecraft:smoker":2,"minecraft:oak_log":13,"minecraft:diamond_pickaxe":13,"minecraft:apple":1,"quark:purple_stool":2,"minecraft:iron_pickaxe":981,"cataclysm:netherite_monstrosity_spawn_egg":1,"minecraft:stone_axe":23,"minecraft:pink_petals":2,"minecraft:cobblestone":206,"minecraft:cooked_porkchop":14,"minecraft:bucket":3,"quark:oak_chest":1,"minecraft:yellow_bed":1,"alexsmobs:animal_dictionary":3},"minecraft:killed_by":{"minecraft:creeper":1,"minecraft:vindicator":1,"minecraft:player":3,"alexsmobs:centipede_head":1},"minecraft:killed":{"minecraft:cave_spider":18,"minecraft:spider":14,"minecraft:skeleton":70,"minecraft:pig":24,"quark:stoneling":4,"minecraft:iron_golem":2,"minecraft:creeper":6,"minecraft:sheep":48,"minecraft:pillager":2,"minecraft:zombie":70,"eidolon:zombie_brute":2,"minecraft:cow":48,"minecraft:slime":32,"minecraft:horse":2,"eidolon:wraith":14,"friendsandfoes:mauler":2,"minecraft:llama":8,"alexsmobs:bison":2,"iceandfire:ghost":10,"minecraft:player":3,"minecraft:enderman":4},"minecraft:dropped":{"iceandfire:raw_silver":4,"minecraft:oak_log":51,"minecraft:glow_ink_sac":6,"spelunkery:raw_gold_nugget":12,"eidolon:raw_silver":1,"minecraft:dirt":46,"farmersdelight:onion":3,"spelunkery:inkcap_mushroom":1,"minecraft:gold_nugget":13,"minecraft:gold_ingot":1,"minecraft:bone":7,"minecraft:stone_axe":1,"alexsmobs:animal_dictionary":2,"minecraft:cobbled_deepslate":19,"minecraft:wheat":1,"minecraft:pointed_dripstone":1,"minecraft:rotten_flesh":12,"minecraft:azure_bluet":4,"minecraft:poppy":3,"supplementaries:ash":40,"minecraft:gunpowder":5,"minecraft:melon_seeds":1,"create:limestone":1,"minecraft:leather_leggings":1,"immersive_weathering:tallow":10,"quark:smithing_template_rune":1,"minecraft:arrow":3,"minecraft:bread":19,"spelunkery:raw_zinc_nugget":1,"minecraft:iron_ingot":83,"minecraft:wheat_seeds":22,"minecraft:dripstone_block":2,"minecraft:yellow_concrete":4,"minecraft:cobblestone":91,"eidolon:tattered_cloth":1,"spelunkery:raw_iron_nugget":45,"minecraft:grass_block":1,"minecraft:diorite":1,"minecraft:torch":2,"minecraft:iron_leggings":2,"minecraft:iron_axe":1,"minecraft:string":4,"minecraft:pink_petals":1,"minecraft:smooth_basalt":3,"minecraft:dandelion":1,"minecraft:red_concrete":4,"minecraft:coarse_dirt":13,"minecraft:stone_sword":1,"minecraft:lime_concrete":4,"minecraft:tuff":7,"minecraft:raw_iron":4,"minecraft:orange_concrete":4,"minecraft:light_gray_wool":1,"minecraft:iron_boots":1,"minecraft:iron_hoe":1,"spelunkery:raw_magnetite_nugget":1,"minecraft:light_blue_concrete":4,"minecraft:lily_of_the_valley":1,"minecraft:potato":4,"iceandfire:chared_cobblestone":2,"minecraft:diamond_pickaxe":4,"minecraft:andesite":4,"minecraft:oak_sapling":10,"minecraft:spider_eye":2,"minecraft:diamond_boots":3,"minecraft:stone_pickaxe":1,"minecraft:wooden_pickaxe":2,"minecraft:calcite":4,"iceandfire:chared_stone":2},"minecraft:broken":{"minecraft:iron_shovel":1,"minecraft:iron_sword":1,"minecraft:iron_hoe":20,"minecraft:shield":4,"minecraft:iron_axe":3,"minecraft:iron_pickaxe":2,"create:sand_paper":1}},"DataVersion":3465}