{"stats":{"minecraft:picked_up":{"minecraft:dirt":13},"minecraft:dropped":{"minecraft:grass_block":1},"minecraft:killed_by":{"minecraft:player":3},"minecraft:used":{"minecraft:bedrock":25,"minecraft:grass_block":20,"minecraft:barrier":64,"alexsmobs:animal_dictionary":1},"minecraft:killed":{"minecraft:player":3},"minecraft:custom":{"minecraft:time_since_rest":4865,"minecraft:crouch_one_cm":1013,"minecraft:play_time":26344,"minecraft:sprint_one_cm":3928,"minecraft:deaths":4,"minecraft:damage_taken":412,"minecraft:walk_one_cm":21572,"minecraft:sneak_time":1124,"minecraft:drop":1,"minecraft:jump":297,"minecraft:damage_dealt":1029,"minecraft:leave_game":1,"minecraft:time_since_death":4841,"minecraft:total_world_time":26344,"minecraft:player_kills":5,"minecraft:fall_one_cm":480,"minecraft:fly_one_cm":135423}},"DataVersion":3465}