{"stats":{"minecraft:killed_by":{"minecraft:player":3},"minecraft:used":{"alexsmobs:animal_dictionary":1},"minecraft:killed":{"minecraft:player":3},"minecraft:custom":{"minecraft:jump":263,"minecraft:leave_game":1,"minecraft:time_since_rest":4305,"minecraft:crouch_one_cm":455,"minecraft:damage_dealt":994,"minecraft:deaths":3,"minecraft:sprint_one_cm":1626,"minecraft:play_time":8367,"minecraft:damage_taken":412,"minecraft:time_since_death":4274,"minecraft:walk_one_cm":10895,"minecraft:sneak_time":184,"minecraft:total_world_time":8367,"minecraft:fall_one_cm":480,"minecraft:fly_one_cm":7678,"minecraft:player_kills":5}},"DataVersion":3465}