{"stats":{"minecraft:mined":{"minecraft:tripwire_hook":1},"minecraft:picked_up":{"minecraft:sculk_catalyst":2,"minecraft:stick":2,"minecraft:anvil":2,"minecraft:brown_terracotta":21,"minecraft:diamond_sword":3,"minecraft:mace":2,"minecraft:warden_spawn_egg":1,"minecraft:red_terracotta":4,"minecraft:orange_terracotta":5,"minecraft:diamond_chestplate":3,"minecraft:diamond_leggings":3,"minecraft:netherite_sword":1,"minecraft:diamond_boots":3,"minecraft:glowstone":64,"minecraft:golden_apple":21,"minecraft:diamond_helmet":3,"minecraft:white_terracotta":5,"minecraft:terracotta":1},"minecraft:used":{"minecraft:warden_spawn_egg":2,"minecraft:brown_terracotta":1,"minecraft:mace":12,"minecraft:flint_and_steel":4,"minecraft:white_terracotta":2,"minecraft:respawn_anchor":65,"minecraft:golden_apple":1,"minecraft:glowstone":71,"minecraft:diamond_sword":21,"minecraft:anvil":1,"minecraft:terracotta":5,"minecraft:end_crystal":19,"minecraft:tnt":206,"minecraft:orange_terracotta":49,"minecraft:obsidian":20},"minecraft:dropped":{"minecraft:respawn_anchor":64,"minecraft:orange_terracotta":1,"minecraft:glowstone":64,"minecraft:brown_terracotta":22,"minecraft:terracotta":1},"minecraft:killed_by":{"minecraft:warden":1,"minecraft:player":1},"minecraft:custom":{"minecraft:time_since_rest":3478,"minecraft:sprint_one_cm":16845,"minecraft:damage_taken":921,"minecraft:walk_one_cm":17084,"minecraft:damage_absorbed":40,"minecraft:mob_kills":2,"minecraft:interact_with_anvil":1,"minecraft:drop":7,"minecraft:damage_dealt":9686,"minecraft:damage_dealt_absorbed":39,"minecraft:fly_one_cm":240867,"minecraft:player_kills":1,"minecraft:crouch_one_cm":1116,"minecraft:play_time":11974,"minecraft:deaths":5,"minecraft:sneak_time":843,"minecraft:jump":223,"minecraft:time_since_death":3452,"minecraft:total_world_time":11974,"minecraft:damage_resisted":1109227,"minecraft:fall_one_cm":7192},"minecraft:killed":{"minecraft:warden":2}},"DataVersion":3955}