{"stats":{"minecraft:picked_up":{"minecraft:wheat":1,"minecraft:light_blue_concrete":3,"cataclysm:monstrous_horn":1,"minecraft:anvil":1,"biomesoplenty:violet":4,"minecraft:brewing_stand":2,"minecraft:string":6,"minecraft:iron_leggings":3,"minecraft:cobbled_deepslate":58,"minecraft:gold_nugget":673,"minecraft:smooth_stone":1,"minecraft:furnace":19,"minecraft:stick":7,"minecraft:torch":13,"minecraft:porkchop":14,"minecraft:cherry_log":8,"minecraft:diorite":15,"minecraft:cauldron":4,"eidolon:tattered_cloth":3,"minecraft:rotten_flesh":20,"supplementaries:antique_ink":2,"alexsdelight:raw_bison":3,"minecraft:carved_pumpkin":3,"supplementaries:ash":7,"minecraft:cobblestone":101,"minecraft:pink_petals":2,"spelunkery:inkcap_mushroom":1,"minecraft:oxidized_copper":3,"eidolon:raw_silver":2,"minecraft:smoker":2,"create:raw_zinc":6,"minecraft:dirt":50,"minecraft:bone":12,"minecraft:wheat_seeds":26,"ad_astra:launch_pad":1,"minecraft:raw_gold":19,"minecraft:oak_planks":14,"immersive_weathering:tallow":10,"iceandfire:chared_cobblestone":2,"minecraft:diamond":8,"iceandfire:lectern":1,"spelunkery:raw_gold_nugget":39,"iceandfire:raw_silver":4,"minecraft:diamond_pickaxe":2,"minecraft:cocoa_beans":3,"iceandfire:dragon_skull_lightning":1,"minecraft:crafting_table":24,"minecraft:azure_bluet":5,"spelunkery:rough_emerald":1,"minecraft:leather_leggings":2,"minecraft:wooden_pickaxe":2,"minecraft:orange_concrete":3,"minecraft:iron_axe":1,"iceandfire:bestiary":2,"minecraft:cartography_table":3,"biomesoplenty:black_sand":2,"minecraft:beef":11,"sawmill:sawmill":1,"minecraft:poppy":4,"minecraft:light_gray_wool":1,"minecraft:lectern":2,"minecraft:sugar_cane":26,"iceandfire:podium_acacia":2,"minecraft:egg":2,"minecraft:raw_iron":112,"iceandfire:dragonbone":1,"immersive_weathering:acacia_bark":2,"sophisticatedbackpacks:backpack":1,"spelunkery:raw_magnetite_nugget":5,"minecraft:arrow":9,"minecraft:diamond_boots":4,"minecraft:hay_block":88,"minecraft:mutton":12,"minecraft:rail":1,"minecraft:white_wool":7,"minecraft:basalt":1,"minecraft:glow_ink_sac":6,"minecraft:leather":11,"quark:smithing_template_rune":1,"minecraft:oak_log":37,"iceandfire:ectoplasm":1,"minecraft:gunpowder":5,"cataclysm:infernal_forge":1,"minecraft:iron_ingot":122,"minecraft:stripped_oak_wood":1,"minecraft:iron_sword":1,"minecraft:book":42,"iceandfire:chared_stone":3,"iceandfire:copper_nugget":50,"friendsandfoes:oxidized_lightning_rod":3,"minecraft:yellow_concrete":3,"minecraft:dandelion":4,"minecraft:lime_concrete":5,"quark:oak_chest":2,"minecraft:spider_eye":3,"minecraft:leather_helmet":1,"minecraft:slime_ball":10,"spelunkery:raw_iron_nugget":43,"minecraft:black_wool":1,"minecraft:melon_seeds":1,"minecraft:red_concrete":4,"minecraft:coal":350,"minecraft:ender_pearl":1},"minecraft:dropped":{"iceandfire:chared_stone":2,"iceandfire:raw_silver":4,"minecraft:glow_ink_sac":6,"spelunkery:raw_gold_nugget":12,"minecraft:dirt":8,"spelunkery:inkcap_mushroom":1,"minecraft:gold_nugget":13,"minecraft:gold_ingot":1,"minecraft:bone":7,"minecraft:stone_axe":1,"minecraft:cobbled_deepslate":3,"alexsmobs:animal_dictionary":2,"minecraft:wheat":1,"minecraft:rotten_flesh":8,"minecraft:azure_bluet":4,"minecraft:poppy":2,"supplementaries:ash":6,"minecraft:gunpowder":5,"minecraft:melon_seeds":1,"minecraft:leather_leggings":1,"immersive_weathering:tallow":10,"quark:smithing_template_rune":1,"minecraft:arrow":3,"minecraft:iron_ingot":83,"minecraft:bread":19,"minecraft:wheat_seeds":20,"minecraft:yellow_concrete":4,"minecraft:cobblestone":4,"eidolon:tattered_cloth":1,"spelunkery:raw_iron_nugget":43,"minecraft:grass_block":1,"minecraft:diorite":1,"minecraft:torch":1,"minecraft:iron_leggings":2,"minecraft:iron_axe":1,"minecraft:string":4,"minecraft:dandelion":1,"minecraft:red_concrete":4,"minecraft:stone_sword":1,"minecraft:lime_concrete":4,"minecraft:orange_concrete":4,"minecraft:light_gray_wool":1,"minecraft:iron_boots":1,"minecraft:light_blue_concrete":4,"iceandfire:chared_cobblestone":2,"minecraft:diamond_pickaxe":4,"minecraft:spider_eye":2,"minecraft:diamond_boots":3,"minecraft:stone_pickaxe":1,"minecraft:wooden_pickaxe":2},"minecraft:killed_by":{"minecraft:creeper":1,"minecraft:vindicator":1,"minecraft:player":3},"minecraft:used":{"minecraft:oak_sign":2,"minecraft:chest":4,"minecraft:shield":77,"minecraft:iron_sword":69,"minecraft:rotten_flesh":3,"quark:yellow_shingles_vertical_slab":39,"minecraft:iron_chestplate":1,"quark:light_blue_stool":3,"minecraft:azure_bluet":1,"minecraft:stripped_spruce_log":80,"minecraft:grass_block":34,"minecraft:bedrock":100,"iceandfire:chared_stone":1,"minecraft:furnace":25,"minecraft:egg":1,"minecraft:diorite":14,"minecraft:diamond_boots":5,"iceandfire:podium_acacia":2,"minecraft:stone_pickaxe":71,"minecraft:oak_planks":31,"minecraft:wooden_pickaxe":16,"minecraft:sugar_cane":26,"quark:gray_shingles_stairs":15,"minecraft:light_blue_concrete":10,"minecraft:yellow_concrete":10,"supplementaries:bellows":1,"minecraft:bread":34,"minecraft:barrier":349,"ad_astra:launch_pad":2,"minecraft:cobweb":1,"minecraft:stone_sword":8,"minecraft:orange_concrete":9,"minecraft:carved_pumpkin":3,"minecraft:red_concrete":12,"minecraft:torch":50,"minecraft:dirt":4,"minecraft:anvil":1,"minecraft:iron_hoe":76,"minecraft:bookshelf":6,"minecraft:iron_axe":271,"minecraft:iron_boots":3,"minecraft:basalt":1,"minecraft:lime_concrete":12,"minecraft:beef":2,"minecraft:oxidized_copper":3,"minecraft:cooked_beef":1,"minecraft:cobbled_deepslate":55,"minecraft:iron_leggings":1,"biomesoplenty:black_sand":3,"minecraft:cooked_mutton":12,"minecraft:water_bucket":1,"minecraft:cherry_planks":2,"minecraft:crafting_table":27,"friendsandfoes:oxidized_lightning_rod":3,"quark:red_stool":2,"minecraft:white_bed":1,"minecraft:smoker":2,"minecraft:oak_log":4,"minecraft:diamond_pickaxe":13,"quark:purple_stool":2,"minecraft:iron_pickaxe":404,"cataclysm:netherite_monstrosity_spawn_egg":1,"minecraft:stone_axe":23,"minecraft:pink_petals":2,"minecraft:cobblestone":39,"minecraft:cooked_porkchop":14,"minecraft:bucket":2,"quark:oak_chest":1,"alexsmobs:animal_dictionary":2},"minecraft:broken":{"minecraft:shield":1,"minecraft:iron_axe":1,"minecraft:iron_pickaxe":1},"minecraft:mined":{"minecraft:light_blue_concrete":2,"iceandfire:copper_pile":6,"minecraft:cherry_log":8,"minecraft:brewing_stand":2,"minecraft:carved_pumpkin":3,"minecraft:grass_block":6,"friendsandfoes:oxidized_lightning_rod":3,"iceandfire:lectern":1,"spelunkery:dust":1,"minecraft:smooth_stone":1,"minecraft:orange_concrete":2,"minecraft:iron_ore":34,"biomesoplenty:lavender":1,"minecraft:anvil":1,"minecraft:azure_bluet":2,"iceandfire:gold_pile":87,"minecraft:water_cauldron":4,"immersive_weathering:oak_leaf_pile":3,"iceandfire:chared_cobblestone":1,"minecraft:smoker":2,"iceandfire:podium_acacia":2,"minecraft:torch":4,"minecraft:oxidized_copper":3,"spelunkery:inkcap_mushroom":1,"minecraft:cobblestone":21,"minecraft:sugar_cane":9,"minecraft:oak_planks":14,"minecraft:wall_torch":3,"minecraft:pink_petals":1,"minecraft:wheat":2,"minecraft:lime_concrete":4,"minecraft:stripped_oak_wood":1,"minecraft:grass":17,"biomesoplenty:clover":9,"minecraft:oak_log":38,"minecraft:dirt":4,"minecraft:oak_leaves":3,"minecraft:deepslate":47,"iceandfire:chared_stone":3,"create:zinc_ore":6,"minecraft:tuff":1,"eidolon:deep_silver_ore":2,"iceandfire:silver_ore":4,"biomesoplenty:bush":1,"sawmill:sawmill":1,"minecraft:cartography_table":3,"spelunkery:diorite_coal_ore":10,"minecraft:hay_block":82,"minecraft:furnace":19,"spelunkery:tuff_gold_ore":5,"minecraft:bookshelf":14,"minecraft:deepslate_iron_ore":18,"minecraft:stone":74,"quark:oak_chest":2,"biomesoplenty:black_sand":2,"minecraft:dandelion":1,"spelunkery:diorite_iron_ore":16,"minecraft:crafting_table":23,"minecraft:emerald_ore":1,"minecraft:lectern":2,"minecraft:tall_grass":2,"minecraft:deepslate_gold_ore":9,"biomesoplenty:sprout":1,"biomesoplenty:huge_clover_petal":4,"minecraft:red_concrete":3,"minecraft:diorite":15,"supplementaries:urn":5,"minecraft:coal_ore":89,"minecraft:cherry_leaves":1,"minecraft:yellow_concrete":2,"biomesoplenty:stringy_cobweb":1,"minecraft:cobweb":1,"minecraft:gold_ore":6},"minecraft:crafted":{"minecraft:oak_planks":32,"minecraft:oak_sign":2,"sophisticatedbackpacks:crafting_upgrade":1,"minecraft:bookshelf":6,"minecraft:cooked_mutton":12,"minecraft:iron_boots":1,"minecraft:chest":4,"minecraft:cooked_porkchop":14,"minecraft:crafting_table":4,"minecraft:wooden_pickaxe":1,"minecraft:iron_helmet":1,"sophisticatedbackpacks:upgrade_base":1,"minecraft:iron_chestplate":1,"minecraft:shield":2,"minecraft:stick":11,"quark:oak_chest":4,"minecraft:iron_ingot":108,"minecraft:iron_pickaxe":2,"minecraft:stone_sword":1,"minecraft:gold_ingot":96,"minecraft:cherry_planks":8,"minecraft:furnace":6,"alexsdelight:cooked_bison":3,"minecraft:iron_axe":2,"minecraft:iron_hoe":1,"minecraft:stone_pickaxe":1,"minecraft:wheat":330,"sophisticatedbackpacks:iron_backpack":1,"minecraft:cooked_beef":6,"minecraft:iron_sword":2,"sophisticatedbackpacks:gold_backpack":1,"minecraft:stone_axe":1,"minecraft:bread":174,"minecraft:air":751,"minecraft:raw_gold":3,"minecraft:iron_leggings":1,"minecraft:white_bed":1,"minecraft:torch":14},"minecraft:custom":{"minecraft:interact_with_crafting_table":58,"minecraft:open_barrel":7,"minecraft:leave_game":2,"minecraft:time_since_death":84271,"minecraft:sprint_one_cm":515392,"minecraft:damage_blocked_by_shield":3901,"minecraft:drop":187,"minecraft:talked_to_villager":7,"minecraft:play_time":287306,"minecraft:deaths":6,"minecraft:jump":5701,"minecraft:walk_on_water_one_cm":26958,"minecraft:interact_with_furnace":152,"minecraft:sleep_in_bed":3,"minecraft:damage_dealt":18503,"minecraft:player_kills":7,"minecraft:crouch_one_cm":22101,"minecraft:interact_with_smoker":17,"minecraft:mob_kills":84,"minecraft:damage_dealt_resisted":199,"minecraft:climb_one_cm":330,"minecraft:walk_one_cm":347957,"minecraft:damage_dealt_absorbed":160,"minecraft:sneak_time":12081,"minecraft:walk_under_water_one_cm":6866,"minecraft:interact_with_blast_furnace":6,"minecraft:total_world_time":287306,"minecraft:time_since_rest":11778,"minecraft:damage_taken":4088,"minecraft:swim_one_cm":8316,"minecraft:fly_one_cm":1602169,"minecraft:open_chest":110,"minecraft:fall_one_cm":190668},"minecraft:killed":{"minecraft:cave_spider":2,"minecraft:spider":12,"minecraft:skeleton":26,"minecraft:pig":16,"minecraft:iron_golem":2,"minecraft:creeper":2,"minecraft:sheep":24,"minecraft:pillager":2,"minecraft:zombie":36,"minecraft:cow":14,"eidolon:wraith":4,"friendsandfoes:mauler":2,"minecraft:llama":8,"alexsmobs:bison":2,"iceandfire:ghost":10,"minecraft:player":3,"minecraft:enderman":2}},"DataVersion":3465}