{"stats":{"minecraft:dropped":{"minecraft:red_concrete":4,"alexsmobs:animal_dictionary":2,"minecraft:lime_concrete":4,"minecraft:yellow_concrete":4,"minecraft:orange_concrete":4,"minecraft:rotten_flesh":2,"minecraft:light_blue_concrete":4,"minecraft:grass_block":1,"minecraft:torch":1,"minecraft:diamond_pickaxe":3,"minecraft:wooden_pickaxe":1},"minecraft:picked_up":{"minecraft:pink_petals":2,"minecraft:crafting_table":6,"minecraft:light_blue_concrete":3,"cataclysm:monstrous_horn":1,"spelunkery:rough_emerald":1,"minecraft:wooden_pickaxe":1,"create:raw_zinc":6,"minecraft:dirt":13,"minecraft:orange_concrete":3,"cataclysm:infernal_forge":1,"ad_astra:launch_pad":1,"minecraft:furnace":1,"minecraft:raw_iron":20,"minecraft:yellow_concrete":3,"minecraft:torch":2,"minecraft:lime_concrete":5,"minecraft:cherry_log":8,"minecraft:diorite":14,"minecraft:arrow":1,"minecraft:rotten_flesh":4,"minecraft:red_concrete":4,"minecraft:mutton":3,"minecraft:coal":136,"iceandfire:raw_silver":4,"minecraft:white_wool":3,"minecraft:cobblestone":41,"minecraft:diamond_pickaxe":1},"minecraft:killed_by":{"minecraft:player":3},"minecraft:used":{"minecraft:cooked_mutton":3,"minecraft:diorite":8,"minecraft:stone_sword":8,"minecraft:orange_concrete":9,"minecraft:red_concrete":12,"minecraft:stone_pickaxe":71,"minecraft:shield":11,"minecraft:wooden_pickaxe":16,"minecraft:cherry_planks":1,"minecraft:rotten_flesh":1,"quark:yellow_shingles_vertical_slab":39,"minecraft:torch":18,"quark:gray_shingles_stairs":15,"minecraft:light_blue_concrete":10,"quark:light_blue_stool":3,"minecraft:crafting_table":7,"quark:red_stool":2,"minecraft:yellow_concrete":10,"minecraft:stripped_spruce_log":80,"minecraft:diamond_pickaxe":13,"supplementaries:bellows":1,"quark:purple_stool":2,"minecraft:grass_block":34,"minecraft:barrier":349,"minecraft:iron_pickaxe":84,"minecraft:iron_boots":1,"cataclysm:netherite_monstrosity_spawn_egg":1,"ad_astra:launch_pad":2,"minecraft:bedrock":100,"minecraft:stone_axe":19,"minecraft:pink_petals":2,"minecraft:lime_concrete":12,"minecraft:cobblestone":9,"minecraft:furnace":4,"alexsmobs:animal_dictionary":2},"minecraft:mined":{"create:zinc_ore":6,"iceandfire:silver_ore":4,"minecraft:light_blue_concrete":2,"minecraft:cherry_log":8,"spelunkery:diorite_iron_ore":16,"minecraft:crafting_table":5,"minecraft:torch":1,"minecraft:emerald_ore":1,"minecraft:red_concrete":3,"minecraft:diorite":14,"minecraft:pink_petals":1,"spelunkery:diorite_coal_ore":8,"minecraft:orange_concrete":2,"minecraft:furnace":1,"minecraft:iron_ore":4,"minecraft:lime_concrete":4,"minecraft:coal_ore":76,"minecraft:cherry_leaves":1,"minecraft:yellow_concrete":2,"minecraft:stone":40},"minecraft:crafted":{"minecraft:cherry_planks":8,"minecraft:crafting_table":2,"minecraft:wooden_pickaxe":1,"minecraft:iron_helmet":1,"minecraft:furnace":3,"minecraft:stone_axe":1,"minecraft:cooked_mutton":3,"minecraft:air":77,"minecraft:iron_boots":1,"minecraft:shield":1,"minecraft:stick":4,"minecraft:iron_pickaxe":1,"minecraft:iron_ingot":20,"minecraft:stone_pickaxe":1,"minecraft:stone_sword":1,"minecraft:white_bed":1,"minecraft:torch":5},"minecraft:killed":{"minecraft:spider":2,"minecraft:skeleton":6,"minecraft:sheep":6,"minecraft:zombie":4,"minecraft:player":3},"minecraft:custom":{"minecraft:interact_with_furnace":42,"minecraft:mob_kills":10,"minecraft:interact_with_crafting_table":13,"minecraft:leave_game":1,"minecraft:time_since_death":88841,"minecraft:time_since_rest":88865,"minecraft:sprint_one_cm":48216,"minecraft:damage_taken":770,"minecraft:walk_one_cm":81357,"minecraft:damage_blocked_by_shield":750,"minecraft:drop":29,"minecraft:damage_dealt":2854,"minecraft:fly_one_cm":305332,"minecraft:player_kills":6,"minecraft:crouch_one_cm":10394,"minecraft:play_time":110344,"minecraft:deaths":4,"minecraft:sneak_time":6084,"minecraft:jump":876,"minecraft:total_world_time":110344,"minecraft:fall_one_cm":20764}},"DataVersion":3465}