{"stats":{"minecraft:mined":{"minecraft:orange_terracotta":4,"minecraft:dead_bush":2,"minecraft:terracotta":53,"minecraft:tripwire_hook":1},"minecraft:picked_up":{"minecraft:sculk_catalyst":2,"minecraft:stick":3,"minecraft:anvil":2,"minecraft:brown_terracotta":21,"minecraft:diamond_sword":3,"minecraft:mace":2,"minecraft:warden_spawn_egg":1,"minecraft:red_terracotta":4,"minecraft:orange_terracotta":9,"minecraft:diamond_chestplate":3,"minecraft:diamond_leggings":3,"minecraft:netherite_sword":1,"minecraft:diamond_boots":3,"minecraft:glowstone":64,"minecraft:golden_apple":21,"minecraft:diamond_helmet":3,"minecraft:white_terracotta":5,"minecraft:terracotta":68,"minecraft:cobblestone":2},"minecraft:used":{"minecraft:warden_spawn_egg":2,"minecraft:brown_terracotta":1,"minecraft:mace":12,"minecraft:flint_and_steel":35,"minecraft:white_terracotta":2,"minecraft:respawn_anchor":65,"minecraft:golden_apple":1,"minecraft:glowstone":71,"minecraft:diamond_sword":21,"minecraft:anvil":1,"minecraft:terracotta":5,"minecraft:end_crystal":19,"minecraft:tnt":206,"minecraft:netherite_pickaxe":59,"minecraft:orange_terracotta":49,"minecraft:obsidian":20,"minecraft:creeper_spawn_egg":20},"minecraft:dropped":{"minecraft:respawn_anchor":64,"minecraft:orange_terracotta":1,"minecraft:glowstone":64,"minecraft:acacia_slab":64,"minecraft:cobblestone":2,"minecraft:brown_terracotta":22,"minecraft:stick":1,"minecraft:terracotta":47},"minecraft:killed_by":{"minecraft:warden":1,"minecraft:player":2},"minecraft:custom":{"minecraft:time_since_rest":6825,"minecraft:sprint_one_cm":20796,"minecraft:damage_taken":1393,"minecraft:walk_one_cm":23891,"minecraft:damage_absorbed":40,"minecraft:mob_kills":2,"minecraft:interact_with_anvil":1,"minecraft:drop":14,"minecraft:damage_dealt":9686,"minecraft:damage_dealt_absorbed":39,"minecraft:fly_one_cm":443379,"minecraft:player_kills":1,"minecraft:crouch_one_cm":3297,"minecraft:play_time":22028,"minecraft:deaths":6,"minecraft:sneak_time":1839,"minecraft:jump":260,"minecraft:leave_game":1,"minecraft:time_since_death":6801,"minecraft:total_world_time":22028,"minecraft:damage_resisted":1109227,"minecraft:fall_one_cm":10521},"minecraft:killed":{"minecraft:warden":2}},"DataVersion":3955}