{"stats":{"minecraft:picked_up":{"minecraft:wheat":1,"minecraft:light_blue_concrete":3,"cataclysm:monstrous_horn":1,"minecraft:anvil":1,"biomesoplenty:violet":4,"minecraft:brewing_stand":2,"minecraft:amethyst_block":6,"minecraft:string":33,"minecraft:iron_leggings":3,"minecraft:zombie_head":2,"minecraft:smooth_stone":1,"minecraft:gold_nugget":673,"minecraft:cobbled_deepslate":71,"delightful:acorn":1,"minecraft:calcite":4,"minecraft:furnace":21,"minecraft:stick":15,"minecraft:composter":1,"miners_delight:silverfish_eggs":1,"minecraft:torch":37,"minecraft:porkchop":22,"minecraft:cherry_log":8,"minecraft:diorite":15,"alexsmobs:centipede_leg":1,"minecraft:cauldron":4,"eidolon:tattered_cloth":9,"minecraft:rotten_flesh":26,"supplementaries:antique_ink":2,"alexsdelight:raw_bison":3,"minecraft:carved_pumpkin":3,"create:asurine":1,"supplementaries:ash":71,"minecraft:cobblestone":107,"minecraft:pink_petals":2,"spelunkery:inkcap_mushroom":1,"minecraft:oxidized_copper":3,"eidolon:raw_silver":7,"minecraft:smoker":2,"immersive_weathering:silt":1,"minecraft:potato":1,"create:raw_zinc":8,"supplementaries:flax_seeds":1,"minecraft:dirt":205,"minecraft:bone":34,"minecraft:chipped_anvil":1,"minecraft:wheat_seeds":27,"ad_astra:launch_pad":1,"minecraft:raw_gold":27,"spelunkery:raw_zinc_nugget":5,"minecraft:oak_planks":20,"immersive_weathering:tallow":18,"spelunkery:rough_diamond_shard":2,"minecraft:sand":27,"iceandfire:chared_cobblestone":2,"eidolon:raw_lead":4,"minecraft:diamond":8,"spelunkery:rough_lazurite_shard":8,"iceandfire:lectern":1,"minecraft:golden_horse_armor":1,"minecraft:emerald":9,"spelunkery:raw_gold_nugget":67,"minecraft:oak_sapling":5,"iceandfire:raw_silver":10,"minecraft:diamond_pickaxe":2,"iceandfire:dragon_skull_lightning":1,"minecraft:cocoa_beans":3,"minecraft:crafting_table":25,"minecraft:azure_bluet":9,"spelunkery:rough_emerald":1,"minecraft:leather_leggings":2,"minecraft:wooden_pickaxe":2,"minecraft:gold_block":1,"minecraft:orange_concrete":3,"minecraft:iron_axe":1,"supplementaries:bomb":3,"iceandfire:bestiary":2,"minecraft:cartography_table":3,"biomesoplenty:black_sand":2,"minecraft:beef":42,"sawmill:sawmill":1,"minecraft:iron_nugget":42,"minecraft:poppy":4,"minecraft:light_gray_wool":1,"minecraft:lectern":2,"minecraft:sugar_cane":91,"iceandfire:podium_acacia":2,"minecraft:egg":2,"minecraft:raw_iron":127,"iceandfire:dragonbone":1,"immersive_weathering:acacia_bark":2,"sophisticatedbackpacks:backpack":1,"minecraft:carrot":14,"spelunkery:raw_magnetite_nugget":5,"minecraft:arrow":13,"minecraft:diamond_boots":4,"minecraft:hay_block":88,"biomesoplenty:orange_sand":59,"minecraft:mutton":24,"minecraft:rail":1,"minecraft:white_wool":15,"minecraft:stripped_oak_log":1,"minecraft:basalt":1,"minecraft:glow_ink_sac":6,"minecraft:leather":32,"quark:smithing_template_rune":1,"minecraft:oak_log":56,"iceandfire:ectoplasm":1,"minecraft:yellow_bed":1,"minecraft:gunpowder":7,"cataclysm:infernal_forge":1,"minecraft:apple":1,"minecraft:rabbit_hide":5,"minecraft:iron_ingot":127,"spelunkery:rough_lazurite":7,"minecraft:stripped_oak_wood":2,"minecraft:iron_sword":1,"minecraft:book":42,"minecraft:oak_slab":1,"iceandfire:chared_stone":3,"iceandfire:copper_nugget":50,"minecraft:smooth_basalt":3,"friendsandfoes:oxidized_lightning_rod":3,"minecraft:yellow_concrete":3,"minecraft:dandelion":4,"minecraft:lime_concrete":5,"minecraft:amethyst_shard":16,"quark:oak_chest":2,"minecraft:spider_eye":4,"minecraft:leather_helmet":1,"minecraft:slime_ball":15,"spelunkery:rough_diamond":1,"spelunkery:raw_iron_nugget":61,"minecraft:melon_seeds":1,"minecraft:black_wool":1,"minecraft:red_concrete":4,"minecraft:coal":374,"minecraft:ender_pearl":1},"minecraft:dropped":{"iceandfire:chared_stone":2,"iceandfire:raw_silver":4,"minecraft:glow_ink_sac":6,"spelunkery:raw_gold_nugget":12,"minecraft:dirt":10,"spelunkery:inkcap_mushroom":1,"minecraft:gold_nugget":13,"minecraft:gold_ingot":1,"minecraft:bone":7,"minecraft:stone_axe":1,"alexsmobs:animal_dictionary":2,"minecraft:cobbled_deepslate":3,"minecraft:wheat":1,"minecraft:rotten_flesh":8,"minecraft:azure_bluet":4,"minecraft:poppy":2,"supplementaries:ash":40,"minecraft:gunpowder":5,"minecraft:melon_seeds":1,"minecraft:leather_leggings":1,"immersive_weathering:tallow":10,"quark:smithing_template_rune":1,"minecraft:arrow":3,"spelunkery:raw_zinc_nugget":1,"minecraft:iron_ingot":83,"minecraft:bread":19,"minecraft:wheat_seeds":20,"minecraft:yellow_concrete":4,"minecraft:cobblestone":4,"eidolon:tattered_cloth":1,"spelunkery:raw_iron_nugget":43,"minecraft:grass_block":1,"minecraft:diorite":1,"minecraft:torch":2,"minecraft:iron_leggings":2,"minecraft:iron_axe":1,"minecraft:string":4,"minecraft:smooth_basalt":3,"minecraft:dandelion":1,"minecraft:red_concrete":4,"minecraft:stone_sword":1,"minecraft:lime_concrete":4,"minecraft:orange_concrete":4,"minecraft:light_gray_wool":1,"minecraft:iron_boots":1,"minecraft:light_blue_concrete":4,"iceandfire:chared_cobblestone":2,"minecraft:diamond_pickaxe":4,"minecraft:spider_eye":2,"minecraft:diamond_boots":3,"minecraft:stone_pickaxe":1,"minecraft:wooden_pickaxe":2,"minecraft:calcite":4},"minecraft:killed_by":{"minecraft:creeper":1,"minecraft:vindicator":1,"minecraft:player":3},"minecraft:used":{"minecraft:iron_shovel":260,"alexsmobs:sopa_de_macaco":1,"minecraft:oak_sign":3,"minecraft:chest":6,"minecraft:shield":122,"minecraft:iron_sword":156,"miners_delight:silverfish_eggs":1,"minecraft:rotten_flesh":3,"minecraft:iron_chestplate":1,"quark:yellow_shingles_vertical_slab":39,"quark:light_blue_stool":3,"minecraft:azure_bluet":1,"minecraft:stripped_spruce_log":80,"minecraft:grass_block":34,"minecraft:bedrock":100,"iceandfire:chared_stone":1,"minecraft:furnace":25,"minecraft:egg":1,"minecraft:diorite":14,"minecraft:diamond_boots":5,"iceandfire:podium_acacia":2,"minecraft:stone_pickaxe":71,"minecraft:oak_planks":31,"minecraft:wooden_pickaxe":16,"minecraft:sugar_cane":26,"quark:gray_shingles_stairs":15,"minecraft:light_blue_concrete":10,"minecraft:yellow_concrete":10,"supplementaries:bellows":1,"minecraft:bread":62,"minecraft:barrier":349,"ad_astra:launch_pad":2,"minecraft:cobweb":1,"minecraft:stone_sword":8,"minecraft:orange_concrete":9,"minecraft:carved_pumpkin":3,"minecraft:red_concrete":12,"minecraft:torch":95,"minecraft:dirt":182,"minecraft:anvil":1,"minecraft:iron_hoe":78,"minecraft:chipped_anvil":1,"minecraft:bookshelf":6,"minecraft:iron_axe":396,"minecraft:iron_boots":3,"minecraft:basalt":1,"minecraft:lime_concrete":12,"minecraft:beef":2,"minecraft:oxidized_copper":3,"minecraft:cooked_beef":6,"minecraft:cobbled_deepslate":68,"minecraft:iron_leggings":1,"biomesoplenty:black_sand":3,"minecraft:cooked_mutton":12,"minecraft:water_bucket":1,"minecraft:cherry_planks":2,"minecraft:oak_slab":19,"minecraft:crafting_table":27,"friendsandfoes:oxidized_lightning_rod":3,"quark:red_stool":2,"immersive_weathering:silt":1,"minecraft:white_bed":2,"minecraft:smoker":2,"minecraft:oak_log":4,"minecraft:diamond_pickaxe":13,"quark:purple_stool":2,"minecraft:iron_pickaxe":492,"cataclysm:netherite_monstrosity_spawn_egg":1,"minecraft:stone_axe":23,"minecraft:pink_petals":2,"minecraft:cobblestone":48,"minecraft:cooked_porkchop":14,"minecraft:bucket":2,"minecraft:yellow_bed":1,"quark:oak_chest":1,"alexsmobs:animal_dictionary":2},"minecraft:broken":{"minecraft:iron_shovel":1,"minecraft:shield":2,"minecraft:iron_axe":2,"minecraft:iron_pickaxe":1},"minecraft:mined":{"create:deepslate_zinc_ore":2,"minecraft:farmland":27,"minecraft:light_blue_concrete":2,"iceandfire:copper_pile":6,"minecraft:cherry_log":8,"minecraft:brewing_stand":2,"minecraft:carved_pumpkin":3,"minecraft:grass_block":63,"friendsandfoes:oxidized_lightning_rod":3,"iceandfire:lectern":1,"minecraft:composter":1,"spelunkery:dust":1,"minecraft:smooth_stone":1,"minecraft:orange_concrete":2,"minecraft:iron_ore":34,"biomesoplenty:lavender":1,"minecraft:deepslate_lapis_ore":2,"minecraft:anvil":1,"minecraft:azure_bluet":6,"create:asurine":1,"minecraft:sculk_shrieker":2,"minecraft:dirt_path":19,"iceandfire:gold_pile":87,"minecraft:water_cauldron":4,"immersive_weathering:loam":4,"biomesoplenty:webbing":11,"iceandfire:chared_cobblestone":1,"immersive_weathering:oak_leaf_pile":24,"minecraft:smoker":2,"minecraft:amethyst_cluster":4,"iceandfire:podium_acacia":2,"minecraft:torch":6,"immersive_weathering:grassy_silt":1,"minecraft:calcite":4,"minecraft:oxidized_copper":3,"spelunkery:inkcap_mushroom":1,"minecraft:cobblestone":21,"minecraft:sugar_cane":37,"minecraft:oak_planks":20,"minecraft:wall_torch":5,"minecraft:amethyst_block":12,"minecraft:pink_petals":1,"eidolon:deep_lead_ore":4,"minecraft:wheat":2,"minecraft:lime_concrete":4,"minecraft:stripped_oak_wood":2,"minecraft:grass":37,"biomesoplenty:clover":29,"minecraft:oak_log":57,"minecraft:sand":28,"minecraft:dirt":67,"minecraft:smooth_basalt":3,"minecraft:oak_leaves":3,"minecraft:deepslate":60,"iceandfire:chared_stone":3,"create:zinc_ore":6,"minecraft:tuff":1,"eidolon:deep_silver_ore":7,"iceandfire:silver_ore":8,"minecraft:deepslate_diamond_ore":1,"biomesoplenty:bush":1,"sawmill:sawmill":1,"iceandfire:deepslate_silver_ore":2,"minecraft:cartography_table":3,"spelunkery:diorite_coal_ore":10,"minecraft:hay_block":82,"minecraft:furnace":21,"minecraft:carrots":2,"spelunkery:tuff_gold_ore":5,"minecraft:gold_block":1,"minecraft:bookshelf":14,"biomesoplenty:high_grass":24,"minecraft:deepslate_iron_ore":25,"minecraft:stripped_oak_log":1,"minecraft:stone":80,"minecraft:oak_slab":2,"quark:oak_chest":2,"biomesoplenty:orange_sand":59,"biomesoplenty:black_sand":2,"minecraft:dandelion":1,"spelunkery:diorite_iron_ore":16,"minecraft:crafting_table":24,"minecraft:emerald_ore":1,"minecraft:lectern":2,"biomesoplenty:high_grass_plant":28,"minecraft:tall_grass":4,"biomesoplenty:huge_clover_petal":16,"biomesoplenty:sprout":1,"minecraft:lapis_ore":3,"minecraft:deepslate_gold_ore":17,"minecraft:red_concrete":3,"minecraft:diorite":15,"supplementaries:urn":25,"spelunkery:phosphor_fungus":1,"minecraft:yellow_bed":1,"minecraft:coal_ore":89,"quark:monster_box":1,"minecraft:cherry_leaves":1,"minecraft:yellow_concrete":2,"biomesoplenty:stringy_cobweb":4,"minecraft:cobweb":1,"minecraft:chipped_anvil":1,"minecraft:gold_ore":6},"minecraft:crafted":{"minecraft:smooth_stone":3,"minecraft:oak_planks":37,"minecraft:oak_sign":2,"sophisticatedbackpacks:crafting_upgrade":1,"minecraft:bookshelf":6,"minecraft:cooked_mutton":12,"minecraft:iron_boots":1,"minecraft:chest":6,"minecraft:oak_slab":3,"minecraft:cooked_porkchop":14,"minecraft:crafting_table":4,"minecraft:wooden_pickaxe":1,"minecraft:iron_helmet":1,"sophisticatedbackpacks:upgrade_base":4,"minecraft:iron_chestplate":1,"minecraft:shield":3,"minecraft:stick":15,"quark:oak_chest":6,"minecraft:iron_ingot":122,"minecraft:iron_pickaxe":3,"minecraft:stone_sword":1,"minecraft:gold_ingot":96,"minecraft:cherry_planks":8,"minecraft:furnace":6,"alexsdelight:cooked_bison":3,"minecraft:iron_axe":3,"minecraft:iron_hoe":1,"minecraft:stone_pickaxe":1,"minecraft:wheat":330,"sophisticatedbackpacks:iron_backpack":1,"minecraft:cooked_beef":6,"minecraft:iron_sword":2,"sophisticatedbackpacks:gold_backpack":1,"minecraft:stone_axe":1,"minecraft:bread":174,"minecraft:air":806,"minecraft:raw_gold":3,"minecraft:iron_shovel":1,"minecraft:iron_leggings":1,"minecraft:white_bed":2,"minecraft:torch":20},"minecraft:custom":{"minecraft:interact_with_crafting_table":65,"minecraft:open_barrel":10,"minecraft:leave_game":3,"minecraft:time_since_death":172630,"minecraft:sprint_one_cm":759652,"minecraft:damage_blocked_by_shield":6301,"minecraft:drop":195,"minecraft:talked_to_villager":7,"minecraft:play_time":375665,"minecraft:deaths":6,"minecraft:jump":8138,"minecraft:walk_on_water_one_cm":39329,"minecraft:interact_with_furnace":190,"minecraft:sleep_in_bed":4,"minecraft:damage_dealt":29315,"minecraft:player_kills":7,"minecraft:crouch_one_cm":32808,"minecraft:interact_with_smoker":19,"minecraft:interact_with_smithing_table":2,"minecraft:mob_kills":154,"minecraft:damage_dealt_resisted":199,"minecraft:climb_one_cm":903,"minecraft:walk_one_cm":470036,"minecraft:damage_dealt_absorbed":160,"minecraft:sneak_time":15723,"minecraft:walk_under_water_one_cm":11404,"minecraft:interact_with_blast_furnace":14,"minecraft:total_world_time":375665,"minecraft:time_since_rest":35426,"minecraft:damage_taken":5340,"minecraft:swim_one_cm":25155,"minecraft:fly_one_cm":2166394,"minecraft:open_chest":173,"minecraft:fall_one_cm":278183},"minecraft:killed":{"minecraft:cave_spider":14,"minecraft:spider":14,"minecraft:skeleton":52,"minecraft:pig":24,"minecraft:iron_golem":2,"minecraft:creeper":4,"minecraft:sheep":40,"minecraft:pillager":2,"minecraft:zombie":60,"minecraft:cow":48,"minecraft:slime":2,"minecraft:horse":2,"eidolon:wraith":12,"friendsandfoes:mauler":2,"minecraft:llama":8,"alexsmobs:bison":2,"iceandfire:ghost":10,"minecraft:player":3,"minecraft:enderman":4}},"DataVersion":3465}