{"stats":{"minecraft:picked_up":{"minecraft:wheat":1,"minecraft:light_blue_concrete":3,"cataclysm:monstrous_horn":1,"minecraft:anvil":1,"biomesoplenty:violet":4,"minecraft:brewing_stand":2,"minecraft:amethyst_block":6,"minecraft:string":7,"minecraft:iron_leggings":3,"minecraft:zombie_head":2,"minecraft:cobbled_deepslate":71,"minecraft:gold_nugget":673,"minecraft:smooth_stone":1,"minecraft:calcite":4,"minecraft:furnace":20,"minecraft:stick":7,"miners_delight:silverfish_eggs":1,"minecraft:torch":32,"minecraft:porkchop":14,"minecraft:cherry_log":8,"minecraft:diorite":15,"alexsmobs:centipede_leg":1,"minecraft:cauldron":4,"eidolon:tattered_cloth":7,"minecraft:rotten_flesh":26,"supplementaries:antique_ink":2,"create:asurine":1,"alexsdelight:raw_bison":3,"minecraft:carved_pumpkin":3,"supplementaries:ash":71,"minecraft:cobblestone":103,"minecraft:pink_petals":2,"spelunkery:inkcap_mushroom":1,"minecraft:oxidized_copper":3,"eidolon:raw_silver":7,"minecraft:smoker":2,"minecraft:potato":1,"create:raw_zinc":8,"supplementaries:flax_seeds":1,"minecraft:dirt":51,"minecraft:bone":32,"minecraft:chipped_anvil":1,"minecraft:wheat_seeds":26,"ad_astra:launch_pad":1,"minecraft:raw_gold":27,"spelunkery:raw_zinc_nugget":5,"minecraft:oak_planks":14,"immersive_weathering:tallow":10,"spelunkery:rough_diamond_shard":2,"iceandfire:chared_cobblestone":2,"eidolon:raw_lead":4,"spelunkery:rough_lazurite_shard":8,"minecraft:diamond":8,"iceandfire:lectern":1,"minecraft:golden_horse_armor":1,"minecraft:emerald":9,"spelunkery:raw_gold_nugget":67,"iceandfire:raw_silver":10,"minecraft:diamond_pickaxe":2,"minecraft:cocoa_beans":3,"iceandfire:dragon_skull_lightning":1,"minecraft:crafting_table":24,"minecraft:azure_bluet":5,"spelunkery:rough_emerald":1,"minecraft:leather_leggings":2,"minecraft:wooden_pickaxe":2,"minecraft:orange_concrete":3,"minecraft:iron_axe":1,"supplementaries:bomb":3,"iceandfire:bestiary":2,"minecraft:cartography_table":3,"biomesoplenty:black_sand":2,"minecraft:beef":15,"sawmill:sawmill":1,"minecraft:iron_nugget":42,"minecraft:poppy":4,"minecraft:light_gray_wool":1,"minecraft:lectern":2,"minecraft:sugar_cane":26,"iceandfire:podium_acacia":2,"minecraft:egg":2,"minecraft:raw_iron":127,"iceandfire:dragonbone":1,"immersive_weathering:acacia_bark":2,"sophisticatedbackpacks:backpack":1,"spelunkery:raw_magnetite_nugget":5,"minecraft:arrow":13,"minecraft:diamond_boots":4,"minecraft:hay_block":88,"minecraft:mutton":12,"minecraft:rail":1,"minecraft:white_wool":7,"minecraft:basalt":1,"minecraft:glow_ink_sac":6,"minecraft:leather":14,"quark:smithing_template_rune":1,"minecraft:oak_log":37,"iceandfire:ectoplasm":1,"minecraft:gunpowder":7,"cataclysm:infernal_forge":1,"spelunkery:rough_lazurite":7,"minecraft:rabbit_hide":5,"minecraft:iron_ingot":122,"minecraft:stripped_oak_wood":1,"minecraft:iron_sword":1,"minecraft:book":42,"iceandfire:chared_stone":3,"iceandfire:copper_nugget":50,"minecraft:smooth_basalt":3,"friendsandfoes:oxidized_lightning_rod":3,"minecraft:yellow_concrete":3,"minecraft:dandelion":4,"minecraft:lime_concrete":5,"minecraft:amethyst_shard":16,"quark:oak_chest":2,"minecraft:spider_eye":4,"minecraft:leather_helmet":1,"minecraft:slime_ball":15,"spelunkery:rough_diamond":1,"spelunkery:raw_iron_nugget":61,"minecraft:black_wool":1,"minecraft:melon_seeds":1,"minecraft:red_concrete":4,"minecraft:coal":374,"minecraft:ender_pearl":1},"minecraft:dropped":{"iceandfire:chared_stone":2,"iceandfire:raw_silver":4,"minecraft:glow_ink_sac":6,"spelunkery:raw_gold_nugget":12,"minecraft:dirt":8,"spelunkery:inkcap_mushroom":1,"minecraft:gold_nugget":13,"minecraft:gold_ingot":1,"minecraft:bone":7,"minecraft:stone_axe":1,"minecraft:cobbled_deepslate":3,"alexsmobs:animal_dictionary":2,"minecraft:wheat":1,"minecraft:rotten_flesh":8,"minecraft:azure_bluet":4,"minecraft:poppy":2,"supplementaries:ash":40,"minecraft:gunpowder":5,"minecraft:melon_seeds":1,"minecraft:leather_leggings":1,"immersive_weathering:tallow":10,"quark:smithing_template_rune":1,"minecraft:arrow":3,"spelunkery:raw_zinc_nugget":1,"minecraft:iron_ingot":83,"minecraft:bread":19,"minecraft:wheat_seeds":20,"minecraft:yellow_concrete":4,"minecraft:cobblestone":4,"eidolon:tattered_cloth":1,"spelunkery:raw_iron_nugget":43,"minecraft:grass_block":1,"minecraft:diorite":1,"minecraft:torch":2,"minecraft:iron_leggings":2,"minecraft:iron_axe":1,"minecraft:string":4,"minecraft:smooth_basalt":3,"minecraft:dandelion":1,"minecraft:red_concrete":4,"minecraft:stone_sword":1,"minecraft:lime_concrete":4,"minecraft:orange_concrete":4,"minecraft:light_gray_wool":1,"minecraft:iron_boots":1,"minecraft:light_blue_concrete":4,"iceandfire:chared_cobblestone":2,"minecraft:diamond_pickaxe":4,"minecraft:spider_eye":2,"minecraft:diamond_boots":3,"minecraft:stone_pickaxe":1,"minecraft:wooden_pickaxe":2,"minecraft:calcite":4},"minecraft:killed_by":{"minecraft:creeper":1,"minecraft:vindicator":1,"minecraft:player":3},"minecraft:used":{"minecraft:oak_sign":2,"minecraft:chest":4,"minecraft:shield":104,"minecraft:iron_sword":129,"miners_delight:silverfish_eggs":1,"minecraft:rotten_flesh":3,"quark:yellow_shingles_vertical_slab":39,"minecraft:iron_chestplate":1,"quark:light_blue_stool":3,"minecraft:azure_bluet":1,"minecraft:stripped_spruce_log":80,"minecraft:grass_block":34,"minecraft:bedrock":100,"iceandfire:chared_stone":1,"minecraft:furnace":25,"minecraft:egg":1,"minecraft:diorite":14,"minecraft:diamond_boots":5,"iceandfire:podium_acacia":2,"minecraft:stone_pickaxe":71,"minecraft:oak_planks":31,"minecraft:wooden_pickaxe":16,"minecraft:sugar_cane":26,"quark:gray_shingles_stairs":15,"minecraft:light_blue_concrete":10,"minecraft:yellow_concrete":10,"supplementaries:bellows":1,"minecraft:bread":46,"minecraft:barrier":349,"ad_astra:launch_pad":2,"minecraft:cobweb":1,"minecraft:stone_sword":8,"minecraft:orange_concrete":9,"minecraft:carved_pumpkin":3,"minecraft:red_concrete":12,"minecraft:torch":89,"minecraft:dirt":30,"minecraft:anvil":1,"minecraft:iron_hoe":78,"minecraft:bookshelf":6,"minecraft:iron_axe":310,"minecraft:iron_boots":3,"minecraft:basalt":1,"minecraft:lime_concrete":12,"minecraft:beef":2,"minecraft:oxidized_copper":3,"minecraft:cooked_beef":6,"minecraft:cobbled_deepslate":68,"minecraft:iron_leggings":1,"biomesoplenty:black_sand":3,"minecraft:cooked_mutton":12,"minecraft:water_bucket":1,"minecraft:cherry_planks":2,"minecraft:crafting_table":27,"friendsandfoes:oxidized_lightning_rod":3,"quark:red_stool":2,"minecraft:white_bed":1,"minecraft:smoker":2,"minecraft:oak_log":4,"minecraft:diamond_pickaxe":13,"quark:purple_stool":2,"minecraft:iron_pickaxe":485,"cataclysm:netherite_monstrosity_spawn_egg":1,"minecraft:stone_axe":23,"minecraft:pink_petals":2,"minecraft:cobblestone":47,"minecraft:cooked_porkchop":14,"minecraft:bucket":2,"quark:oak_chest":1,"alexsmobs:animal_dictionary":2},"minecraft:broken":{"minecraft:shield":2,"minecraft:iron_axe":1,"minecraft:iron_pickaxe":1},"minecraft:mined":{"create:deepslate_zinc_ore":2,"minecraft:light_blue_concrete":2,"iceandfire:copper_pile":6,"minecraft:cherry_log":8,"minecraft:brewing_stand":2,"minecraft:carved_pumpkin":3,"minecraft:grass_block":7,"friendsandfoes:oxidized_lightning_rod":3,"iceandfire:lectern":1,"spelunkery:dust":1,"minecraft:smooth_stone":1,"minecraft:orange_concrete":2,"minecraft:iron_ore":34,"biomesoplenty:lavender":1,"minecraft:deepslate_lapis_ore":2,"minecraft:anvil":1,"minecraft:azure_bluet":2,"create:asurine":1,"minecraft:sculk_shrieker":2,"iceandfire:gold_pile":87,"minecraft:water_cauldron":4,"biomesoplenty:webbing":11,"immersive_weathering:oak_leaf_pile":3,"iceandfire:chared_cobblestone":1,"minecraft:smoker":2,"minecraft:amethyst_cluster":4,"iceandfire:podium_acacia":2,"minecraft:torch":6,"minecraft:calcite":4,"minecraft:oxidized_copper":3,"spelunkery:inkcap_mushroom":1,"minecraft:cobblestone":21,"minecraft:sugar_cane":9,"minecraft:oak_planks":14,"minecraft:wall_torch":3,"minecraft:amethyst_block":12,"minecraft:pink_petals":1,"eidolon:deep_lead_ore":4,"minecraft:wheat":2,"minecraft:lime_concrete":4,"minecraft:stripped_oak_wood":1,"minecraft:grass":19,"biomesoplenty:clover":9,"minecraft:oak_log":38,"minecraft:dirt":4,"minecraft:smooth_basalt":3,"minecraft:oak_leaves":3,"minecraft:deepslate":60,"iceandfire:chared_stone":3,"create:zinc_ore":6,"minecraft:tuff":1,"eidolon:deep_silver_ore":7,"iceandfire:silver_ore":8,"minecraft:deepslate_diamond_ore":1,"biomesoplenty:bush":1,"sawmill:sawmill":1,"iceandfire:deepslate_silver_ore":2,"minecraft:cartography_table":3,"spelunkery:diorite_coal_ore":10,"minecraft:hay_block":82,"minecraft:furnace":20,"spelunkery:tuff_gold_ore":5,"minecraft:bookshelf":14,"minecraft:deepslate_iron_ore":25,"minecraft:stone":76,"quark:oak_chest":2,"biomesoplenty:black_sand":2,"minecraft:dandelion":1,"spelunkery:diorite_iron_ore":16,"minecraft:crafting_table":23,"minecraft:emerald_ore":1,"minecraft:lectern":2,"minecraft:tall_grass":2,"minecraft:lapis_ore":3,"minecraft:deepslate_gold_ore":17,"biomesoplenty:sprout":1,"biomesoplenty:huge_clover_petal":4,"minecraft:red_concrete":3,"minecraft:diorite":15,"supplementaries:urn":25,"spelunkery:phosphor_fungus":1,"minecraft:coal_ore":89,"quark:monster_box":1,"minecraft:cherry_leaves":1,"minecraft:yellow_concrete":2,"biomesoplenty:stringy_cobweb":4,"minecraft:cobweb":1,"minecraft:chipped_anvil":1,"minecraft:gold_ore":6},"minecraft:crafted":{"minecraft:oak_planks":32,"minecraft:oak_sign":2,"sophisticatedbackpacks:crafting_upgrade":1,"minecraft:bookshelf":6,"minecraft:cooked_mutton":12,"minecraft:iron_boots":1,"minecraft:chest":4,"minecraft:cooked_porkchop":14,"minecraft:crafting_table":4,"minecraft:wooden_pickaxe":1,"minecraft:iron_helmet":1,"sophisticatedbackpacks:upgrade_base":1,"minecraft:iron_chestplate":1,"minecraft:shield":3,"minecraft:stick":11,"quark:oak_chest":4,"minecraft:iron_ingot":108,"minecraft:iron_pickaxe":2,"minecraft:stone_sword":1,"minecraft:gold_ingot":96,"minecraft:cherry_planks":8,"minecraft:furnace":6,"alexsdelight:cooked_bison":3,"minecraft:iron_axe":2,"minecraft:iron_hoe":1,"minecraft:stone_pickaxe":1,"minecraft:wheat":330,"sophisticatedbackpacks:iron_backpack":1,"minecraft:cooked_beef":6,"minecraft:iron_sword":2,"sophisticatedbackpacks:gold_backpack":1,"minecraft:stone_axe":1,"minecraft:bread":174,"minecraft:air":775,"minecraft:raw_gold":3,"minecraft:iron_leggings":1,"minecraft:white_bed":1,"minecraft:torch":20},"minecraft:custom":{"minecraft:interact_with_crafting_table":58,"minecraft:open_barrel":10,"minecraft:leave_game":2,"minecraft:time_since_death":114271,"minecraft:sprint_one_cm":627514,"minecraft:damage_blocked_by_shield":5266,"minecraft:drop":194,"minecraft:talked_to_villager":7,"minecraft:play_time":317306,"minecraft:deaths":6,"minecraft:jump":6869,"minecraft:walk_on_water_one_cm":34512,"minecraft:interact_with_furnace":152,"minecraft:sleep_in_bed":3,"minecraft:damage_dealt":24198,"minecraft:player_kills":7,"minecraft:crouch_one_cm":30070,"minecraft:interact_with_smoker":17,"minecraft:mob_kills":114,"minecraft:damage_dealt_resisted":199,"minecraft:climb_one_cm":330,"minecraft:walk_one_cm":398436,"minecraft:damage_dealt_absorbed":160,"minecraft:sneak_time":14950,"minecraft:walk_under_water_one_cm":9330,"minecraft:interact_with_blast_furnace":6,"minecraft:total_world_time":317306,"minecraft:time_since_rest":41778,"minecraft:damage_taken":4769,"minecraft:swim_one_cm":14755,"minecraft:fly_one_cm":1861192,"minecraft:open_chest":112,"minecraft:fall_one_cm":226344},"minecraft:killed":{"minecraft:cave_spider":14,"minecraft:spider":12,"minecraft:skeleton":42,"minecraft:pig":16,"minecraft:iron_golem":2,"minecraft:creeper":4,"minecraft:sheep":24,"minecraft:pillager":2,"minecraft:zombie":50,"minecraft:cow":18,"minecraft:slime":2,"eidolon:wraith":12,"friendsandfoes:mauler":2,"minecraft:llama":8,"alexsmobs:bison":2,"iceandfire:ghost":10,"minecraft:player":3,"minecraft:enderman":4}},"DataVersion":3465}