{"stats":{"minecraft:picked_up":{"cataclysm:monstrous_horn":1,"cataclysm:infernal_forge":1,"ad_astra:launch_pad":1,"minecraft:dirt":13},"minecraft:dropped":{"minecraft:red_concrete":1,"minecraft:diamond_pickaxe":1,"minecraft:light_blue_concrete":1,"alexsmobs:animal_dictionary":2,"minecraft:lime_concrete":1,"minecraft:grass_block":1,"minecraft:yellow_concrete":1,"minecraft:orange_concrete":1},"minecraft:killed_by":{"minecraft:player":3},"minecraft:used":{"quark:yellow_shingles_vertical_slab":39,"minecraft:bedrock":25,"supplementaries:bellows":1,"minecraft:lime_concrete":2,"minecraft:orange_concrete":2,"quark:purple_stool":2,"minecraft:light_blue_concrete":3,"quark:light_blue_stool":3,"minecraft:red_concrete":3,"minecraft:grass_block":34,"quark:red_stool":2,"minecraft:barrier":263,"minecraft:yellow_concrete":2,"alexsmobs:animal_dictionary":1,"minecraft:stripped_spruce_log":78,"cataclysm:netherite_monstrosity_spawn_egg":1,"ad_astra:launch_pad":2},"minecraft:killed":{"minecraft:player":3},"minecraft:custom":{"minecraft:time_since_rest":40865,"minecraft:crouch_one_cm":2806,"minecraft:play_time":62344,"minecraft:sprint_one_cm":4575,"minecraft:deaths":4,"minecraft:damage_taken":412,"minecraft:walk_one_cm":34623,"minecraft:sneak_time":2352,"minecraft:drop":9,"minecraft:jump":342,"minecraft:damage_dealt":1132,"minecraft:leave_game":1,"minecraft:time_since_death":40841,"minecraft:total_world_time":62344,"minecraft:player_kills":6,"minecraft:fall_one_cm":480,"minecraft:fly_one_cm":177491}},"DataVersion":3465}