{"stats":{"minecraft:picked_up":{"minecraft:dirt":13},"minecraft:dropped":{"minecraft:grass_block":1},"minecraft:killed_by":{"minecraft:player":3},"minecraft:used":{"minecraft:bedrock":25,"minecraft:grass_block":15,"minecraft:barrier":42,"alexsmobs:animal_dictionary":1},"minecraft:killed":{"minecraft:player":3},"minecraft:custom":{"minecraft:time_since_rest":10282,"minecraft:crouch_one_cm":626,"minecraft:play_time":14344,"minecraft:sprint_one_cm":3686,"minecraft:deaths":3,"minecraft:damage_taken":412,"minecraft:walk_one_cm":17232,"minecraft:sneak_time":645,"minecraft:drop":1,"minecraft:jump":276,"minecraft:damage_dealt":1004,"minecraft:leave_game":1,"minecraft:time_since_death":10251,"minecraft:total_world_time":14344,"minecraft:player_kills":5,"minecraft:fall_one_cm":480,"minecraft:fly_one_cm":114598}},"DataVersion":3465}