{"stats":{"minecraft:picked_up":{"minecraft:wheat":1,"minecraft:crafting_table":18,"minecraft:azure_bluet":1,"minecraft:light_blue_concrete":3,"cataclysm:monstrous_horn":1,"spelunkery:rough_emerald":1,"minecraft:wooden_pickaxe":2,"minecraft:string":4,"minecraft:orange_concrete":3,"minecraft:iron_leggings":2,"minecraft:gold_nugget":667,"minecraft:cobbled_deepslate":58,"minecraft:beef":8,"minecraft:poppy":2,"minecraft:lectern":1,"minecraft:sugar_cane":26,"minecraft:egg":1,"minecraft:furnace":13,"minecraft:stick":7,"minecraft:raw_iron":70,"minecraft:torch":9,"sophisticatedbackpacks:backpack":1,"minecraft:porkchop":14,"minecraft:cherry_log":8,"minecraft:diorite":15,"spelunkery:raw_magnetite_nugget":5,"eidolon:tattered_cloth":1,"minecraft:arrow":3,"minecraft:rotten_flesh":6,"minecraft:hay_block":14,"minecraft:diamond_boots":1,"supplementaries:antique_ink":2,"supplementaries:ash":6,"minecraft:mutton":5,"minecraft:white_wool":4,"minecraft:rail":1,"minecraft:cobblestone":82,"minecraft:pink_petals":2,"spelunkery:inkcap_mushroom":1,"minecraft:glow_ink_sac":6,"eidolon:raw_silver":2,"minecraft:leather":3,"minecraft:smoker":1,"create:raw_zinc":6,"minecraft:oak_log":16,"minecraft:gunpowder":1,"minecraft:dirt":22,"minecraft:bone":6,"cataclysm:infernal_forge":1,"minecraft:wheat_seeds":9,"ad_astra:launch_pad":1,"minecraft:raw_gold":19,"minecraft:iron_ingot":70,"minecraft:stripped_oak_wood":1,"minecraft:oak_planks":2,"immersive_weathering:tallow":10,"minecraft:book":12,"iceandfire:chared_stone":3,"minecraft:yellow_concrete":3,"minecraft:lime_concrete":5,"minecraft:dandelion":1,"minecraft:spider_eye":2,"minecraft:leather_helmet":1,"iceandfire:chared_cobblestone":2,"minecraft:slime_ball":7,"minecraft:diamond":8,"spelunkery:raw_iron_nugget":43,"spelunkery:raw_gold_nugget":39,"minecraft:red_concrete":4,"minecraft:coal":312,"minecraft:ender_pearl":1,"iceandfire:raw_silver":4,"minecraft:diamond_pickaxe":1},"minecraft:dropped":{"iceandfire:chared_stone":2,"minecraft:iron_ingot":83,"minecraft:bread":19,"iceandfire:raw_silver":4,"minecraft:wheat_seeds":9,"minecraft:glow_ink_sac":6,"minecraft:yellow_concrete":4,"eidolon:tattered_cloth":1,"spelunkery:raw_gold_nugget":12,"spelunkery:raw_iron_nugget":43,"minecraft:grass_block":1,"minecraft:diorite":1,"minecraft:torch":1,"minecraft:iron_leggings":2,"spelunkery:inkcap_mushroom":1,"minecraft:gold_nugget":7,"minecraft:string":3,"minecraft:gold_ingot":1,"minecraft:bone":6,"minecraft:red_concrete":4,"minecraft:stone_axe":1,"minecraft:stone_sword":1,"alexsmobs:animal_dictionary":2,"minecraft:cobbled_deepslate":3,"minecraft:lime_concrete":4,"minecraft:wheat":1,"minecraft:orange_concrete":4,"minecraft:rotten_flesh":3,"minecraft:iron_boots":1,"minecraft:light_blue_concrete":4,"supplementaries:ash":6,"minecraft:gunpowder":1,"iceandfire:chared_cobblestone":2,"minecraft:diamond_pickaxe":3,"minecraft:spider_eye":2,"immersive_weathering:tallow":10,"minecraft:arrow":3,"minecraft:wooden_pickaxe":2,"minecraft:stone_pickaxe":1},"minecraft:killed_by":{"minecraft:player":3},"minecraft:used":{"minecraft:stone_sword":8,"minecraft:orange_concrete":9,"minecraft:red_concrete":12,"minecraft:oak_sign":1,"minecraft:chest":2,"minecraft:shield":30,"minecraft:iron_sword":45,"minecraft:rotten_flesh":3,"minecraft:iron_chestplate":1,"quark:yellow_shingles_vertical_slab":39,"minecraft:torch":43,"minecraft:dirt":4,"quark:light_blue_stool":3,"minecraft:azure_bluet":1,"minecraft:stripped_spruce_log":80,"minecraft:iron_hoe":1,"minecraft:iron_axe":93,"minecraft:grass_block":34,"minecraft:iron_boots":3,"minecraft:bedrock":100,"minecraft:lime_concrete":12,"iceandfire:chared_stone":1,"minecraft:furnace":19,"minecraft:cobbled_deepslate":55,"minecraft:iron_leggings":1,"minecraft:cooked_mutton":3,"minecraft:diorite":14,"minecraft:diamond_boots":3,"minecraft:oak_planks":5,"minecraft:stone_pickaxe":71,"minecraft:wooden_pickaxe":16,"minecraft:cherry_planks":2,"minecraft:sugar_cane":26,"quark:gray_shingles_stairs":15,"minecraft:light_blue_concrete":10,"minecraft:crafting_table":20,"quark:red_stool":2,"minecraft:yellow_concrete":10,"minecraft:white_bed":1,"minecraft:smoker":1,"minecraft:diamond_pickaxe":13,"supplementaries:bellows":1,"quark:purple_stool":2,"minecraft:bread":23,"minecraft:barrier":349,"minecraft:iron_pickaxe":354,"cataclysm:netherite_monstrosity_spawn_egg":1,"ad_astra:launch_pad":2,"minecraft:stone_axe":23,"minecraft:pink_petals":2,"minecraft:cobblestone":24,"minecraft:cooked_porkchop":4,"alexsmobs:animal_dictionary":2},"minecraft:broken":{"minecraft:iron_pickaxe":1},"minecraft:mined":{"create:zinc_ore":6,"eidolon:deep_silver_ore":2,"minecraft:tuff":1,"iceandfire:silver_ore":4,"minecraft:light_blue_concrete":2,"minecraft:cherry_log":8,"biomesoplenty:bush":1,"minecraft:grass_block":6,"spelunkery:dust":1,"minecraft:orange_concrete":2,"spelunkery:diorite_coal_ore":10,"minecraft:hay_block":8,"minecraft:furnace":13,"minecraft:iron_ore":31,"spelunkery:tuff_gold_ore":5,"biomesoplenty:lavender":1,"minecraft:azure_bluet":1,"minecraft:bookshelf":4,"iceandfire:gold_pile":87,"minecraft:deepslate_iron_ore":18,"minecraft:stone":74,"iceandfire:chared_cobblestone":1,"immersive_weathering:oak_leaf_pile":3,"minecraft:smoker":1,"minecraft:dandelion":1,"minecraft:crafting_table":17,"spelunkery:diorite_iron_ore":16,"minecraft:torch":1,"minecraft:emerald_ore":1,"minecraft:lectern":1,"spelunkery:inkcap_mushroom":1,"minecraft:cobblestone":4,"biomesoplenty:huge_clover_petal":4,"minecraft:deepslate_gold_ore":9,"minecraft:red_concrete":3,"minecraft:oak_planks":1,"minecraft:sugar_cane":9,"minecraft:diorite":15,"minecraft:wall_torch":2,"minecraft:pink_petals":1,"supplementaries:urn":5,"minecraft:stripped_oak_wood":1,"minecraft:lime_concrete":4,"minecraft:grass":2,"biomesoplenty:clover":6,"minecraft:coal_ore":85,"minecraft:oak_log":17,"minecraft:cherry_leaves":1,"minecraft:yellow_concrete":2,"minecraft:dirt":3,"minecraft:gold_ore":6,"minecraft:oak_leaves":1,"minecraft:deepslate":47,"iceandfire:chared_stone":3},"minecraft:crafted":{"minecraft:cherry_planks":8,"minecraft:oak_planks":17,"minecraft:oak_sign":1,"minecraft:furnace":6,"minecraft:cooked_mutton":3,"minecraft:iron_boots":1,"minecraft:iron_axe":1,"minecraft:iron_hoe":1,"minecraft:stone_pickaxe":1,"minecraft:chest":2,"minecraft:wheat":14,"minecraft:cooked_porkchop":14,"minecraft:crafting_table":2,"minecraft:wooden_pickaxe":1,"minecraft:iron_helmet":1,"minecraft:iron_sword":1,"minecraft:stone_axe":1,"minecraft:bread":42,"minecraft:air":426,"minecraft:iron_chestplate":1,"minecraft:shield":1,"minecraft:raw_gold":3,"minecraft:stick":9,"quark:oak_chest":2,"minecraft:iron_pickaxe":2,"minecraft:iron_ingot":63,"minecraft:stone_sword":1,"minecraft:gold_ingot":96,"minecraft:iron_leggings":1,"minecraft:white_bed":1,"minecraft:torch":10},"minecraft:killed":{"minecraft:spider":8,"minecraft:skeleton":18,"minecraft:pig":16,"minecraft:iron_golem":2,"minecraft:sheep":14,"minecraft:zombie":12,"minecraft:player":3,"minecraft:enderman":2,"minecraft:cow":10},"minecraft:custom":{"minecraft:mob_kills":42,"minecraft:interact_with_crafting_table":36,"minecraft:open_barrel":7,"minecraft:damage_dealt_resisted":199,"minecraft:leave_game":2,"minecraft:time_since_death":157803,"minecraft:sprint_one_cm":242558,"minecraft:walk_one_cm":199216,"minecraft:damage_blocked_by_shield":2116,"minecraft:drop":160,"minecraft:damage_dealt_absorbed":80,"minecraft:talked_to_villager":1,"minecraft:play_time":179306,"minecraft:deaths":4,"minecraft:sneak_time":11000,"minecraft:walk_under_water_one_cm":6167,"minecraft:jump":2902,"minecraft:walk_on_water_one_cm":23302,"minecraft:total_world_time":179306,"minecraft:interact_with_furnace":127,"minecraft:sleep_in_bed":2,"minecraft:time_since_rest":24947,"minecraft:damage_taken":1840,"minecraft:damage_dealt":9255,"minecraft:swim_one_cm":2066,"minecraft:fly_one_cm":951126,"minecraft:player_kills":7,"minecraft:open_chest":30,"minecraft:crouch_one_cm":19394,"minecraft:interact_with_smoker":4,"minecraft:fall_one_cm":85765}},"DataVersion":3465}