{"stats":{"minecraft:picked_up":{"minecraft:dirt":13},"minecraft:dropped":{"minecraft:grass_block":1},"minecraft:killed_by":{"minecraft:player":3},"minecraft:used":{"quark:yellow_shingles_vertical_slab":39,"minecraft:bedrock":25,"supplementaries:bellows":1,"quark:purple_stool":2,"quark:light_blue_stool":3,"minecraft:grass_block":20,"quark:red_stool":2,"minecraft:barrier":69,"alexsmobs:animal_dictionary":1},"minecraft:killed":{"minecraft:player":3},"minecraft:custom":{"minecraft:time_since_rest":16865,"minecraft:crouch_one_cm":1941,"minecraft:play_time":38344,"minecraft:sprint_one_cm":3928,"minecraft:deaths":4,"minecraft:damage_taken":412,"minecraft:walk_one_cm":25831,"minecraft:sneak_time":1410,"minecraft:drop":1,"minecraft:jump":303,"minecraft:damage_dealt":1072,"minecraft:leave_game":1,"minecraft:time_since_death":16841,"minecraft:total_world_time":38344,"minecraft:player_kills":5,"minecraft:fall_one_cm":480,"minecraft:fly_one_cm":138726}},"DataVersion":3465}