{"stats":{"minecraft:dropped":{"alexsmobs:animal_dictionary":2,"minecraft:grass_block":1},"minecraft:picked_up":{"cataclysm:monstrous_horn":1,"cataclysm:infernal_forge":1,"ad_astra:launch_pad":1,"minecraft:dirt":13},"minecraft:killed_by":{"minecraft:player":3},"minecraft:used":{"quark:yellow_shingles_vertical_slab":39,"minecraft:bedrock":25,"supplementaries:bellows":1,"quark:purple_stool":2,"quark:light_blue_stool":3,"minecraft:grass_block":20,"quark:red_stool":2,"minecraft:barrier":183,"alexsmobs:animal_dictionary":1,"minecraft:stripped_spruce_log":29,"cataclysm:netherite_monstrosity_spawn_egg":1,"ad_astra:launch_pad":2},"minecraft:killed":{"minecraft:player":3},"minecraft:custom":{"minecraft:time_since_rest":28865,"minecraft:crouch_one_cm":2574,"minecraft:play_time":50344,"minecraft:sprint_one_cm":4253,"minecraft:deaths":4,"minecraft:damage_taken":412,"minecraft:walk_one_cm":30336,"minecraft:sneak_time":2029,"minecraft:drop":3,"minecraft:jump":323,"minecraft:damage_dealt":1122,"minecraft:leave_game":1,"minecraft:time_since_death":28841,"minecraft:total_world_time":50344,"minecraft:player_kills":6,"minecraft:fall_one_cm":480,"minecraft:fly_one_cm":165340}},"DataVersion":3465}