[
  {
    "hearts": 10,
    "banTime": 0,
    "maxHearts": 100,
    "eliminated": false,
    "joinedAfterBan": true,
    "healthOnLeave": 20.0,
    "IP": "100.71.103.23",
    "respawnAtBeaconLocation": "done",
    "UUID": "45b2df26-f617-44ed-8107-e485d417239b"
  },
  {
    "hearts": 10,
    "banTime": 0,
    "maxHearts": 100,
    "eliminated": false,
    "joinedAfterBan": true,
    "IP": "100.71.136.66",
    "respawnAtBeaconLocation": "done",
    "UUID": "75701d7c-5a23-44ed-a163-758717a92dbd"
  },
  {
    "hearts": 10,
    "banTime": 0,
    "maxHearts": 100,
    "eliminated": false,
    "joinedAfterBan": true,
    "IP": "100.69.22.27",
    "respawnAtBeaconLocation": "done",
    "UUID": "dcdf614f-e62e-47ae-8043-7a79d0bab5a2"
  },
  {
    "hearts": 10,
    "banTime": 0,
    "maxHearts": 100,
    "eliminated": false,
    "joinedAfterBan": true,
    "healthOnLeave": 20.0,
    "IP": "100.96.204.109",
    "respawnAtBeaconLocation": "done",
    "UUID": "dfff51dc-2326-4c3a-ba3b-40ec16622cee"
  },
  {
    "hearts": 10,
    "banTime": 0,
    "maxHearts": 100,
    "eliminated": false,
    "joinedAfterBan": true,
    "healthOnLeave": 9.086437225341797,
    "IP": "100.71.245.67",
    "respawnAtBeaconLocation": "done",
    "UUID": "835c04c3-65a7-45ac-9e31-9a6c2a82b13c"
  }
]