{
  "iceandfire:iceandfire/root": {
    "criteria": {
      "tick": "2024-09-15 00:17:16 +0000"
    },
    "done": true
  },
  "betterdungeons:root": {
    "criteria": {
      "always": "2024-09-15 00:17:16 +0000"
    },
    "done": true
  },
  "betterdeserttemples:root": {
    "criteria": {
      "always": "2024-09-15 00:17:16 +0000"
    },
    "done": true
  },
  "cataclysm:root": {
    "criteria": {
      "custom_test_name": "2024-09-15 00:17:16 +0000"
    },
    "done": true
  },
  "minecraft:adventure/adventuring_time": {
    "criteria": {
      "minecraft:cherry_grove": "2024-09-15 00:40:49 +0000",
      "minecraft:sunflower_plains": "2024-09-15 00:17:16 +0000",
      "minecraft:river": "2024-09-15 00:51:40 +0000",
      "minecraft:dripstone_caves": "2024-09-16 00:20:50 +0000",
      "minecraft:forest": "2024-09-15 01:00:25 +0000",
      "minecraft:flower_forest": "2024-09-15 00:51:43 +0000",
      "minecraft:deep_dark": "2024-09-16 00:23:47 +0000",
      "minecraft:plains": "2024-09-15 00:41:16 +0000"
    },
    "done": false
  },
  "farmersdelight:main/root": {
    "criteria": {
      "seeds": "2024-09-15 00:18:05 +0000"
    },
    "done": true
  },
  "create:root": {
    "criteria": {
      "0": "2024-09-15 00:18:05 +0000"
    },
    "done": true
  },
  "minecraft:adventure/root": {
    "criteria": {
      "killed_by_something": "2024-09-15 00:19:13 +0000"
    },
    "done": true
  },
  "immersive_weathering:immersive_weathering/dirts": {
    "criteria": {
      "dirt": "2024-09-15 00:20:05 +0000"
    },
    "done": false
  },
  "quark:crawl_in_hollow_log": {
    "criteria": {
      "crawl_in_hollow_log": "2024-09-15 00:40:52 +0000"
    },
    "done": true
  },
  "spelunkery:recipes/stick": {
    "criteria": {
      "has_item": "2024-09-15 00:42:02 +0000"
    },
    "done": true
  },
  "minecraft:story/root": {
    "criteria": {
      "crafting_table": "2024-09-15 00:42:09 +0000"
    },
    "done": true
  },
  "minecraft:story/mine_stone": {
    "criteria": {
      "get_stone": "2024-09-15 00:42:23 +0000"
    },
    "done": true
  },
  "minecraft:story/upgrade_tools": {
    "criteria": {
      "stone_pickaxe": "2024-09-15 00:43:14 +0000"
    },
    "done": true
  },
  "spelunkery:recipes/coal": {
    "criteria": {
      "has_item": "2024-09-15 00:45:52 +0000"
    },
    "done": true
  },
  "spelunkery:recipes/raw_iron": {
    "criteria": {
      "has_item": "2024-09-15 00:47:27 +0000"
    },
    "done": true
  },
  "spelunkery:spelunkery/coal_lump": {
    "criteria": {
      "item": "2024-09-15 00:48:07 +0000"
    },
    "done": true
  },
  "spelunkery:recipes/coal_lump": {
    "criteria": {
      "has_item": "2024-09-15 00:48:07 +0000"
    },
    "done": true
  },
  "minecraft:adventure/kill_all_mobs": {
    "criteria": {
      "minecraft:skeleton": "2024-09-15 00:57:36 +0000",
      "minecraft:spider": "2024-09-15 00:50:02 +0000",
      "minecraft:creeper": "2024-09-15 23:13:46 +0000",
      "minecraft:slime": "2024-09-15 23:05:20 +0000",
      "minecraft:zombified_piglin": "2024-09-16 00:35:38 +0000",
      "minecraft:cave_spider": "2024-09-15 23:02:57 +0000",
      "minecraft:zombie": "2024-09-15 22:29:42 +0000"
    },
    "done": false
  },
  "minecraft:adventure/kill_a_mob": {
    "criteria": {
      "minecraft:spider": "2024-09-15 00:50:02 +0000"
    },
    "done": true
  },
  "spelunkery:recipes/flint": {
    "criteria": {
      "has_item": "2024-09-15 00:50:16 +0000"
    },
    "done": true
  },
  "biomesoplenty:biomesoplenty/all_biomes": {
    "criteria": {
      "shrubland": "2024-09-15 01:27:41 +0000",
      "rocky_shrubland": "2024-09-15 01:28:37 +0000",
      "erupting_inferno": "2024-09-15 22:28:17 +0000",
      "highland": "2024-09-15 22:40:53 +0000",
      "clover_patch": "2024-09-15 01:00:40 +0000",
      "maple_woods": "2024-09-15 01:01:14 +0000",
      "orchard": "2024-09-15 01:00:39 +0000",
      "moor": "2024-09-15 01:32:22 +0000",
      "spider_nest": "2024-09-15 22:57:03 +0000",
      "pasture": "2024-09-15 01:05:34 +0000",
      "volcanic_plains": "2024-09-15 22:53:19 +0000",
      "lavender_field": "2024-09-15 01:23:52 +0000",
      "grassland": "2024-09-15 01:32:58 +0000",
      "prairie": "2024-09-15 00:52:01 +0000",
      "glowing_grotto": "2024-09-15 22:53:43 +0000"
    },
    "done": false
  },
  "biomesoplenty:biomesoplenty/root": {
    "criteria": {
      "prairie": "2024-09-15 00:52:01 +0000"
    },
    "done": true
  },
  "minecraft:husbandry/root": {
    "criteria": {
      "consumed_item": "2024-09-15 00:54:56 +0000"
    },
    "done": true
  },
  "minecraft:husbandry/balanced_diet": {
    "criteria": {
      "cooked_porkchop": "2024-09-15 01:04:31 +0000",
      "cooked_beef": "2024-09-15 00:54:56 +0000",
      "mutton": "2024-09-15 01:01:34 +0000",
      "cooked_salmon": "2024-09-15 23:21:56 +0000"
    },
    "done": false
  },
  "minecraft:story/smelt_iron": {
    "criteria": {
      "iron": "2024-09-15 00:58:01 +0000"
    },
    "done": true
  },
  "minecraft:story/obtain_armor": {
    "criteria": {
      "iron_leggings": "2024-09-15 01:29:31 +0000"
    },
    "done": true
  },
  "minecraft:story/deflect_arrow": {
    "criteria": {
      "deflected_projectile": "2024-09-15 01:33:23 +0000"
    },
    "done": true
  },
  "minecraft:adventure/sleep_in_bed": {
    "criteria": {
      "slept_in_bed": "2024-09-15 01:33:46 +0000"
    },
    "done": true
  },
  "minecraft:story/iron_tools": {
    "criteria": {
      "iron_pickaxe": "2024-09-15 22:27:58 +0000"
    },
    "done": true
  },
  "minecraft:nether/root": {
    "criteria": {
      "entered_nether": "2024-09-15 22:28:16 +0000"
    },
    "done": true
  },
  "minecraft:story/enter_the_nether": {
    "criteria": {
      "entered_nether": "2024-09-15 22:28:16 +0000"
    },
    "done": true
  },
  "spelunkery:recipes/quartz": {
    "criteria": {
      "has_item": "2024-09-15 22:28:34 +0000"
    },
    "done": true
  },
  "spelunkery:recipes/emerald": {
    "criteria": {
      "has_item": "2024-09-15 22:38:24 +0000"
    },
    "done": true
  },
  "farmersdelight:main/get_fd_seed": {
    "criteria": {
      "tomato_seeds": "2024-09-15 22:38:24 +0000"
    },
    "done": true
  },
  "spelunkery:recipes/rough_diamond": {
    "criteria": {
      "has_item": "2024-09-15 22:46:30 +0000"
    },
    "done": true
  },
  "spelunkery:spelunkery/rough_gem": {
    "criteria": {
      "item": "2024-09-15 22:46:30 +0000"
    },
    "done": true
  },
  "spelunkery:spelunkery/rough_diamond": {
    "criteria": {
      "item": "2024-09-15 22:46:30 +0000"
    },
    "done": true
  },
  "spelunkery:recipes/diamond": {
    "criteria": {
      "has_item": "2024-09-15 22:49:07 +0000"
    },
    "done": true
  },
  "minecraft:story/mine_diamond": {
    "criteria": {
      "diamond": "2024-09-15 22:49:07 +0000"
    },
    "done": true
  },
  "spelunkery:recipes/charcoal": {
    "criteria": {
      "has_item": "2024-09-15 22:55:35 +0000"
    },
    "done": true
  },
  "spelunkery:recipes/raw_gold": {
    "criteria": {
      "has_item": "2024-09-15 23:00:49 +0000"
    },
    "done": true
  },
  "artifacts:chest_slayer": {
    "criteria": {
      "kill_mimic": "2024-09-15 23:10:53 +0000"
    },
    "done": true
  },
  "artifacts:amateur_archaeologist": {
    "criteria": {
      "find_artifact": "2024-09-15 23:10:56 +0000"
    },
    "done": true
  },
  "spelunkery:recipes/nephrite_chunk": {
    "criteria": {
      "has_item": "2024-09-15 23:12:28 +0000"
    },
    "done": true
  },
  "spelunkery:spelunkery/nephrite_chunk": {
    "criteria": {
      "item": "2024-09-15 23:12:28 +0000"
    },
    "done": true
  },
  "spelunkery:recipes/rough_cinnabar": {
    "criteria": {
      "has_item": "2024-09-15 23:16:20 +0000"
    },
    "done": true
  },
  "spelunkery:recipes/rough_cinnabar_shard": {
    "criteria": {
      "has_item": "2024-09-15 23:16:20 +0000"
    },
    "done": true
  },
  "spelunkery:recipes/white_inkcap_mushroom": {
    "criteria": {
      "has_item": "2024-09-15 23:20:50 +0000"
    },
    "done": true
  },
  "spelunkery:spelunkery/grindstone": {
    "criteria": {
      "item": "2024-09-15 23:32:27 +0000"
    },
    "done": true
  },
  "spelunkery:recipes/cinnabar": {
    "criteria": {
      "has_item": "2024-09-15 23:32:27 +0000"
    },
    "done": true
  },
  "minecraft:husbandry/plant_seed": {
    "criteria": {
      "wheat": "2024-09-15 23:59:30 +0000"
    },
    "done": true
  },
  "farmersdelight:main/plant_all_crops": {
    "criteria": {
      "wheat": "2024-09-15 23:59:30 +0000"
    },
    "done": false
  },
  "DataVersion": 3465
}