{
  "iceandfire:iceandfire/root": {
    "criteria": {
      "tick": "2024-09-14 23:32:24 +0000"
    },
    "done": true
  },
  "betterdungeons:root": {
    "criteria": {
      "always": "2024-09-14 23:32:24 +0000"
    },
    "done": true
  },
  "betterdeserttemples:root": {
    "criteria": {
      "always": "2024-09-14 23:32:24 +0000"
    },
    "done": true
  },
  "cataclysm:root": {
    "criteria": {
      "custom_test_name": "2024-09-14 23:32:24 +0000"
    },
    "done": true
  },
  "minecraft:adventure/adventuring_time": {
    "criteria": {
      "minecraft:sunflower_plains": "2024-09-14 23:33:31 +0000",
      "minecraft:plains": "2024-09-14 23:32:25 +0000"
    },
    "done": false
  },
  "DataVersion": 3465
}