{
  "iceandfire:iceandfire/root": {
    "criteria": {
      "tick": "2024-09-15 00:17:16 +0000"
    },
    "done": true
  },
  "betterdungeons:root": {
    "criteria": {
      "always": "2024-09-15 00:17:16 +0000"
    },
    "done": true
  },
  "farmersdelight:main/root": {
    "criteria": {
      "seeds": "2024-09-15 00:18:05 +0000"
    },
    "done": true
  },
  "create:root": {
    "criteria": {
      "0": "2024-09-15 00:18:05 +0000"
    },
    "done": true
  },
  "betterdeserttemples:root": {
    "criteria": {
      "always": "2024-09-15 00:17:16 +0000"
    },
    "done": true
  },
  "cataclysm:root": {
    "criteria": {
      "custom_test_name": "2024-09-15 00:17:16 +0000"
    },
    "done": true
  },
  "biomesoplenty:biomesoplenty/all_biomes": {
    "criteria": {
      "clover_patch": "2024-09-15 01:00:40 +0000",
      "maple_woods": "2024-09-15 01:01:14 +0000",
      "orchard": "2024-09-15 01:00:39 +0000",
      "pasture": "2024-09-15 01:05:34 +0000",
      "prairie": "2024-09-15 00:52:01 +0000"
    },
    "done": false
  },
  "biomesoplenty:biomesoplenty/root": {
    "criteria": {
      "prairie": "2024-09-15 00:52:01 +0000"
    },
    "done": true
  },
  "minecraft:adventure/root": {
    "criteria": {
      "killed_by_something": "2024-09-15 00:19:13 +0000"
    },
    "done": true
  },
  "minecraft:husbandry/root": {
    "criteria": {
      "consumed_item": "2024-09-15 00:54:56 +0000"
    },
    "done": true
  },
  "spelunkery:recipes/coal": {
    "criteria": {
      "has_item": "2024-09-15 00:45:52 +0000"
    },
    "done": true
  },
  "minecraft:adventure/kill_all_mobs": {
    "criteria": {
      "minecraft:skeleton": "2024-09-15 00:57:36 +0000",
      "minecraft:spider": "2024-09-15 00:50:02 +0000"
    },
    "done": false
  },
  "minecraft:adventure/kill_a_mob": {
    "criteria": {
      "minecraft:spider": "2024-09-15 00:50:02 +0000"
    },
    "done": true
  },
  "minecraft:adventure/adventuring_time": {
    "criteria": {
      "minecraft:cherry_grove": "2024-09-15 00:40:49 +0000",
      "minecraft:sunflower_plains": "2024-09-15 00:17:16 +0000",
      "minecraft:river": "2024-09-15 00:51:40 +0000",
      "minecraft:forest": "2024-09-15 01:00:25 +0000",
      "minecraft:flower_forest": "2024-09-15 00:51:43 +0000",
      "minecraft:plains": "2024-09-15 00:41:16 +0000"
    },
    "done": false
  },
  "immersive_weathering:immersive_weathering/dirts": {
    "criteria": {
      "dirt": "2024-09-15 00:20:05 +0000"
    },
    "done": false
  },
  "spelunkery:recipes/raw_iron": {
    "criteria": {
      "has_item": "2024-09-15 00:47:27 +0000"
    },
    "done": true
  },
  "minecraft:husbandry/balanced_diet": {
    "criteria": {
      "cooked_porkchop": "2024-09-15 01:04:31 +0000",
      "cooked_beef": "2024-09-15 00:54:56 +0000",
      "mutton": "2024-09-15 01:01:34 +0000"
    },
    "done": false
  },
  "spelunkery:recipes/flint": {
    "criteria": {
      "has_item": "2024-09-15 00:50:16 +0000"
    },
    "done": true
  },
  "minecraft:story/mine_stone": {
    "criteria": {
      "get_stone": "2024-09-15 00:42:23 +0000"
    },
    "done": true
  },
  "spelunkery:spelunkery/coal_lump": {
    "criteria": {
      "item": "2024-09-15 00:48:07 +0000"
    },
    "done": true
  },
  "minecraft:story/upgrade_tools": {
    "criteria": {
      "stone_pickaxe": "2024-09-15 00:43:14 +0000"
    },
    "done": true
  },
  "quark:crawl_in_hollow_log": {
    "criteria": {
      "crawl_in_hollow_log": "2024-09-15 00:40:52 +0000"
    },
    "done": true
  },
  "minecraft:story/root": {
    "criteria": {
      "crafting_table": "2024-09-15 00:42:09 +0000"
    },
    "done": true
  },
  "spelunkery:recipes/stick": {
    "criteria": {
      "has_item": "2024-09-15 00:42:02 +0000"
    },
    "done": true
  },
  "minecraft:story/smelt_iron": {
    "criteria": {
      "iron": "2024-09-15 00:58:01 +0000"
    },
    "done": true
  },
  "spelunkery:recipes/coal_lump": {
    "criteria": {
      "has_item": "2024-09-15 00:48:07 +0000"
    },
    "done": true
  },
  "DataVersion": 3465
}