{
  "iceandfire:iceandfire/root": {
    "criteria": {
      "tick": "2024-09-14 23:32:24 +0000"
    },
    "done": true
  },
  "betterdungeons:root": {
    "criteria": {
      "always": "2024-09-14 23:32:24 +0000"
    },
    "done": true
  },
  "minecraft:adventure/adventuring_time": {
    "criteria": {
      "minecraft:sunflower_plains": "2024-09-14 23:33:30 +0000",
      "minecraft:plains": "2024-09-14 23:32:24 +0000"
    },
    "done": false
  },
  "immersive_weathering:immersive_weathering/dirts": {
    "criteria": {
      "dirt": "2024-09-14 23:35:54 +0000"
    },
    "done": false
  },
  "farmersdelight:main/root": {
    "criteria": {
      "seeds": "2024-09-14 23:35:54 +0000"
    },
    "done": true
  },
  "create:root": {
    "criteria": {
      "0": "2024-09-14 23:35:54 +0000"
    },
    "done": true
  },
  "betterdeserttemples:root": {
    "criteria": {
      "always": "2024-09-14 23:32:24 +0000"
    },
    "done": true
  },
  "cataclysm:root": {
    "criteria": {
      "custom_test_name": "2024-09-14 23:32:24 +0000"
    },
    "done": true
  },
  "DataVersion": 3465
}