{
  "iceandfire:iceandfire/root": {
    "criteria": {
      "tick": "2024-09-15 00:17:16 +0000"
    },
    "done": true
  },
  "betterdungeons:root": {
    "criteria": {
      "always": "2024-09-15 00:17:16 +0000"
    },
    "done": true
  },
  "betterdeserttemples:root": {
    "criteria": {
      "always": "2024-09-15 00:17:16 +0000"
    },
    "done": true
  },
  "cataclysm:root": {
    "criteria": {
      "custom_test_name": "2024-09-15 00:17:16 +0000"
    },
    "done": true
  },
  "minecraft:adventure/adventuring_time": {
    "criteria": {
      "minecraft:sunflower_plains": "2024-09-15 00:17:16 +0000",
      "minecraft:cherry_grove": "2024-09-15 00:40:41 +0000",
      "minecraft:savanna_plateau": "2024-09-15 04:50:02 +0000",
      "minecraft:stony_peaks": "2024-09-16 00:20:54 +0000",
      "minecraft:river": "2024-09-15 01:07:47 +0000",
      "minecraft:forest": "2024-09-15 01:13:57 +0000",
      "minecraft:deep_dark": "2024-09-15 03:50:54 +0000",
      "minecraft:savanna": "2024-09-15 04:49:14 +0000",
      "minecraft:plains": "2024-09-15 00:43:58 +0000"
    },
    "done": false
  },
  "farmersdelight:main/root": {
    "criteria": {
      "seeds": "2024-09-15 00:17:21 +0000"
    },
    "done": true
  },
  "create:root": {
    "criteria": {
      "0": "2024-09-15 00:17:21 +0000"
    },
    "done": true
  },
  "minecraft:husbandry/root": {
    "criteria": {
      "consumed_item": "2024-09-15 00:35:41 +0000"
    },
    "done": true
  },
  "alexsmobs:alexsmobs/root": {
    "criteria": {
      "useitem": "2024-09-15 00:35:41 +0000"
    },
    "done": true
  },
  "minecraft:adventure/root": {
    "criteria": {
      "killed_something": "2024-09-15 00:36:20 +0000"
    },
    "done": true
  },
  "minecraft:story/root": {
    "criteria": {
      "crafting_table": "2024-09-15 00:40:57 +0000"
    },
    "done": true
  },
  "spelunkery:recipes/stick": {
    "criteria": {
      "has_item": "2024-09-15 00:41:01 +0000"
    },
    "done": true
  },
  "immersive_weathering:immersive_weathering/dirts": {
    "criteria": {
      "dirt": "2024-09-15 00:41:08 +0000",
      "earthen_clay": "2024-09-16 00:24:13 +0000"
    },
    "done": false
  },
  "minecraft:story/mine_stone": {
    "criteria": {
      "get_stone": "2024-09-15 00:41:15 +0000"
    },
    "done": true
  },
  "minecraft:story/upgrade_tools": {
    "criteria": {
      "stone_pickaxe": "2024-09-15 00:41:25 +0000"
    },
    "done": true
  },
  "farmersdelight:main/get_fd_seed": {
    "criteria": {
      "onion": "2024-09-15 00:42:22 +0000"
    },
    "done": true
  },
  "spelunkery:recipes/coal": {
    "criteria": {
      "has_item": "2024-09-15 00:43:32 +0000"
    },
    "done": true
  },
  "spelunkery:recipes/raw_copper": {
    "criteria": {
      "has_item": "2024-09-15 00:46:25 +0000"
    },
    "done": true
  },
  "minecraft:husbandry/balanced_diet": {
    "criteria": {
      "cooked_mutton": "2024-09-15 00:50:13 +0000",
      "cooked_beef": "2024-09-15 05:15:51 +0000",
      "baked_potato": "2024-09-16 00:22:48 +0000",
      "bread": "2024-09-15 01:34:42 +0000",
      "rotten_flesh": "2024-09-15 01:18:58 +0000"
    },
    "done": false
  },
  "minecraft:adventure/kill_all_mobs": {
    "criteria": {
      "minecraft:skeleton": "2024-09-15 02:25:11 +0000",
      "minecraft:spider": "2024-09-15 03:31:37 +0000",
      "minecraft:creeper": "2024-09-16 01:01:12 +0000",
      "minecraft:slime": "2024-09-15 00:51:06 +0000",
      "minecraft:zombie": "2024-09-15 01:18:41 +0000",
      "minecraft:zombie_villager": "2024-09-15 02:28:36 +0000"
    },
    "done": false
  },
  "minecraft:adventure/kill_a_mob": {
    "criteria": {
      "minecraft:slime": "2024-09-15 00:51:06 +0000"
    },
    "done": true
  },
  "spelunkery:recipes/raw_iron": {
    "criteria": {
      "has_item": "2024-09-15 00:51:11 +0000"
    },
    "done": true
  },
  "minecraft:story/smelt_iron": {
    "criteria": {
      "iron": "2024-09-15 00:51:40 +0000"
    },
    "done": true
  },
  "minecraft:story/obtain_armor": {
    "criteria": {
      "iron_chestplate": "2024-09-15 00:55:16 +0000"
    },
    "done": true
  },
  "spelunkery:spelunkery/rough_gem": {
    "criteria": {
      "item": "2024-09-15 00:56:37 +0000"
    },
    "done": true
  },
  "spelunkery:recipes/rough_lazurite": {
    "criteria": {
      "has_item": "2024-09-15 00:56:37 +0000"
    },
    "done": true
  },
  "minecraft:story/iron_tools": {
    "criteria": {
      "iron_pickaxe": "2024-09-15 00:58:16 +0000"
    },
    "done": true
  },
  "spelunkery:recipes/raw_gold": {
    "criteria": {
      "has_item": "2024-09-15 00:58:37 +0000"
    },
    "done": true
  },
  "spelunkery:recipes/inkcap_mushroom": {
    "criteria": {
      "has_item": "2024-09-15 01:03:07 +0000"
    },
    "done": true
  },
  "spelunkery:recipes/raw_gold_nugget": {
    "criteria": {
      "has_item": "2024-09-15 01:05:36 +0000"
    },
    "done": true
  },
  "spelunkery:recipes/raw_iron_nugget": {
    "criteria": {
      "has_item": "2024-09-15 01:06:21 +0000"
    },
    "done": true
  },
  "spelunkery:recipes/raw_magnetite_nugget": {
    "criteria": {
      "has_item": "2024-09-15 01:07:24 +0000"
    },
    "done": true
  },
  "spelunkery:recipes/rough_cinnabar": {
    "criteria": {
      "has_item": "2024-09-15 01:07:35 +0000"
    },
    "done": true
  },
  "spelunkery:recipes/rough_cinnabar_shard": {
    "criteria": {
      "has_item": "2024-09-15 01:07:35 +0000"
    },
    "done": true
  },
  "biomesoplenty:biomesoplenty/all_biomes": {
    "criteria": {
      "woodland": "2024-09-16 00:16:27 +0000",
      "shrubland": "2024-09-15 23:29:20 +0000",
      "rocky_shrubland": "2024-09-15 21:12:41 +0000",
      "scrubland": "2024-09-16 00:20:40 +0000",
      "highland": "2024-09-15 02:35:09 +0000",
      "clover_patch": "2024-09-15 01:17:34 +0000",
      "old_growth_woodland": "2024-09-15 03:39:35 +0000",
      "maple_woods": "2024-09-15 01:18:34 +0000",
      "orchard": "2024-09-15 01:17:00 +0000",
      "lavender_forest": "2024-09-15 05:02:50 +0000",
      "moor": "2024-09-15 01:59:19 +0000",
      "spider_nest": "2024-09-15 03:44:24 +0000",
      "seasonal_orchard": "2024-09-15 01:25:37 +0000",
      "volcano": "2024-09-15 04:22:42 +0000",
      "rocky_rainforest": "2024-09-15 04:21:35 +0000",
      "pasture": "2024-09-15 23:32:51 +0000",
      "volcanic_plains": "2024-09-15 02:38:58 +0000",
      "lavender_field": "2024-09-15 23:30:18 +0000",
      "pumpkin_patch": "2024-09-15 01:25:06 +0000",
      "grassland": "2024-09-15 02:14:01 +0000",
      "prairie": "2024-09-15 23:30:58 +0000",
      "glowing_grotto": "2024-09-15 04:11:20 +0000",
      "rainforest": "2024-09-15 04:20:47 +0000"
    },
    "done": false
  },
  "biomesoplenty:biomesoplenty/root": {
    "criteria": {
      "orchard": "2024-09-15 01:17:00 +0000"
    },
    "done": true
  },
  "minecraft:story/deflect_arrow": {
    "criteria": {
      "deflected_projectile": "2024-09-15 01:18:45 +0000"
    },
    "done": true
  },
  "nova_structures:adventure/find_all_illager_structures": {
    "criteria": {
      "illager_camp": "2024-09-15 01:23:54 +0000"
    },
    "done": false
  },
  "minecraft:adventure/sleep_in_bed": {
    "criteria": {
      "slept_in_bed": "2024-09-15 01:34:19 +0000"
    },
    "done": true
  },
  "spelunkery:spelunkery/conk_fungus": {
    "criteria": {
      "item": "2024-09-15 01:51:50 +0000"
    },
    "done": true
  },
  "spelunkery:recipes/copper_ingot": {
    "criteria": {
      "has_item": "2024-09-15 02:29:29 +0000"
    },
    "done": true
  },
  "create:copper": {
    "criteria": {
      "0": "2024-09-15 02:29:29 +0000"
    },
    "done": true
  },
  "minecraft:adventure/avoid_vibration": {
    "criteria": {
      "avoid_vibration": "2024-09-15 03:48:26 +0000"
    },
    "done": true
  },
  "spelunkery:recipes/phosphor_fungus": {
    "criteria": {
      "has_item": "2024-09-15 03:59:39 +0000"
    },
    "done": true
  },
  "farmersdelight:main/plant_all_crops": {
    "criteria": {
      "tomato": "2024-09-15 22:18:49 +0000",
      "sugar_cane": "2024-09-15 22:42:48 +0000",
      "potato": "2024-09-15 20:26:14 +0000",
      "wheat": "2024-09-15 23:11:53 +0000",
      "carrot": "2024-09-15 04:18:30 +0000"
    },
    "done": false
  },
  "alexsmobs:alexsmobs/sopa_de_macaco": {
    "criteria": {
      "sopa_de_macaco": "2024-09-15 04:54:03 +0000"
    },
    "done": true
  },
  "alexsmobs:alexsmobs/kangaroo": {
    "criteria": {
      "interact": "2024-09-15 04:57:42 +0000"
    },
    "done": true
  },
  "minecraft:husbandry/tame_an_animal": {
    "criteria": {
      "tamed_animal": "2024-09-15 04:57:58 +0000"
    },
    "done": true
  },
  "alexsmobs:alexsmobs/emu": {
    "criteria": {
      "interact": "2024-09-15 05:07:23 +0000"
    },
    "done": true
  },
  "spelunkery:recipes/rough_diamond": {
    "criteria": {
      "has_item": "2024-09-15 21:01:21 +0000"
    },
    "done": true
  },
  "spelunkery:spelunkery/rough_diamond": {
    "criteria": {
      "item": "2024-09-15 21:01:21 +0000"
    },
    "done": true
  },
  "spelunkery:recipes/rough_diamond_shard": {
    "criteria": {
      "has_item": "2024-09-15 21:01:35 +0000"
    },
    "done": true
  },
  "spelunkery:recipes/rough_lazurite_shard": {
    "criteria": {
      "has_item": "2024-09-15 21:08:12 +0000"
    },
    "done": true
  },
  "spelunkery:recipes/mushgloom": {
    "criteria": {
      "has_item": "2024-09-15 21:22:54 +0000"
    },
    "done": true
  },
  "minecraft:story/lava_bucket": {
    "criteria": {
      "lava_bucket": "2024-09-15 22:20:21 +0000"
    },
    "done": true
  },
  "minecraft:husbandry/plant_seed": {
    "criteria": {
      "supplementaries:flax": "2024-09-15 22:23:29 +0000"
    },
    "done": true
  },
  "minecraft:husbandry/tactical_fishing": {
    "criteria": {
      "salmon_bucket": "2024-09-15 22:39:42 +0000"
    },
    "done": true
  },
  "spelunkery:recipes/diamond": {
    "criteria": {
      "has_item": "2024-09-15 22:44:02 +0000"
    },
    "done": true
  },
  "minecraft:story/mine_diamond": {
    "criteria": {
      "diamond": "2024-09-15 22:44:02 +0000"
    },
    "done": true
  },
  "spelunkery:recipes/cinnabar": {
    "criteria": {
      "has_item": "2024-09-15 22:48:21 +0000"
    },
    "done": true
  },
  "minecraft:story/shiny_gear": {
    "criteria": {
      "diamond_chestplate": "2024-09-15 22:53:25 +0000"
    },
    "done": true
  },
  "minecraft:husbandry/breed_an_animal": {
    "criteria": {
      "bred": "2024-09-15 23:10:29 +0000"
    },
    "done": true
  },
  "friendsandfoes:misc/yellow_dye_from_buttercup": {
    "criteria": {
      "has_buttercup": "2024-09-15 23:11:02 +0000"
    },
    "done": true
  },
  "spelunkery:spelunkery/rock_salt": {
    "criteria": {
      "item": "2024-09-16 00:49:03 +0000"
    },
    "done": true
  },
  "spelunkery:recipes/gunpowder": {
    "criteria": {
      "has_item": "2024-09-16 01:01:14 +0000"
    },
    "done": true
  },
  "spelunkery:recipes/rock_salt": {
    "criteria": {
      "has_item": "2024-09-16 00:49:03 +0000"
    },
    "done": true
  },
  "artifacts:amateur_archaeologist": {
    "criteria": {
      "find_artifact": "2024-09-16 00:49:27 +0000"
    },
    "done": true
  },
  "spelunkery:recipes/rough_emerald_block": {
    "criteria": {
      "has_item": "2024-09-16 00:27:30 +0000"
    },
    "done": true
  },
  "iceandfire:iceandfire/kill_ghost": {
    "criteria": {
      "killed_fire_dragon": "2024-09-16 00:54:50 +0000"
    },
    "done": true
  },
  "alexsmobs:alexsmobs/grizzly_bear": {
    "criteria": {
      "killed_by": "2024-09-16 00:46:46 +0000"
    },
    "done": true
  },
  "spelunkery:recipes/rough_emerald": {
    "criteria": {
      "has_item": "2024-09-16 00:27:39 +0000"
    },
    "done": true
  },
  "DataVersion": 3465
}