{
  "iceandfire:iceandfire/root": {
    "criteria": {
      "tick": "2024-09-14 23:17:59 +0000"
    },
    "done": true
  },
  "biomesoplenty:biomesoplenty/all_biomes": {
    "criteria": {
      "auroral_garden": "2024-09-14 23:24:58 +0000",
      "snowy_coniferous_forest": "2024-09-14 23:17:59 +0000",
      "snowy_fir_clearing": "2024-09-14 23:18:48 +0000"
    },
    "done": false
  },
  "betterdungeons:root": {
    "criteria": {
      "always": "2024-09-14 23:17:59 +0000"
    },
    "done": true
  },
  "minecraft:adventure/adventuring_time": {
    "criteria": {
      "minecraft:frozen_river": "2024-09-14 23:18:47 +0000",
      "minecraft:sunflower_plains": "2024-09-14 23:24:04 +0000",
      "minecraft:plains": "2024-09-14 23:24:21 +0000"
    },
    "done": false
  },
  "farmersdelight:main/root": {
    "criteria": {
      "seeds": "2024-09-14 23:18:01 +0000"
    },
    "done": true
  },
  "create:root": {
    "criteria": {
      "0": "2024-09-14 23:18:01 +0000"
    },
    "done": true
  },
  "betterdeserttemples:root": {
    "criteria": {
      "always": "2024-09-14 23:17:59 +0000"
    },
    "done": true
  },
  "cataclysm:root": {
    "criteria": {
      "custom_test_name": "2024-09-14 23:17:59 +0000"
    },
    "done": true
  },
  "biomesoplenty:biomesoplenty/root": {
    "criteria": {
      "snowy_coniferous_forest": "2024-09-14 23:17:59 +0000"
    },
    "done": true
  },
  "DataVersion": 3465
}