{
  "iceandfire:iceandfire/root": {
    "criteria": {
      "tick": "2024-09-14 23:32:24 +0000"
    },
    "done": true
  },
  "biomesoplenty:biomesoplenty/all_biomes": {
    "criteria": {
      "old_growth_woodland": "2024-09-14 23:36:06 +0000",
      "mediterranean_forest": "2024-09-14 23:35:17 +0000",
      "spider_nest": "2024-09-14 23:35:30 +0000"
    },
    "done": false
  },
  "betterdungeons:root": {
    "criteria": {
      "always": "2024-09-14 23:32:24 +0000"
    },
    "done": true
  },
  "minecraft:adventure/adventuring_time": {
    "criteria": {
      "minecraft:sunflower_plains": "2024-09-14 23:33:30 +0000",
      "minecraft:river": "2024-09-14 23:35:31 +0000",
      "minecraft:savanna": "2024-09-14 23:35:37 +0000",
      "minecraft:plains": "2024-09-14 23:32:24 +0000"
    },
    "done": false
  },
  "farmersdelight:main/root": {
    "criteria": {
      "seeds": "2024-09-14 23:36:43 +0000"
    },
    "done": true
  },
  "create:root": {
    "criteria": {
      "0": "2024-09-14 23:36:43 +0000"
    },
    "done": true
  },
  "betterdeserttemples:root": {
    "criteria": {
      "always": "2024-09-14 23:32:24 +0000"
    },
    "done": true
  },
  "cataclysm:root": {
    "criteria": {
      "custom_test_name": "2024-09-14 23:32:24 +0000"
    },
    "done": true
  },
  "biomesoplenty:biomesoplenty/root": {
    "criteria": {
      "mediterranean_forest": "2024-09-14 23:35:17 +0000"
    },
    "done": true
  },
  "DataVersion": 3465
}