{
  "iceandfire:iceandfire/root": {
    "criteria": {
      "tick": "2024-09-15 00:17:16 +0000"
    },
    "done": true
  },
  "betterdungeons:root": {
    "criteria": {
      "always": "2024-09-15 00:17:16 +0000"
    },
    "done": true
  },
  "minecraft:adventure/adventuring_time": {
    "criteria": {
      "minecraft:cherry_grove": "2024-09-15 00:40:50 +0000",
      "minecraft:sunflower_plains": "2024-09-15 00:17:16 +0000",
      "minecraft:savanna_plateau": "2024-09-15 02:17:49 +0000",
      "minecraft:stony_peaks": "2024-09-15 02:22:21 +0000",
      "minecraft:river": "2024-09-15 01:53:32 +0000",
      "minecraft:dripstone_caves": "2024-09-15 03:06:13 +0000",
      "minecraft:deep_dark": "2024-09-15 03:01:40 +0000",
      "minecraft:savanna": "2024-09-15 02:16:26 +0000",
      "minecraft:plains": "2024-09-15 00:58:40 +0000"
    },
    "done": false
  },
  "betterdeserttemples:root": {
    "criteria": {
      "always": "2024-09-15 00:17:16 +0000"
    },
    "done": true
  },
  "cataclysm:root": {
    "criteria": {
      "custom_test_name": "2024-09-15 00:17:16 +0000"
    },
    "done": true
  },
  "farmersdelight:main/root": {
    "criteria": {
      "seeds": "2024-09-15 00:17:19 +0000"
    },
    "done": true
  },
  "create:root": {
    "criteria": {
      "0": "2024-09-15 00:17:19 +0000"
    },
    "done": true
  },
  "minecraft:adventure/root": {
    "criteria": {
      "killed_something": "2024-09-15 00:19:13 +0000"
    },
    "done": true
  },
  "immersive_weathering:immersive_weathering/dirts": {
    "criteria": {
      "grass": "2024-09-15 00:19:59 +0000",
      "dirt": "2024-09-15 00:41:13 +0000"
    },
    "done": false
  },
  "alexsmobs:alexsmobs/rainbow_glass": {
    "criteria": {
      "gustmaker": "2024-09-15 00:28:30 +0000"
    },
    "done": true
  },
  "minecraft:story/root": {
    "criteria": {
      "crafting_table": "2024-09-15 00:41:06 +0000"
    },
    "done": true
  },
  "spelunkery:recipes/stick": {
    "criteria": {
      "has_item": "2024-09-15 00:41:08 +0000"
    },
    "done": true
  },
  "minecraft:story/mine_stone": {
    "criteria": {
      "get_stone": "2024-09-15 00:41:21 +0000"
    },
    "done": true
  },
  "minecraft:story/upgrade_tools": {
    "criteria": {
      "stone_pickaxe": "2024-09-15 00:41:36 +0000"
    },
    "done": true
  },
  "spelunkery:recipes/coal": {
    "criteria": {
      "has_item": "2024-09-15 00:42:52 +0000"
    },
    "done": true
  },
  "spelunkery:recipes/raw_iron": {
    "criteria": {
      "has_item": "2024-09-15 00:43:49 +0000"
    },
    "done": true
  },
  "minecraft:story/smelt_iron": {
    "criteria": {
      "iron": "2024-09-15 00:44:35 +0000"
    },
    "done": true
  },
  "minecraft:story/iron_tools": {
    "criteria": {
      "iron_pickaxe": "2024-09-15 00:45:01 +0000"
    },
    "done": true
  },
  "minecraft:adventure/kill_all_mobs": {
    "criteria": {
      "minecraft:pillager": "2024-09-15 01:55:31 +0000",
      "minecraft:skeleton": "2024-09-15 00:48:21 +0000",
      "minecraft:vindicator": "2024-09-15 02:18:55 +0000",
      "minecraft:spider": "2024-09-15 00:50:11 +0000",
      "minecraft:creeper": "2024-09-15 00:45:30 +0000",
      "minecraft:slime": "2024-09-15 02:39:33 +0000",
      "quark:forgotten": "2024-09-15 03:06:28 +0000",
      "minecraft:witch": "2024-09-15 03:56:15 +0000",
      "minecraft:cave_spider": "2024-09-15 02:37:52 +0000",
      "minecraft:piglin": "2024-09-15 04:56:41 +0000",
      "minecraft:enderman": "2024-09-15 03:49:28 +0000",
      "minecraft:silverfish": "2024-09-15 03:52:38 +0000",
      "minecraft:zombie": "2024-09-15 00:45:20 +0000",
      "minecraft:drowned": "2024-09-15 02:08:43 +0000",
      "minecraft:zombie_villager": "2024-09-15 03:33:31 +0000"
    },
    "done": false
  },
  "minecraft:adventure/kill_a_mob": {
    "criteria": {
      "minecraft:zombie": "2024-09-15 00:45:20 +0000"
    },
    "done": true
  },
  "spelunkery:recipes/gunpowder": {
    "criteria": {
      "has_item": "2024-09-15 00:45:31 +0000"
    },
    "done": true
  },
  "spelunkery:spelunkery/rough_gem": {
    "criteria": {
      "item": "2024-09-15 00:46:33 +0000"
    },
    "done": true
  },
  "spelunkery:recipes/rough_lazurite": {
    "criteria": {
      "has_item": "2024-09-15 00:46:33 +0000"
    },
    "done": true
  },
  "spelunkery:recipes/raw_gold": {
    "criteria": {
      "has_item": "2024-09-15 00:48:07 +0000"
    },
    "done": true
  },
  "minecraft:story/deflect_arrow": {
    "criteria": {
      "deflected_projectile": "2024-09-15 00:48:19 +0000"
    },
    "done": true
  },
  "spelunkery:recipes/raw_iron_nugget": {
    "criteria": {
      "has_item": "2024-09-15 00:49:48 +0000"
    },
    "done": true
  },
  "minecraft:husbandry/balanced_diet": {
    "criteria": {
      "cooked_porkchop": "2024-09-15 00:50:16 +0000",
      "cooked_mutton": "2024-09-15 01:12:23 +0000",
      "apple": "2024-09-15 01:05:32 +0000",
      "bread": "2024-09-15 02:05:21 +0000",
      "mushroom_stew": "2024-09-15 03:44:17 +0000"
    },
    "done": false
  },
  "minecraft:husbandry/root": {
    "criteria": {
      "consumed_item": "2024-09-15 00:50:16 +0000"
    },
    "done": true
  },
  "minecraft:story/obtain_armor": {
    "criteria": {
      "iron_chestplate": "2024-09-15 00:52:11 +0000"
    },
    "done": true
  },
  "spelunkery:recipes/rough_diamond": {
    "criteria": {
      "has_item": "2024-09-15 00:55:18 +0000"
    },
    "done": true
  },
  "spelunkery:spelunkery/rough_diamond": {
    "criteria": {
      "item": "2024-09-15 00:55:18 +0000"
    },
    "done": true
  },
  "spelunkery:recipes/rough_emerald": {
    "criteria": {
      "has_item": "2024-09-15 00:55:39 +0000"
    },
    "done": true
  },
  "nova_structures:adventure/find_all_illager_structures": {
    "criteria": {
      "illager_camp": "2024-09-15 01:02:19 +0000"
    },
    "done": false
  },
  "spelunkery:recipes/emerald": {
    "criteria": {
      "has_item": "2024-09-15 01:02:20 +0000"
    },
    "done": true
  },
  "minecraft:story/shiny_gear": {
    "criteria": {
      "diamond_boots": "2024-09-15 01:06:08 +0000"
    },
    "done": true
  },
  "spelunkery:recipes/diamond": {
    "criteria": {
      "has_item": "2024-09-15 01:06:26 +0000"
    },
    "done": true
  },
  "minecraft:story/mine_diamond": {
    "criteria": {
      "diamond": "2024-09-15 01:06:26 +0000"
    },
    "done": true
  },
  "spelunkery:recipes/obsidian": {
    "criteria": {
      "has_item": "2024-09-15 01:06:34 +0000"
    },
    "done": true
  },
  "minecraft:story/form_obsidian": {
    "criteria": {
      "obsidian": "2024-09-15 01:06:34 +0000"
    },
    "done": true
  },
  "spelunkery:recipes/inkcap_mushroom": {
    "criteria": {
      "has_item": "2024-09-15 01:14:36 +0000"
    },
    "done": true
  },
  "biomesoplenty:biomesoplenty/all_biomes": {
    "criteria": {
      "woodland": "2024-09-15 02:22:56 +0000",
      "shrubland": "2024-09-15 01:52:50 +0000",
      "scrubland": "2024-09-15 02:22:50 +0000",
      "erupting_inferno": "2024-09-15 02:04:19 +0000",
      "highland": "2024-09-15 02:26:35 +0000",
      "clover_patch": "2024-09-15 01:55:59 +0000",
      "old_growth_woodland": "2024-09-15 02:16:01 +0000",
      "lavender_forest": "2024-09-15 01:21:14 +0000",
      "moor": "2024-09-15 02:13:35 +0000",
      "mediterranean_forest": "2024-09-15 02:24:00 +0000",
      "spider_nest": "2024-09-15 02:15:19 +0000",
      "redwood_forest": "2024-09-15 01:55:00 +0000",
      "volcano": "2024-09-15 02:49:49 +0000",
      "pasture": "2024-09-15 01:52:35 +0000",
      "volcanic_plains": "2024-09-15 02:14:59 +0000",
      "lavender_field": "2024-09-15 01:52:09 +0000",
      "grassland": "2024-09-15 02:36:03 +0000",
      "glowing_grotto": "2024-09-15 02:32:59 +0000",
      "rainforest": "2024-09-15 02:25:17 +0000"
    },
    "done": false
  },
  "biomesoplenty:biomesoplenty/root": {
    "criteria": {
      "lavender_forest": "2024-09-15 01:21:14 +0000"
    },
    "done": true
  },
  "spelunkery:recipes/phosphor_fungus": {
    "criteria": {
      "has_item": "2024-09-15 02:35:54 +0000"
    },
    "done": true
  },
  "betterarcheology:loot_vase_broken": {
    "criteria": {
      "criteria": "2024-09-15 01:55:43 +0000"
    },
    "done": true
  },
  "spelunkery:spelunkery/conk_fungus": {
    "criteria": {
      "item": "2024-09-15 04:14:59 +0000"
    },
    "done": true
  },
  "minecraft:adventure/avoid_vibration": {
    "criteria": {
      "avoid_vibration": "2024-09-15 03:01:37 +0000"
    },
    "done": true
  },
  "artifacts:chest_slayer": {
    "criteria": {
      "kill_mimic": "2024-09-15 03:57:06 +0000"
    },
    "done": true
  },
  "minecraft:adventure/sleep_in_bed": {
    "criteria": {
      "slept_in_bed": "2024-09-15 02:00:31 +0000"
    },
    "done": true
  },
  "spelunkery:recipes/raw_copper": {
    "criteria": {
      "has_item": "2024-09-15 02:37:12 +0000"
    },
    "done": true
  },
  "spelunkery:recipes/raw_magnetite_nugget": {
    "criteria": {
      "has_item": "2024-09-15 03:42:27 +0000"
    },
    "done": true
  },
  "minecraft:story/enchant_item": {
    "criteria": {
      "enchanted_item": "2024-09-15 03:20:31 +0000"
    },
    "done": true
  },
  "spelunkery:recipes/minecart": {
    "criteria": {
      "has_item": "2024-09-15 03:57:26 +0000"
    },
    "done": true
  },
  "spelunkery:recipes/rough_diamond_shard": {
    "criteria": {
      "has_item": "2024-09-15 03:02:58 +0000"
    },
    "done": true
  },
  "artifacts:amateur_archaeologist": {
    "criteria": {
      "find_artifact": "2024-09-15 03:57:08 +0000"
    },
    "done": true
  },
  "spelunkery:recipes/glow_ink_sac": {
    "criteria": {
      "has_item": "2024-09-15 03:29:30 +0000"
    },
    "done": true
  },
  "iceandfire:iceandfire/kill_ghost": {
    "criteria": {
      "killed_fire_dragon": "2024-09-15 01:50:56 +0000"
    },
    "done": true
  },
  "minecraft:adventure/kill_mob_near_sculk_catalyst": {
    "criteria": {
      "kill_mob_near_sculk_catalyst": "2024-09-15 03:46:14 +0000"
    },
    "done": true
  },
  "farmersdelight:main/craft_knife": {
    "criteria": {
      "iron_knife": "2024-09-15 05:01:31 +0000"
    },
    "done": true
  },
  "spelunkery:recipes/lapis_lazuli_shard": {
    "criteria": {
      "has_item": "2024-09-15 03:31:22 +0000"
    },
    "done": true
  },
  "minecraft:nether/root": {
    "criteria": {
      "entered_nether": "2024-09-15 02:04:12 +0000"
    },
    "done": true
  },
  "iceandfire:iceandfire/bestiary": {
    "criteria": {
      "bestiary": "2024-09-15 04:53:05 +0000"
    },
    "done": true
  },
  "spelunkery:recipes/copper_ingot": {
    "criteria": {
      "has_item": "2024-09-15 02:25:05 +0000"
    },
    "done": true
  },
  "friendsandfoes:adventure/summon_copper_golem": {
    "criteria": {
      "summoned_golem": "2024-09-15 03:18:28 +0000"
    },
    "done": true
  },
  "spelunkery:recipes/flint": {
    "criteria": {
      "has_item": "2024-09-15 02:02:44 +0000"
    },
    "done": true
  },
  "minecraft:story/enter_the_nether": {
    "criteria": {
      "entered_nether": "2024-09-15 02:04:12 +0000"
    },
    "done": true
  },
  "alexsmobs:alexsmobs/root": {
    "criteria": {
      "useitem": "2024-09-15 04:53:11 +0000"
    },
    "done": true
  },
  "farmersdelight:main/eat_comfort_food": {
    "criteria": {
      "comfort": "2024-09-15 03:44:17 +0000"
    },
    "done": true
  },
  "farmersdelight:main/plant_all_crops": {
    "criteria": {
      "sugar_cane": "2024-09-15 02:54:31 +0000",
      "potato": "2024-09-15 04:45:30 +0000"
    },
    "done": false
  },
  "farmersdelight:main/use_cutting_board": {
    "criteria": {
      "cutting_board": "2024-09-15 05:04:01 +0000"
    },
    "done": true
  },
  "create:copper": {
    "criteria": {
      "0": "2024-09-15 02:25:05 +0000"
    },
    "done": true
  },
  "alexsmobs:alexsmobs/sopa_de_macaco": {
    "criteria": {
      "sopa_de_macaco": "2024-09-15 04:54:03 +0000"
    },
    "done": true
  },
  "spelunkery:recipes/raw_gold_nugget": {
    "criteria": {
      "has_item": "2024-09-15 03:43:53 +0000"
    },
    "done": true
  },
  "farmersdelight:main/get_fd_seed": {
    "criteria": {
      "onion": "2024-09-15 02:14:37 +0000"
    },
    "done": true
  },
  "alexsmobs:alexsmobs/crocodile": {
    "criteria": {
      "killed_by": "2024-09-15 01:58:19 +0000"
    },
    "done": true
  },
  "spelunkery:recipes/rough_lazurite_block": {
    "criteria": {
      "has_item": "2024-09-15 02:45:17 +0000"
    },
    "done": true
  },
  "spelunkery:recipes/quartz": {
    "criteria": {
      "has_item": "2024-09-15 04:56:45 +0000"
    },
    "done": true
  },
  "spelunkery:recipes/rough_lazurite_shard": {
    "criteria": {
      "has_item": "2024-09-15 02:34:37 +0000"
    },
    "done": true
  },
  "DataVersion": 3465
}