{
  "iceandfire:iceandfire/root": {
    "criteria": {
      "tick": "2024-09-15 00:17:16 +0000"
    },
    "done": true
  },
  "betterdungeons:root": {
    "criteria": {
      "always": "2024-09-15 00:17:16 +0000"
    },
    "done": true
  },
  "betterdeserttemples:root": {
    "criteria": {
      "always": "2024-09-15 00:17:16 +0000"
    },
    "done": true
  },
  "cataclysm:root": {
    "criteria": {
      "custom_test_name": "2024-09-15 00:17:16 +0000"
    },
    "done": true
  },
  "minecraft:adventure/adventuring_time": {
    "criteria": {
      "minecraft:snowy_slopes": "2024-09-15 05:16:09 +0000",
      "minecraft:cherry_grove": "2024-09-15 00:40:46 +0000",
      "minecraft:sunflower_plains": "2024-09-15 00:17:16 +0000",
      "minecraft:savanna_plateau": "2024-09-15 02:16:27 +0000",
      "minecraft:beach": "2024-09-15 04:16:31 +0000",
      "minecraft:stony_peaks": "2024-09-15 02:22:07 +0000",
      "minecraft:river": "2024-09-15 01:07:24 +0000",
      "minecraft:stony_shore": "2024-09-16 01:43:45 +0000",
      "minecraft:dripstone_caves": "2024-09-15 00:51:19 +0000",
      "minecraft:grove": "2024-09-15 05:16:07 +0000",
      "minecraft:forest": "2024-09-15 01:13:21 +0000",
      "minecraft:flower_forest": "2024-09-15 01:08:08 +0000",
      "minecraft:deep_dark": "2024-09-15 03:45:15 +0000",
      "minecraft:meadow": "2024-09-15 05:16:18 +0000",
      "minecraft:savanna": "2024-09-15 02:15:50 +0000",
      "minecraft:plains": "2024-09-15 00:43:58 +0000"
    },
    "done": false
  },
  "farmersdelight:main/root": {
    "criteria": {
      "seeds": "2024-09-15 00:17:19 +0000"
    },
    "done": true
  },
  "create:root": {
    "criteria": {
      "0": "2024-09-15 00:17:19 +0000"
    },
    "done": true
  },
  "immersive_weathering:immersive_weathering/dirts": {
    "criteria": {
      "grass": "2024-09-15 00:39:14 +0000",
      "dirt": "2024-09-15 01:37:35 +0000",
      "silt": "2024-09-15 04:55:33 +0000",
      "soul_soil": "2024-09-15 23:49:27 +0000",
      "earthen_clay": "2024-09-15 22:38:28 +0000"
    },
    "done": false
  },
  "minecraft:story/root": {
    "criteria": {
      "crafting_table": "2024-09-15 00:41:26 +0000"
    },
    "done": true
  },
  "spelunkery:recipes/stick": {
    "criteria": {
      "has_item": "2024-09-15 00:41:27 +0000"
    },
    "done": true
  },
  "minecraft:husbandry/root": {
    "criteria": {
      "consumed_item": "2024-09-15 00:41:28 +0000"
    },
    "done": true
  },
  "alexsmobs:alexsmobs/root": {
    "criteria": {
      "useitem": "2024-09-15 00:41:28 +0000"
    },
    "done": true
  },
  "minecraft:story/mine_stone": {
    "criteria": {
      "get_stone": "2024-09-15 00:41:44 +0000"
    },
    "done": true
  },
  "minecraft:story/upgrade_tools": {
    "criteria": {
      "stone_pickaxe": "2024-09-15 00:42:15 +0000"
    },
    "done": true
  },
  "minecraft:adventure/root": {
    "criteria": {
      "killed_something": "2024-09-15 00:43:23 +0000"
    },
    "done": true
  },
  "spelunkery:recipes/coal": {
    "criteria": {
      "has_item": "2024-09-15 00:43:32 +0000"
    },
    "done": true
  },
  "spelunkery:recipes/raw_iron": {
    "criteria": {
      "has_item": "2024-09-15 00:44:50 +0000"
    },
    "done": true
  },
  "minecraft:adventure/kill_all_mobs": {
    "criteria": {
      "minecraft:pillager": "2024-09-15 02:57:58 +0000",
      "minecraft:skeleton": "2024-09-15 00:51:16 +0000",
      "minecraft:magma_cube": "2024-09-15 22:59:09 +0000",
      "minecraft:spider": "2024-09-15 00:51:07 +0000",
      "minecraft:creeper": "2024-09-15 02:48:42 +0000",
      "minecraft:slime": "2024-09-15 03:43:52 +0000",
      "minecraft:phantom": "2024-09-15 22:25:50 +0000",
      "minecraft:zombified_piglin": "2024-09-15 23:13:00 +0000",
      "minecraft:wither_skeleton": "2024-09-15 23:33:07 +0000",
      "minecraft:cave_spider": "2024-09-15 03:40:14 +0000",
      "minecraft:piglin": "2024-09-15 22:55:07 +0000",
      "minecraft:enderman": "2024-09-15 01:17:09 +0000",
      "minecraft:zombie": "2024-09-15 00:46:51 +0000",
      "quark:foxhound": "2024-09-15 23:03:41 +0000"
    },
    "done": false
  },
  "minecraft:adventure/kill_a_mob": {
    "criteria": {
      "minecraft:zombie": "2024-09-15 00:46:51 +0000"
    },
    "done": true
  },
  "minecraft:husbandry/balanced_diet": {
    "criteria": {
      "cooked_porkchop": "2024-09-15 02:03:31 +0000",
      "cooked_mutton": "2024-09-15 00:49:31 +0000",
      "cooked_beef": "2024-09-15 03:40:32 +0000",
      "beef": "2024-09-15 02:28:04 +0000",
      "baked_potato": "2024-09-16 00:41:04 +0000",
      "apple": "2024-09-15 21:29:59 +0000",
      "bread": "2024-09-15 01:11:45 +0000",
      "golden_apple": "2024-09-15 23:03:45 +0000",
      "rotten_flesh": "2024-09-15 00:51:55 +0000",
      "golden_carrot": "2024-09-15 23:24:36 +0000"
    },
    "done": false
  },
  "minecraft:story/smelt_iron": {
    "criteria": {
      "iron": "2024-09-15 00:50:17 +0000"
    },
    "done": true
  },
  "minecraft:story/iron_tools": {
    "criteria": {
      "iron_pickaxe": "2024-09-15 00:50:46 +0000"
    },
    "done": true
  },
  "minecraft:story/deflect_arrow": {
    "criteria": {
      "deflected_projectile": "2024-09-15 00:51:12 +0000"
    },
    "done": true
  },
  "spelunkery:spelunkery/rough_gem": {
    "criteria": {
      "item": "2024-09-15 00:52:19 +0000"
    },
    "done": true
  },
  "spelunkery:recipes/rough_emerald": {
    "criteria": {
      "has_item": "2024-09-15 00:52:19 +0000"
    },
    "done": true
  },
  "minecraft:story/obtain_armor": {
    "criteria": {
      "iron_helmet": "2024-09-15 00:56:15 +0000"
    },
    "done": true
  },
  "spelunkery:recipes/raw_iron_nugget": {
    "criteria": {
      "has_item": "2024-09-15 01:01:37 +0000"
    },
    "done": true
  },
  "spelunkery:recipes/raw_gold": {
    "criteria": {
      "has_item": "2024-09-15 01:02:17 +0000"
    },
    "done": true
  },
  "spelunkery:recipes/inkcap_mushroom": {
    "criteria": {
      "has_item": "2024-09-15 01:02:45 +0000"
    },
    "done": true
  },
  "spelunkery:recipes/raw_magnetite_nugget": {
    "criteria": {
      "has_item": "2024-09-15 01:05:52 +0000"
    },
    "done": true
  },
  "spelunkery:recipes/raw_gold_nugget": {
    "criteria": {
      "has_item": "2024-09-15 01:06:48 +0000"
    },
    "done": true
  },
  "biomesoplenty:biomesoplenty/all_biomes": {
    "criteria": {
      "woodland": "2024-09-16 00:36:58 +0000",
      "shrubland": "2024-09-15 01:21:29 +0000",
      "rocky_shrubland": "2024-09-15 01:25:59 +0000",
      "scrubland": "2024-09-15 02:22:20 +0000",
      "erupting_inferno": "2024-09-15 22:51:19 +0000",
      "highland": "2024-09-15 01:53:59 +0000",
      "jade_cliffs": "2024-09-15 05:12:13 +0000",
      "clover_patch": "2024-09-15 01:32:52 +0000",
      "old_growth_woodland": "2024-09-15 02:15:13 +0000",
      "maple_woods": "2024-09-15 04:17:21 +0000",
      "crystalline_chasm": "2024-09-15 22:57:16 +0000",
      "orchard": "2024-09-15 05:10:43 +0000",
      "field": "2024-09-16 01:42:29 +0000",
      "lavender_forest": "2024-09-15 01:24:45 +0000",
      "moor": "2024-09-15 01:32:20 +0000",
      "spider_nest": "2024-09-15 03:39:33 +0000",
      "forested_field": "2024-09-15 04:16:25 +0000",
      "volcano": "2024-09-15 02:25:08 +0000",
      "pasture": "2024-09-15 01:21:25 +0000",
      "rocky_rainforest": "2024-09-15 02:25:15 +0000",
      "volcanic_plains": "2024-09-15 02:14:57 +0000",
      "lavender_field": "2024-09-15 01:20:47 +0000",
      "grassland": "2024-09-15 01:32:46 +0000",
      "prairie": "2024-09-15 01:08:22 +0000",
      "rainforest": "2024-09-15 02:34:00 +0000"
    },
    "done": false
  },
  "biomesoplenty:biomesoplenty/root": {
    "criteria": {
      "prairie": "2024-09-15 01:08:22 +0000"
    },
    "done": true
  },
  "minecraft:story/shiny_gear": {
    "criteria": {
      "diamond_boots": "2024-09-15 01:14:21 +0000"
    },
    "done": true
  },
  "spelunkery:recipes/diamond": {
    "criteria": {
      "has_item": "2024-09-15 01:15:45 +0000"
    },
    "done": true
  },
  "minecraft:story/mine_diamond": {
    "criteria": {
      "diamond": "2024-09-15 01:15:45 +0000"
    },
    "done": true
  },
  "spelunkery:recipes/gunpowder": {
    "criteria": {
      "has_item": "2024-09-15 01:18:07 +0000"
    },
    "done": true
  },
  "minecraft:adventure/sleep_in_bed": {
    "criteria": {
      "slept_in_bed": "2024-09-15 01:33:38 +0000"
    },
    "done": true
  },
  "farmersdelight:main/plant_all_crops": {
    "criteria": {
      "sugar_cane": "2024-09-15 01:58:14 +0000",
      "wheat": "2024-09-16 01:03:54 +0000"
    },
    "done": false
  },
  "minecraft:husbandry/wax_off": {
    "criteria": {
      "wax_off": "2024-09-15 02:00:02 +0000"
    },
    "done": true
  },
  "friendsandfoes:adventure/summon_copper_golem": {
    "criteria": {
      "summoned_golem": "2024-09-15 02:00:11 +0000"
    },
    "done": true
  },
  "nova_structures:adventure/find_all_illager_structures": {
    "criteria": {
      "illager_camp": "2024-09-15 02:18:32 +0000"
    },
    "done": false
  },
  "iceandfire:iceandfire/kill_ghost": {
    "criteria": {
      "killed_fire_dragon": "2024-09-15 02:26:00 +0000"
    },
    "done": true
  },
  "immersive_weathering:immersive_weathering/bark_off": {
    "criteria": {
      "wax_off": "2024-09-15 02:45:31 +0000"
    },
    "done": true
  },
  "friendsandfoes:adventure/it_bites": {
    "criteria": {
      "killed_mauler": "2024-09-15 03:00:23 +0000"
    },
    "done": true
  },
  "iceandfire:iceandfire/lectern": {
    "criteria": {
      "bestiary": "2024-09-15 03:01:43 +0000"
    },
    "done": true
  },
  "iceandfire:iceandfire/bestiary": {
    "criteria": {
      "bestiary": "2024-09-15 03:01:48 +0000"
    },
    "done": true
  },
  "minecraft:adventure/avoid_vibration": {
    "criteria": {
      "avoid_vibration": "2024-09-15 03:45:13 +0000"
    },
    "done": true
  },
  "minecraft:adventure/kill_mob_near_sculk_catalyst": {
    "criteria": {
      "kill_mob_near_sculk_catalyst": "2024-09-15 03:45:52 +0000"
    },
    "done": true
  },
  "spelunkery:recipes/emerald": {
    "criteria": {
      "has_item": "2024-09-15 03:52:20 +0000"
    },
    "done": true
  },
  "spelunkery:recipes/rough_lazurite": {
    "criteria": {
      "has_item": "2024-09-15 03:54:17 +0000"
    },
    "done": true
  },
  "spelunkery:recipes/rough_lazurite_shard": {
    "criteria": {
      "has_item": "2024-09-15 03:54:17 +0000"
    },
    "done": true
  },
  "spelunkery:recipes/rough_diamond": {
    "criteria": {
      "has_item": "2024-09-15 03:56:00 +0000"
    },
    "done": true
  },
  "spelunkery:recipes/rough_diamond_shard": {
    "criteria": {
      "has_item": "2024-09-15 03:56:00 +0000"
    },
    "done": true
  },
  "spelunkery:spelunkery/rough_diamond": {
    "criteria": {
      "item": "2024-09-15 03:56:00 +0000"
    },
    "done": true
  },
  "alexsmobs:alexsmobs/sopa_de_macaco": {
    "criteria": {
      "sopa_de_macaco": "2024-09-15 04:54:03 +0000"
    },
    "done": true
  },
  "farmersdelight:main/craft_knife": {
    "criteria": {
      "iron_knife": "2024-09-15 05:05:40 +0000"
    },
    "done": true
  },
  "farmersdelight:main/use_cutting_board": {
    "criteria": {
      "cutting_board": "2024-09-15 05:05:41 +0000"
    },
    "done": true
  },
  "farmersdelight:main/get_fd_seed": {
    "criteria": {
      "onion": "2024-09-15 05:15:06 +0000"
    },
    "done": true
  },
  "farmersdelight:main/harvest_straw": {
    "criteria": {
      "harvest_straw": "2024-09-15 05:15:17 +0000"
    },
    "done": true
  },
  "spelunkery:recipes/rough_cinnabar": {
    "criteria": {
      "has_item": "2024-09-15 21:14:17 +0000"
    },
    "done": true
  },
  "spelunkery:recipes/nephrite_chunk": {
    "criteria": {
      "has_item": "2024-09-15 21:19:57 +0000"
    },
    "done": true
  },
  "spelunkery:spelunkery/nephrite_chunk": {
    "criteria": {
      "item": "2024-09-15 21:19:57 +0000"
    },
    "done": true
  },
  "artifacts:amateur_archaeologist": {
    "criteria": {
      "find_artifact": "2024-09-15 21:23:26 +0000"
    },
    "done": true
  },
  "quark:get_diamond_heart": {
    "criteria": {
      "get_diamond_heart": "2024-09-15 21:24:40 +0000"
    },
    "done": true
  },
  "spelunkery:recipes/charcoal": {
    "criteria": {
      "has_item": "2024-09-15 22:01:14 +0000"
    },
    "done": true
  },
  "farmersdelight:main/eat_nourishing_food": {
    "criteria": {
      "nourishment": "2024-09-15 22:13:07 +0000"
    },
    "done": true
  },
  "spelunkery:recipes/raw_copper": {
    "criteria": {
      "has_item": "2024-09-15 22:17:31 +0000"
    },
    "done": true
  },
  "quark:throw_pickarang": {
    "criteria": {
      "throw_pickarang": "2024-09-15 22:26:04 +0000"
    },
    "done": true
  },
  "alexsmobs:alexsmobs/emu": {
    "criteria": {
      "killed_by": "2024-09-15 22:40:12 +0000"
    },
    "done": true
  },
  "spelunkery:spelunkery/rock_salt": {
    "criteria": {
      "item": "2024-09-15 22:44:01 +0000"
    },
    "done": true
  },
  "spelunkery:recipes/rock_salt": {
    "criteria": {
      "has_item": "2024-09-15 22:44:01 +0000"
    },
    "done": true
  },
  "nova_structures:root": {
    "criteria": {
      "nova_structures:adventure/find_tavern": "2024-09-15 22:46:30 +0000"
    },
    "done": true
  },
  "nova_structures:adventure/find_tavern": {
    "criteria": {
      "nova_structures:tavern_oak": "2024-09-15 22:46:30 +0000"
    },
    "done": true
  },
  "nova_structures:adventure/tavern_quest": {
    "criteria": {
      "open_tavern_chest": "2024-09-15 22:47:03 +0000"
    },
    "done": true
  },
  "minecraft:nether/root": {
    "criteria": {
      "entered_nether": "2024-09-15 22:51:19 +0000"
    },
    "done": true
  },
  "minecraft:story/enter_the_nether": {
    "criteria": {
      "entered_nether": "2024-09-15 22:51:19 +0000"
    },
    "done": true
  },
  "minecraft:nether/explore_nether": {
    "criteria": {
      "minecraft:nether_wastes": "2024-09-15 22:53:48 +0000",
      "minecraft:soul_sand_valley": "2024-09-15 22:58:15 +0000",
      "minecraft:basalt_deltas": "2024-09-15 22:59:07 +0000"
    },
    "done": false
  },
  "minecraft:nether/find_bastion": {
    "criteria": {
      "bastion": "2024-09-15 23:07:06 +0000"
    },
    "done": true
  },
  "minecraft:nether/obtain_crying_obsidian": {
    "criteria": {
      "crying_obsidian": "2024-09-15 23:16:17 +0000"
    },
    "done": true
  },
  "minecraft:nether/loot_bastion": {
    "criteria": {
      "loot_bastion_other": "2024-09-15 23:31:33 +0000"
    },
    "done": true
  },
  "minecraft:nether/obtain_ancient_debris": {
    "criteria": {
      "ancient_debris": "2024-09-15 23:31:34 +0000"
    },
    "done": true
  },
  "spelunkery:recipes/obsidian": {
    "criteria": {
      "has_item": "2024-09-15 23:31:39 +0000"
    },
    "done": true
  },
  "minecraft:story/form_obsidian": {
    "criteria": {
      "obsidian": "2024-09-15 23:31:39 +0000"
    },
    "done": true
  },
  "nova_structures:nether/find_skeleton_tower": {
    "criteria": {
      "nova_structures:nether_skeleton_tower_soul": "2024-09-15 23:33:16 +0000"
    },
    "done": false
  },
  "nova_structures:nether/find_nether_skeleton": {
    "criteria": {
      "nova_structures:nether_skeleton_tower_soul": "2024-09-15 23:33:16 +0000"
    },
    "done": false
  },
  "spelunkery:recipes/flint": {
    "criteria": {
      "has_item": "2024-09-15 23:40:16 +0000"
    },
    "done": true
  },
  "spelunkery:spelunkery/conk_fungus": {
    "criteria": {
      "item": "2024-09-16 00:54:24 +0000"
    },
    "done": true
  },
  "minecraft:husbandry/plant_seed": {
    "criteria": {
      "wheat": "2024-09-16 01:03:54 +0000"
    },
    "done": true
  },
  "minecraft:husbandry/bred_all_animals": {
    "criteria": {
      "minecraft:cow": "2024-09-16 01:04:08 +0000",
      "minecraft:sheep": "2024-09-16 01:04:12 +0000"
    },
    "done": false
  },
  "minecraft:husbandry/breed_an_animal": {
    "criteria": {
      "bred": "2024-09-16 01:04:08 +0000"
    },
    "done": true
  },
  "DataVersion": 3465
}