{
  "iceandfire:iceandfire/root": {
    "criteria": {
      "tick": "2024-09-14 23:32:24 +0000"
    },
    "done": true
  },
  "betterdungeons:root": {
    "criteria": {
      "always": "2024-09-14 23:32:24 +0000"
    },
    "done": true
  },
  "farmersdelight:main/root": {
    "criteria": {
      "seeds": "2024-09-14 23:32:54 +0000"
    },
    "done": true
  },
  "create:root": {
    "criteria": {
      "0": "2024-09-14 23:32:54 +0000"
    },
    "done": true
  },
  "betterdeserttemples:root": {
    "criteria": {
      "always": "2024-09-14 23:32:24 +0000"
    },
    "done": true
  },
  "cataclysm:root": {
    "criteria": {
      "custom_test_name": "2024-09-14 23:32:24 +0000"
    },
    "done": true
  },
  "biomesoplenty:biomesoplenty/all_biomes": {
    "criteria": {
      "mediterranean_forest": "2024-09-14 23:35:38 +0000",
      "snowy_coniferous_forest": "2024-09-14 23:32:25 +0000"
    },
    "done": false
  },
  "biomesoplenty:biomesoplenty/root": {
    "criteria": {
      "snowy_coniferous_forest": "2024-09-14 23:32:25 +0000"
    },
    "done": true
  },
  "minecraft:adventure/adventuring_time": {
    "criteria": {
      "minecraft:cherry_grove": "2024-09-14 23:34:14 +0000",
      "minecraft:sunflower_plains": "2024-09-14 23:32:50 +0000",
      "minecraft:river": "2024-09-14 23:35:34 +0000",
      "minecraft:savanna": "2024-09-14 23:35:40 +0000",
      "minecraft:plains": "2024-09-14 23:32:30 +0000"
    },
    "done": false
  },
  "immersive_weathering:immersive_weathering/dirts": {
    "criteria": {
      "grass": "2024-09-14 23:32:57 +0000",
      "dirt": "2024-09-14 23:35:53 +0000"
    },
    "done": false
  },
  "DataVersion": 3465
}