{
  "iceandfire:iceandfire/root": {
    "criteria": {
      "tick": "2024-09-14 23:37:22 +0000"
    },
    "done": true
  },
  "betterdungeons:root": {
    "criteria": {
      "always": "2024-09-14 23:37:22 +0000"
    },
    "done": true
  },
  "farmersdelight:main/root": {
    "criteria": {
      "seeds": "2024-09-14 23:37:23 +0000"
    },
    "done": true
  },
  "create:root": {
    "criteria": {
      "0": "2024-09-14 23:37:23 +0000"
    },
    "done": true
  },
  "betterdeserttemples:root": {
    "criteria": {
      "always": "2024-09-14 23:37:22 +0000"
    },
    "done": true
  },
  "cataclysm:root": {
    "criteria": {
      "custom_test_name": "2024-09-14 23:37:22 +0000"
    },
    "done": true
  },
  "create:wrench_goggles": {
    "criteria": {
      "0": "2024-09-14 23:56:18 +0000"
    },
    "done": false
  },
  "minecraft:adventure/adventuring_time": {
    "criteria": {
      "minecraft:sunflower_plains": "2024-09-14 23:37:22 +0000",
      "minecraft:plains": "2024-09-14 23:42:45 +0000"
    },
    "done": false
  },
  "immersive_weathering:immersive_weathering/dirts": {
    "criteria": {
      "grass": "2024-09-14 23:41:55 +0000"
    },
    "done": false
  },
  "create:extendo_grip": {
    "criteria": {
      "0": "2024-09-14 23:56:26 +0000"
    },
    "done": true
  },
  "DataVersion": 3465
}