{
  "iceandfire:iceandfire/root": {
    "criteria": {
      "tick": "2024-09-15 00:17:16 +0000"
    },
    "done": true
  },
  "betterdungeons:root": {
    "criteria": {
      "always": "2024-09-15 00:17:16 +0000"
    },
    "done": true
  },
  "betterdeserttemples:root": {
    "criteria": {
      "always": "2024-09-15 00:17:16 +0000"
    },
    "done": true
  },
  "cataclysm:root": {
    "criteria": {
      "custom_test_name": "2024-09-15 00:17:16 +0000"
    },
    "done": true
  },
  "minecraft:adventure/adventuring_time": {
    "criteria": {
      "minecraft:cherry_grove": "2024-09-15 00:40:46 +0000",
      "minecraft:sunflower_plains": "2024-09-15 00:17:16 +0000",
      "minecraft:savanna_plateau": "2024-09-15 02:16:27 +0000",
      "minecraft:stony_peaks": "2024-09-15 02:22:07 +0000",
      "minecraft:river": "2024-09-15 01:07:24 +0000",
      "minecraft:dripstone_caves": "2024-09-15 00:51:19 +0000",
      "minecraft:forest": "2024-09-15 01:13:21 +0000",
      "minecraft:flower_forest": "2024-09-15 01:08:08 +0000",
      "minecraft:savanna": "2024-09-15 02:15:50 +0000",
      "minecraft:plains": "2024-09-15 00:43:58 +0000"
    },
    "done": false
  },
  "farmersdelight:main/root": {
    "criteria": {
      "seeds": "2024-09-15 00:17:19 +0000"
    },
    "done": true
  },
  "create:root": {
    "criteria": {
      "0": "2024-09-15 00:17:19 +0000"
    },
    "done": true
  },
  "immersive_weathering:immersive_weathering/dirts": {
    "criteria": {
      "grass": "2024-09-15 00:39:14 +0000",
      "dirt": "2024-09-15 01:37:35 +0000"
    },
    "done": false
  },
  "minecraft:story/root": {
    "criteria": {
      "crafting_table": "2024-09-15 00:41:26 +0000"
    },
    "done": true
  },
  "spelunkery:recipes/stick": {
    "criteria": {
      "has_item": "2024-09-15 00:41:27 +0000"
    },
    "done": true
  },
  "minecraft:husbandry/root": {
    "criteria": {
      "consumed_item": "2024-09-15 00:41:28 +0000"
    },
    "done": true
  },
  "alexsmobs:alexsmobs/root": {
    "criteria": {
      "useitem": "2024-09-15 00:41:28 +0000"
    },
    "done": true
  },
  "minecraft:story/mine_stone": {
    "criteria": {
      "get_stone": "2024-09-15 00:41:44 +0000"
    },
    "done": true
  },
  "minecraft:story/upgrade_tools": {
    "criteria": {
      "stone_pickaxe": "2024-09-15 00:42:15 +0000"
    },
    "done": true
  },
  "minecraft:adventure/root": {
    "criteria": {
      "killed_something": "2024-09-15 00:43:23 +0000"
    },
    "done": true
  },
  "spelunkery:recipes/coal": {
    "criteria": {
      "has_item": "2024-09-15 00:43:32 +0000"
    },
    "done": true
  },
  "spelunkery:recipes/raw_iron": {
    "criteria": {
      "has_item": "2024-09-15 00:44:50 +0000"
    },
    "done": true
  },
  "minecraft:adventure/kill_all_mobs": {
    "criteria": {
      "minecraft:skeleton": "2024-09-15 00:51:16 +0000",
      "minecraft:spider": "2024-09-15 00:51:07 +0000",
      "minecraft:enderman": "2024-09-15 01:17:09 +0000",
      "minecraft:zombie": "2024-09-15 00:46:51 +0000"
    },
    "done": false
  },
  "minecraft:adventure/kill_a_mob": {
    "criteria": {
      "minecraft:zombie": "2024-09-15 00:46:51 +0000"
    },
    "done": true
  },
  "minecraft:husbandry/balanced_diet": {
    "criteria": {
      "cooked_porkchop": "2024-09-15 02:03:31 +0000",
      "cooked_mutton": "2024-09-15 00:49:31 +0000",
      "beef": "2024-09-15 02:28:04 +0000",
      "bread": "2024-09-15 01:11:45 +0000",
      "rotten_flesh": "2024-09-15 00:51:55 +0000"
    },
    "done": false
  },
  "minecraft:story/smelt_iron": {
    "criteria": {
      "iron": "2024-09-15 00:50:17 +0000"
    },
    "done": true
  },
  "minecraft:story/iron_tools": {
    "criteria": {
      "iron_pickaxe": "2024-09-15 00:50:46 +0000"
    },
    "done": true
  },
  "minecraft:story/deflect_arrow": {
    "criteria": {
      "deflected_projectile": "2024-09-15 00:51:12 +0000"
    },
    "done": true
  },
  "spelunkery:spelunkery/rough_gem": {
    "criteria": {
      "item": "2024-09-15 00:52:19 +0000"
    },
    "done": true
  },
  "spelunkery:recipes/rough_emerald": {
    "criteria": {
      "has_item": "2024-09-15 00:52:19 +0000"
    },
    "done": true
  },
  "minecraft:story/obtain_armor": {
    "criteria": {
      "iron_helmet": "2024-09-15 00:56:15 +0000"
    },
    "done": true
  },
  "spelunkery:recipes/raw_iron_nugget": {
    "criteria": {
      "has_item": "2024-09-15 01:01:37 +0000"
    },
    "done": true
  },
  "spelunkery:recipes/raw_gold": {
    "criteria": {
      "has_item": "2024-09-15 01:02:17 +0000"
    },
    "done": true
  },
  "spelunkery:recipes/inkcap_mushroom": {
    "criteria": {
      "has_item": "2024-09-15 01:02:45 +0000"
    },
    "done": true
  },
  "spelunkery:recipes/raw_magnetite_nugget": {
    "criteria": {
      "has_item": "2024-09-15 01:05:52 +0000"
    },
    "done": true
  },
  "spelunkery:recipes/raw_gold_nugget": {
    "criteria": {
      "has_item": "2024-09-15 01:06:48 +0000"
    },
    "done": true
  },
  "biomesoplenty:biomesoplenty/all_biomes": {
    "criteria": {
      "shrubland": "2024-09-15 01:21:29 +0000",
      "rocky_shrubland": "2024-09-15 01:25:59 +0000",
      "scrubland": "2024-09-15 02:22:20 +0000",
      "highland": "2024-09-15 01:53:59 +0000",
      "clover_patch": "2024-09-15 01:32:52 +0000",
      "old_growth_woodland": "2024-09-15 02:15:13 +0000",
      "lavender_forest": "2024-09-15 01:24:45 +0000",
      "moor": "2024-09-15 01:32:20 +0000",
      "volcano": "2024-09-15 02:25:08 +0000",
      "pasture": "2024-09-15 01:21:25 +0000",
      "rocky_rainforest": "2024-09-15 02:25:15 +0000",
      "volcanic_plains": "2024-09-15 02:14:57 +0000",
      "lavender_field": "2024-09-15 01:20:47 +0000",
      "grassland": "2024-09-15 01:32:46 +0000",
      "prairie": "2024-09-15 01:08:22 +0000",
      "rainforest": "2024-09-15 02:34:00 +0000"
    },
    "done": false
  },
  "biomesoplenty:biomesoplenty/root": {
    "criteria": {
      "prairie": "2024-09-15 01:08:22 +0000"
    },
    "done": true
  },
  "minecraft:story/shiny_gear": {
    "criteria": {
      "diamond_boots": "2024-09-15 01:14:21 +0000"
    },
    "done": true
  },
  "spelunkery:recipes/diamond": {
    "criteria": {
      "has_item": "2024-09-15 01:15:45 +0000"
    },
    "done": true
  },
  "minecraft:story/mine_diamond": {
    "criteria": {
      "diamond": "2024-09-15 01:15:45 +0000"
    },
    "done": true
  },
  "spelunkery:recipes/gunpowder": {
    "criteria": {
      "has_item": "2024-09-15 01:18:07 +0000"
    },
    "done": true
  },
  "minecraft:adventure/sleep_in_bed": {
    "criteria": {
      "slept_in_bed": "2024-09-15 01:33:38 +0000"
    },
    "done": true
  },
  "minecraft:husbandry/wax_off": {
    "criteria": {
      "wax_off": "2024-09-15 02:00:02 +0000"
    },
    "done": true
  },
  "nova_structures:adventure/find_all_illager_structures": {
    "criteria": {
      "illager_camp": "2024-09-15 02:18:32 +0000"
    },
    "done": false
  },
  "iceandfire:iceandfire/kill_ghost": {
    "criteria": {
      "killed_fire_dragon": "2024-09-15 02:26:00 +0000"
    },
    "done": true
  },
  "friendsandfoes:adventure/summon_copper_golem": {
    "criteria": {
      "summoned_golem": "2024-09-15 02:00:11 +0000"
    },
    "done": true
  },
  "farmersdelight:main/plant_all_crops": {
    "criteria": {
      "sugar_cane": "2024-09-15 01:58:14 +0000"
    },
    "done": false
  },
  "DataVersion": 3465
}